time,q_cms
2020-01-01 00:00:00,3.3413877
2020-01-01 01:00:00,3.3413877
2020-01-01 02:00:00,3.3413877
2020-01-01 03:00:00,3.3413877
2020-01-01 04:00:00,3.3413877
2020-01-01 05:00:00,3.3413877
2020-01-01 06:00:00,3.3413877
2020-01-01 07:00:00,3.3413877
2020-01-01 08:00:00,3.3413877
2020-01-01 09:00:00,3.1714869
2020-01-01 10:00:00,3.0582194
2020-01-01 11:00:00,2.944952
2020-01-01 12:00:00,2.8883183
2020-01-01 13:00:00,2.8316846
2020-01-01 14:00:00,2.6731102
2020-01-01 15:00:00,2.6731102
2020-01-01 16:00:00,2.8316846
2020-01-01 17:00:00,3.5962396
2020-01-01 18:00:00,3.4829721
2020-01-01 19:00:00,3.3413877
2020-01-01 20:00:00,3.3413877
2020-01-01 21:00:00,3.3980215
2020-01-01 22:00:00,3.5396059
2020-01-01 23:00:00,3.879408
2020-01-02 00:00:00,3.9360416
2020-01-02 01:00:00,3.9926753
2020-01-02 02:00:00,3.879408
2020-01-02 03:00:00,3.7944574
2020-01-02 04:00:00,3.652873
2020-01-02 05:00:00,3.7378237
2020-01-02 06:00:00,3.5962396
2020-01-02 07:00:00,3.5962396
2020-01-02 08:00:00,3.5396059
2020-01-02 09:00:00,3.5962396
2020-01-02 10:00:00,3.652873
2020-01-02 11:00:00,3.5962396
2020-01-02 12:00:00,3.5962396
2020-01-02 13:00:00,3.5396059
2020-01-02 14:00:00,3.5396059
2020-01-02 15:00:00,3.5396059
2020-01-02 16:00:00,3.5396059
2020-01-02 17:00:00,3.4829721
2020-01-02 18:00:00,3.4829721
2020-01-02 19:00:00,3.5396059
2020-01-02 20:00:00,3.5962396
2020-01-02 21:00:00,3.7378237
2020-01-02 22:00:00,3.7378237
2020-01-02 23:00:00,3.5962396
2020-01-03 00:00:00,3.5962396
2020-01-03 01:00:00,3.5396059
2020-01-03 02:00:00,3.3980215
2020-01-03 03:00:00,3.3980215
2020-01-03 04:00:00,3.3980215
2020-01-03 05:00:00,3.3413877
2020-01-03 06:00:00,3.3413877
2020-01-03 07:00:00,3.3413877
2020-01-03 08:00:00,3.3413877
2020-01-03 09:00:00,3.284754
2020-01-03 10:00:00,3.284754
2020-01-03 11:00:00,3.284754
2020-01-03 12:00:00,3.3413877
2020-01-03 13:00:00,3.284754
2020-01-03 14:00:00,3.284754
2020-01-03 15:00:00,3.2281206
2020-01-03 16:00:00,3.284754
2020-01-03 17:00:00,3.2281206
2020-01-03 18:00:00,3.284754
2020-01-03 19:00:00,3.284754
2020-01-03 20:00:00,3.2281206
2020-01-03 21:00:00,3.284754
2020-01-03 22:00:00,3.2281206
2020-01-03 23:00:00,3.2281206
2020-01-04 00:00:00,3.2281206
2020-01-04 01:00:00,3.2281206
2020-01-04 02:00:00,3.2281206
2020-01-04 03:00:00,3.1714869
2020-01-04 04:00:00,3.2281206
2020-01-04 05:00:00,3.2281206
2020-01-04 06:00:00,3.2281206
2020-01-04 07:00:00,3.2281206
2020-01-04 08:00:00,3.2281206
2020-01-04 09:00:00,3.2281206
2020-01-04 10:00:00,3.1714869
2020-01-04 11:00:00,3.1714869
2020-01-04 12:00:00,3.1714869
2020-01-04 13:00:00,3.1714869
2020-01-04 14:00:00,3.1714869
2020-01-04 15:00:00,3.1714869
2020-01-04 16:00:00,3.1714869
2020-01-04 17:00:00,3.1148531
2020-01-04 18:00:00,3.1714869
2020-01-04 19:00:00,3.1714869
2020-01-04 20:00:00,3.1714869
2020-01-04 21:00:00,3.2281206
2020-01-04 22:00:00,3.2281206
2020-01-04 23:00:00,3.2281206
2020-01-05 00:00:00,3.1714869
2020-01-05 01:00:00,3.1714869
2020-01-05 02:00:00,3.1714869
2020-01-05 03:00:00,3.1714869
2020-01-05 04:00:00,3.1714869
2020-01-05 05:00:00,3.1714869
2020-01-05 06:00:00,3.1714869
2020-01-05 07:00:00,3.0582194
2020-01-05 08:00:00,2.8316846
2020-01-05 09:00:00,2.6731102
2020-01-05 10:00:00,2.7269123
2020-01-05 11:00:00,2.7778826
2020-01-05 12:00:00,2.7778826
2020-01-05 13:00:00,2.7778826
2020-01-05 14:00:00,2.7269123
2020-01-05 15:00:00,2.7269123
2020-01-05 16:00:00,2.62214
2020-01-05 17:00:00,2.62214
2020-01-05 18:00:00,2.7269123
2020-01-05 19:00:00,2.8316846
2020-01-05 20:00:00,3.0582194
2020-01-05 21:00:00,3.2281206
2020-01-05 22:00:00,3.0582194
2020-01-05 23:00:00,3.1148531
2020-01-06 00:00:00,3.1714869
2020-01-06 01:00:00,3.3413877
2020-01-06 02:00:00,3.3980215
2020-01-06 03:00:00,3.284754
2020-01-06 04:00:00,3.0582194
2020-01-06 05:00:00,2.944952
2020-01-06 06:00:00,2.944952
2020-01-06 07:00:00,3.1148531
2020-01-06 08:00:00,3.3980215
2020-01-06 09:00:00,3.4829721
2020-01-06 10:00:00,3.3413877
2020-01-06 11:00:00,3.3413877
2020-01-06 12:00:00,3.284754
2020-01-06 13:00:00,3.2281206
2020-01-06 14:00:00,3.0582194
2020-01-06 15:00:00,3.0582194
2020-01-06 16:00:00,3.1148531
2020-01-06 17:00:00,3.1148531
2020-01-06 18:00:00,3.1714869
2020-01-06 19:00:00,3.284754
2020-01-06 20:00:00,3.3413877
2020-01-06 21:00:00,3.3413877
2020-01-06 22:00:00,3.2281206
2020-01-06 23:00:00,2.944952
2020-01-07 00:00:00,3.0582194
2020-01-07 01:00:00,2.6731102
2020-01-07 02:00:00,2.7778826
2020-01-07 03:00:00,2.8316846
2020-01-07 04:00:00,2.7778826
2020-01-07 05:00:00,2.7778826
2020-01-07 06:00:00,3.1148531
2020-01-07 07:00:00,3.0582194
2020-01-07 08:00:00,3.1148531
2020-01-07 09:00:00,3.1148531
2020-01-07 10:00:00,3.0582194
2020-01-07 11:00:00,3.1148531
2020-01-07 12:00:00,3.1148531
2020-01-07 13:00:00,3.1714869
2020-01-07 14:00:00,3.2281206
2020-01-07 15:00:00,3.1714869
2020-01-07 16:00:00,3.1148531
2020-01-07 17:00:00,3.1714869
2020-01-07 18:00:00,3.1714869
2020-01-07 19:00:00,3.2281206
2020-01-07 20:00:00,3.3413877
2020-01-07 21:00:00,3.4829721
2020-01-07 22:00:00,3.652873
2020-01-07 23:00:00,3.7378237
2020-01-08 00:00:00,3.7378237
2020-01-08 01:00:00,3.7944574
2020-01-08 02:00:00,3.7378237
2020-01-08 03:00:00,3.652873
2020-01-08 04:00:00,3.5396059
2020-01-08 05:00:00,3.5396059
2020-01-08 06:00:00,3.5396059
2020-01-08 07:00:00,3.5962396
2020-01-08 08:00:00,3.5396059
2020-01-08 09:00:00,3.5396059
2020-01-08 10:00:00,3.4829721
2020-01-08 11:00:00,3.4829721
2020-01-08 12:00:00,3.3980215
2020-01-08 13:00:00,3.3980215
2020-01-08 14:00:00,3.3980215
2020-01-08 15:00:00,3.3413877
2020-01-08 16:00:00,3.284754
2020-01-08 17:00:00,3.2281206
2020-01-08 18:00:00,3.2281206
2020-01-08 19:00:00,3.1714869
2020-01-08 20:00:00,3.1714869
2020-01-08 21:00:00,3.2281206
2020-01-08 22:00:00,3.2281206
2020-01-08 23:00:00,3.2281206
2020-01-09 00:00:00,3.2281206
2020-01-09 01:00:00,3.2281206
2020-01-09 02:00:00,3.2281206
2020-01-09 03:00:00,3.2281206
2020-01-09 04:00:00,3.1714869
2020-01-09 05:00:00,3.1714869
2020-01-09 06:00:00,3.1714869
2020-01-09 07:00:00,3.2281206
2020-01-09 08:00:00,3.1714869
2020-01-09 09:00:00,3.1714869
2020-01-09 10:00:00,3.1714869
2020-01-09 11:00:00,3.2281206
2020-01-09 12:00:00,3.2281206
2020-01-09 13:00:00,3.1714869
2020-01-09 14:00:00,3.2281206
2020-01-09 15:00:00,3.2281206
2020-01-09 16:00:00,3.2281206
2020-01-09 17:00:00,3.1714869
2020-01-09 18:00:00,3.1714869
2020-01-09 19:00:00,3.2281206
2020-01-09 20:00:00,3.2281206
2020-01-09 21:00:00,3.2281206
2020-01-09 22:00:00,3.1714869
2020-01-09 23:00:00,3.2281206
2020-01-10 00:00:00,3.2281206
2020-01-10 01:00:00,3.2281206
2020-01-10 02:00:00,3.1714869
2020-01-10 03:00:00,3.1714869
2020-01-10 04:00:00,3.2281206
2020-01-10 05:00:00,3.1714869
2020-01-10 06:00:00,3.1714869
2020-01-10 07:00:00,3.1714869
2020-01-10 08:00:00,3.1714869
2020-01-10 09:00:00,3.1148531
2020-01-10 10:00:00,3.1714869
2020-01-10 11:00:00,2.8883183
2020-01-10 12:00:00,2.6731102
2020-01-10 13:00:00,2.62214
2020-01-10 14:00:00,2.6731102
2020-01-10 15:00:00,2.6731102
2020-01-10 16:00:00,2.62214
2020-01-10 17:00:00,2.62214
2020-01-10 18:00:00,2.4720607
2020-01-10 19:00:00,2.3757834
2020-01-10 20:00:00,2.3276446
2020-01-10 21:00:00,2.4720607
2020-01-10 22:00:00,2.6731102
2020-01-10 23:00:00,2.4720607
2020-01-11 00:00:00,2.3757834
2020-01-11 01:00:00,2.423922
2020-01-11 02:00:00,2.5201993
2020-01-11 03:00:00,2.423922
2020-01-11 04:00:00,2.3757834
2020-01-11 05:00:00,2.2823377
2020-01-11 06:00:00,2.2823377
2020-01-11 07:00:00,2.1917238
2020-01-11 08:00:00,2.0614665
2020-01-11 09:00:00,1.9340407
2020-01-11 10:00:00,1.894397
2020-01-11 11:00:00,1.9340407
2020-01-11 12:00:00,1.8547534
2020-01-11 13:00:00,1.7782979
2020-01-11 14:00:00,1.7386544
2020-01-11 15:00:00,1.7386544
2020-01-11 16:00:00,1.7782979
2020-01-11 17:00:00,1.894397
2020-01-11 18:00:00,2.1039417
2020-01-11 19:00:00,2.2370307
2020-01-11 20:00:00,2.2823377
2020-01-11 21:00:00,2.2823377
2020-01-11 22:00:00,2.3757834
2020-01-11 23:00:00,2.6731102
2020-01-12 00:00:00,2.7269123
2020-01-12 01:00:00,2.7778826
2020-01-12 02:00:00,2.944952
2020-01-12 03:00:00,2.8883183
2020-01-12 04:00:00,2.8883183
2020-01-12 05:00:00,3.0582194
2020-01-12 06:00:00,3.1148531
2020-01-12 07:00:00,3.1148531
2020-01-12 08:00:00,3.0582194
2020-01-12 09:00:00,3.1148531
2020-01-12 10:00:00,3.0582194
2020-01-12 11:00:00,3.1148531
2020-01-12 12:00:00,3.1148531
2020-01-12 13:00:00,3.1714869
2020-01-12 14:00:00,3.284754
2020-01-12 15:00:00,3.0582194
2020-01-12 16:00:00,2.7778826
2020-01-12 17:00:00,2.6731102
2020-01-12 18:00:00,2.7778826
2020-01-12 19:00:00,3.0015857
2020-01-12 20:00:00,3.1148531
2020-01-12 21:00:00,3.1714869
2020-01-12 22:00:00,7.36238
2020-01-12 23:00:00,5.323567
2020-01-13 00:00:00,4.0776258
2020-01-13 01:00:00,3.4829721
2020-01-13 02:00:00,3.284754
2020-01-13 03:00:00,3.2281206
2020-01-13 04:00:00,3.1714869
2020-01-13 05:00:00,3.2281206
2020-01-13 06:00:00,3.1714869
2020-01-13 07:00:00,3.1148531
2020-01-13 08:00:00,3.1148531
2020-01-13 09:00:00,3.0015857
2020-01-13 10:00:00,2.944952
2020-01-13 11:00:00,2.8883183
2020-01-13 12:00:00,3.0015857
2020-01-13 13:00:00,2.944952
2020-01-13 14:00:00,2.944952
2020-01-13 15:00:00,3.0015857
2020-01-13 16:00:00,2.944952
2020-01-13 17:00:00,2.944952
2020-01-13 18:00:00,2.944952
2020-01-13 19:00:00,2.8883183
2020-01-13 20:00:00,2.8883183
2020-01-13 21:00:00,3.0015857
2020-01-13 22:00:00,3.1714869
2020-01-13 23:00:00,3.2281206
2020-01-14 00:00:00,3.284754
2020-01-14 01:00:00,3.284754
2020-01-14 02:00:00,3.2281206
2020-01-14 03:00:00,3.1714869
2020-01-14 04:00:00,3.2281206
2020-01-14 05:00:00,3.1714869
2020-01-14 06:00:00,3.1148531
2020-01-14 07:00:00,3.1148531
2020-01-14 08:00:00,3.1148531
2020-01-14 09:00:00,3.1148531
2020-01-14 10:00:00,3.0015857
2020-01-14 11:00:00,3.0015857
2020-01-14 12:00:00,2.8883183
2020-01-14 13:00:00,2.8316846
2020-01-14 14:00:00,2.8316846
2020-01-14 15:00:00,2.62214
2020-01-14 16:00:00,2.4720607
2020-01-14 17:00:00,2.4720607
2020-01-14 18:00:00,2.7778826
2020-01-14 19:00:00,2.7778826
2020-01-14 20:00:00,2.7778826
2020-01-14 21:00:00,2.8883183
2020-01-14 22:00:00,3.2281206
2020-01-14 23:00:00,3.5396059
2020-01-15 00:00:00,3.5396059
2020-01-15 01:00:00,3.4829721
2020-01-15 02:00:00,3.284754
2020-01-15 03:00:00,3.3413877
2020-01-15 04:00:00,3.2281206
2020-01-15 05:00:00,3.1714869
2020-01-15 06:00:00,3.0582194
2020-01-15 07:00:00,3.0015857
2020-01-15 08:00:00,3.0015857
2020-01-15 09:00:00,3.0015857
2020-01-15 10:00:00,2.8883183
2020-01-15 11:00:00,2.8316846
2020-01-15 12:00:00,2.8316846
2020-01-15 13:00:00,2.7778826
2020-01-15 14:00:00,2.6731102
2020-01-15 15:00:00,2.6731102
2020-01-15 16:00:00,2.62214
2020-01-15 17:00:00,2.5711696
2020-01-15 18:00:00,2.7778826
2020-01-15 19:00:00,2.8883183
2020-01-15 20:00:00,3.0582194
2020-01-15 21:00:00,2.6731102
2020-01-15 22:00:00,2.7778826
2020-01-15 23:00:00,3.0582194
2020-01-16 00:00:00,3.1714869
2020-01-16 01:00:00,3.0015857
2020-01-16 02:00:00,2.944952
2020-01-16 03:00:00,2.8883183
2020-01-16 04:00:00,2.8316846
2020-01-16 05:00:00,2.7778826
2020-01-16 06:00:00,2.7269123
2020-01-16 07:00:00,2.6731102
2020-01-16 08:00:00,2.62214
2020-01-16 09:00:00,2.5711696
2020-01-16 10:00:00,2.5201993
2020-01-16 11:00:00,2.5201993
2020-01-16 12:00:00,2.5711696
2020-01-16 13:00:00,2.5711696
2020-01-16 14:00:00,2.5711696
2020-01-16 15:00:00,2.5711696
2020-01-16 16:00:00,2.5711696
2020-01-16 17:00:00,2.62214
2020-01-16 18:00:00,2.7269123
2020-01-16 19:00:00,2.8883183
2020-01-16 20:00:00,3.0582194
2020-01-16 21:00:00,3.2281206
2020-01-16 22:00:00,3.284754
2020-01-16 23:00:00,3.3980215
2020-01-17 00:00:00,3.3980215
2020-01-17 01:00:00,3.3413877
2020-01-17 02:00:00,3.284754
2020-01-17 03:00:00,3.2281206
2020-01-17 04:00:00,3.1714869
2020-01-17 05:00:00,3.2281206
2020-01-17 06:00:00,3.1714869
2020-01-17 07:00:00,3.1714869
2020-01-17 08:00:00,3.2281206
2020-01-17 09:00:00,3.284754
2020-01-17 10:00:00,3.3413877
2020-01-17 11:00:00,3.3980215
2020-01-17 12:00:00,3.3413877
2020-01-17 13:00:00,3.284754
2020-01-17 14:00:00,3.284754
2020-01-17 15:00:00,3.1714869
2020-01-17 16:00:00,3.1148531
2020-01-17 17:00:00,3.2281206
2020-01-17 18:00:00,3.3413877
2020-01-17 19:00:00,3.3980215
2020-01-17 20:00:00,3.3413877
2020-01-17 21:00:00,3.284754
2020-01-17 22:00:00,3.3980215
2020-01-17 23:00:00,3.5962396
2020-01-18 00:00:00,3.7378237
2020-01-18 01:00:00,3.7378237
2020-01-18 02:00:00,3.652873
2020-01-18 03:00:00,3.5396059
2020-01-18 04:00:00,3.3980215
2020-01-18 05:00:00,3.3413877
2020-01-18 06:00:00,3.2281206
2020-01-18 07:00:00,3.2281206
2020-01-18 08:00:00,3.1148531
2020-01-18 09:00:00,3.1714869
2020-01-18 10:00:00,3.1714869
2020-01-18 11:00:00,3.1714869
2020-01-18 12:00:00,3.2281206
2020-01-18 13:00:00,3.2281206
2020-01-18 14:00:00,3.284754
2020-01-18 15:00:00,3.284754
2020-01-18 16:00:00,3.284754
2020-01-18 17:00:00,3.3413877
2020-01-18 18:00:00,3.4829721
2020-01-18 19:00:00,3.652873
2020-01-18 20:00:00,3.652873
2020-01-18 21:00:00,3.5396059
2020-01-18 22:00:00,3.3413877
2020-01-18 23:00:00,3.4829721
2020-01-19 00:00:00,3.5396059
2020-01-19 01:00:00,3.5396059
2020-01-19 02:00:00,3.5396059
2020-01-19 03:00:00,3.4829721
2020-01-19 04:00:00,3.3980215
2020-01-19 05:00:00,3.3980215
2020-01-19 06:00:00,3.3413877
2020-01-19 07:00:00,3.284754
2020-01-19 08:00:00,3.2281206
2020-01-19 09:00:00,3.2281206
2020-01-19 10:00:00,3.2281206
2020-01-19 11:00:00,3.1714869
2020-01-19 12:00:00,3.2281206
2020-01-19 13:00:00,3.2281206
2020-01-19 14:00:00,3.0582194
2020-01-19 15:00:00,3.1714869
2020-01-19 16:00:00,3.1714869
2020-01-19 17:00:00,3.2281206
2020-01-19 18:00:00,3.3413877
2020-01-19 19:00:00,3.1714869
2020-01-19 20:00:00,3.2281206
2020-01-19 21:00:00,3.3980215
2020-01-19 22:00:00,3.652873
2020-01-19 23:00:00,3.7944574
2020-01-20 00:00:00,3.7944574
2020-01-20 01:00:00,3.7378237
2020-01-20 02:00:00,3.4829721
2020-01-20 03:00:00,3.5396059
2020-01-20 04:00:00,3.4829721
2020-01-20 05:00:00,3.4829721
2020-01-20 06:00:00,3.3980215
2020-01-20 07:00:00,3.3980215
2020-01-20 08:00:00,3.3413877
2020-01-20 09:00:00,3.3413877
2020-01-20 10:00:00,3.284754
2020-01-20 11:00:00,3.2281206
2020-01-20 12:00:00,3.284754
2020-01-20 13:00:00,3.284754
2020-01-20 14:00:00,3.284754
2020-01-20 15:00:00,3.2281206
2020-01-20 16:00:00,3.2281206
2020-01-20 17:00:00,3.284754
2020-01-20 18:00:00,3.284754
2020-01-20 19:00:00,3.3980215
2020-01-20 20:00:00,3.2281206
2020-01-20 21:00:00,3.1714869
2020-01-20 22:00:00,3.3413877
2020-01-20 23:00:00,3.4829721
2020-01-21 00:00:00,3.5962396
2020-01-21 01:00:00,3.5396059
2020-01-21 02:00:00,3.5396059
2020-01-21 03:00:00,3.5396059
2020-01-21 04:00:00,3.4829721
2020-01-21 05:00:00,3.4829721
2020-01-21 06:00:00,3.3413877
2020-01-21 07:00:00,3.3413877
2020-01-21 08:00:00,3.284754
2020-01-21 09:00:00,3.284754
2020-01-21 10:00:00,3.284754
2020-01-21 11:00:00,3.3413877
2020-01-21 12:00:00,3.3413877
2020-01-21 13:00:00,3.3413877
2020-01-21 14:00:00,3.284754
2020-01-21 15:00:00,3.284754
2020-01-21 16:00:00,3.284754
2020-01-21 17:00:00,3.284754
2020-01-21 18:00:00,3.284754
2020-01-21 19:00:00,3.284754
2020-01-21 20:00:00,3.3413877
2020-01-21 21:00:00,3.3980215
2020-01-21 22:00:00,3.4829721
2020-01-21 23:00:00,3.4829721
2020-01-22 00:00:00,3.5396059
2020-01-22 01:00:00,3.5396059
2020-01-22 02:00:00,3.4829721
2020-01-22 03:00:00,3.5396059
2020-01-22 04:00:00,3.4829721
2020-01-22 05:00:00,3.5396059
2020-01-22 06:00:00,3.5962396
2020-01-22 07:00:00,3.4829721
2020-01-22 08:00:00,3.5396059
2020-01-22 09:00:00,3.5396059
2020-01-22 10:00:00,3.5396059
2020-01-22 11:00:00,3.5396059
2020-01-22 12:00:00,3.5396059
2020-01-22 13:00:00,3.5962396
2020-01-22 14:00:00,3.5962396
2020-01-22 15:00:00,3.5962396
2020-01-22 16:00:00,3.5396059
2020-01-22 17:00:00,3.4829721
2020-01-22 18:00:00,3.4829721
2020-01-22 19:00:00,3.4829721
2020-01-22 20:00:00,3.5396059
2020-01-22 21:00:00,3.5962396
2020-01-22 22:00:00,3.5962396
2020-01-22 23:00:00,3.652873
2020-01-23 00:00:00,3.7378237
2020-01-23 01:00:00,3.652873
2020-01-23 02:00:00,3.7378237
2020-01-23 03:00:00,3.652873
2020-01-23 04:00:00,3.5962396
2020-01-23 05:00:00,3.5396059
2020-01-23 06:00:00,3.4829721
2020-01-23 07:00:00,3.3980215
2020-01-23 08:00:00,3.3980215
2020-01-23 09:00:00,3.5396059
2020-01-23 10:00:00,3.5396059
2020-01-23 11:00:00,3.4829721
2020-01-23 12:00:00,3.3980215
2020-01-23 13:00:00,3.3980215
2020-01-23 14:00:00,3.3413877
2020-01-23 15:00:00,3.3413877
2020-01-23 16:00:00,3.3413877
2020-01-23 17:00:00,3.3980215
2020-01-23 18:00:00,3.4829721
2020-01-23 19:00:00,3.3413877
2020-01-23 20:00:00,3.3980215
2020-01-23 21:00:00,3.4829721
2020-01-23 22:00:00,3.3980215
2020-01-23 23:00:00,3.5396059
2020-01-24 00:00:00,3.5396059
2020-01-24 01:00:00,3.5962396
2020-01-24 02:00:00,3.652873
2020-01-24 03:00:00,3.5962396
2020-01-24 04:00:00,3.5396059
2020-01-24 05:00:00,3.5396059
2020-01-24 06:00:00,3.4829721
2020-01-24 07:00:00,3.4829721
2020-01-24 08:00:00,3.4829721
2020-01-24 09:00:00,3.5396059
2020-01-24 10:00:00,3.4829721
2020-01-24 11:00:00,3.3980215
2020-01-24 12:00:00,3.5396059
2020-01-24 13:00:00,3.4829721
2020-01-24 14:00:00,3.5396059
2020-01-24 15:00:00,3.5396059
2020-01-24 16:00:00,3.5396059
2020-01-24 17:00:00,3.3413877
2020-01-24 18:00:00,3.3980215
2020-01-24 19:00:00,3.4829721
2020-01-24 20:00:00,3.5396059
2020-01-24 21:00:00,3.5962396
2020-01-24 22:00:00,3.652873
2020-01-24 23:00:00,3.7944574
2020-01-25 00:00:00,3.7944574
2020-01-25 01:00:00,3.7378237
2020-01-25 02:00:00,3.7944574
2020-01-25 03:00:00,3.7944574
2020-01-25 04:00:00,3.7944574
2020-01-25 05:00:00,3.7944574
2020-01-25 06:00:00,3.7378237
2020-01-25 07:00:00,3.7378237
2020-01-25 08:00:00,3.652873
2020-01-25 09:00:00,3.652873
2020-01-25 10:00:00,3.7378237
2020-01-25 11:00:00,3.652873
2020-01-25 12:00:00,3.7378237
2020-01-25 13:00:00,3.652873
2020-01-25 14:00:00,3.5962396
2020-01-25 15:00:00,3.5962396
2020-01-25 16:00:00,3.652873
2020-01-25 17:00:00,3.5962396
2020-01-25 18:00:00,3.652873
2020-01-25 19:00:00,3.652873
2020-01-25 20:00:00,3.5962396
2020-01-25 21:00:00,3.652873
2020-01-25 22:00:00,3.652873
2020-01-25 23:00:00,3.652873
2020-01-26 00:00:00,3.652873
2020-01-26 01:00:00,3.652873
2020-01-26 02:00:00,3.652873
2020-01-26 03:00:00,3.652873
2020-01-26 04:00:00,3.652873
2020-01-26 05:00:00,3.652873
2020-01-26 06:00:00,3.5962396
2020-01-26 07:00:00,3.5962396
2020-01-26 08:00:00,3.5962396
2020-01-26 09:00:00,3.652873
2020-01-26 10:00:00,3.652873
2020-01-26 11:00:00,3.652873
2020-01-26 12:00:00,3.652873
2020-01-26 13:00:00,3.652873
2020-01-26 14:00:00,3.652873
2020-01-26 15:00:00,3.7378237
2020-01-26 16:00:00,3.7944574
2020-01-26 17:00:00,3.7944574
2020-01-26 18:00:00,3.879408
2020-01-26 19:00:00,3.9360416
2020-01-26 20:00:00,3.9926753
2020-01-26 21:00:00,4.0776258
2020-01-26 22:00:00,4.21921
2020-01-26 23:00:00,4.1342597
2020-01-27 00:00:00,4.445745
2020-01-27 01:00:00,4.360794
2020-01-27 02:00:00,4.360794
2020-01-27 03:00:00,4.445745
2020-01-27 04:00:00,4.5023785
2020-01-27 05:00:00,4.587329
2020-01-27 06:00:00,4.67228
2020-01-27 07:00:00,4.67228
2020-01-27 08:00:00,4.67228
2020-01-27 09:00:00,4.587329
2020-01-27 10:00:00,4.7572303
2020-01-27 11:00:00,4.587329
2020-01-27 12:00:00,4.67228
2020-01-27 13:00:00,4.67228
2020-01-27 14:00:00,4.5023785
2020-01-27 15:00:00,4.5023785
2020-01-27 16:00:00,4.5023785
2020-01-27 17:00:00,4.445745
2020-01-27 18:00:00,4.445745
2020-01-27 19:00:00,4.360794
2020-01-27 20:00:00,4.360794
2020-01-27 21:00:00,4.2758436
2020-01-27 22:00:00,4.2758436
2020-01-27 23:00:00,4.21921
2020-01-28 00:00:00,4.1342597
2020-01-28 01:00:00,4.0776258
2020-01-28 02:00:00,4.0776258
2020-01-28 03:00:00,3.9926753
2020-01-28 04:00:00,3.9926753
2020-01-28 05:00:00,4.0776258
2020-01-28 06:00:00,3.9360416
2020-01-28 07:00:00,3.9926753
2020-01-28 08:00:00,3.9926753
2020-01-28 09:00:00,3.9926753
2020-01-28 10:00:00,3.9926753
2020-01-28 11:00:00,3.9360416
2020-01-28 12:00:00,3.9360416
2020-01-28 13:00:00,3.9926753
2020-01-28 14:00:00,3.9926753
2020-01-28 15:00:00,4.0776258
2020-01-28 16:00:00,4.0776258
2020-01-28 17:00:00,4.1342597
2020-01-28 18:00:00,3.9926753
2020-01-28 19:00:00,3.9926753
2020-01-28 20:00:00,3.9926753
2020-01-28 21:00:00,3.9926753
2020-01-28 22:00:00,3.9926753
2020-01-28 23:00:00,3.9926753
2020-01-29 00:00:00,4.0776258
2020-01-29 01:00:00,4.0776258
2020-01-29 02:00:00,4.0776258
2020-01-29 03:00:00,4.1342597
2020-01-29 04:00:00,3.9926753
2020-01-29 05:00:00,4.0776258
2020-01-29 06:00:00,4.0776258
2020-01-29 07:00:00,4.0776258
2020-01-29 08:00:00,3.9926753
2020-01-29 09:00:00,3.9926753
2020-01-29 10:00:00,3.9360416
2020-01-29 11:00:00,3.9926753
2020-01-29 12:00:00,3.9926753
2020-01-29 13:00:00,3.9926753
2020-01-29 14:00:00,3.9926753
2020-01-29 15:00:00,3.9360416
2020-01-29 16:00:00,3.9360416
2020-01-29 17:00:00,3.879408
2020-01-29 18:00:00,3.879408
2020-01-29 19:00:00,3.7944574
2020-01-29 20:00:00,3.879408
2020-01-29 21:00:00,3.879408
2020-01-29 22:00:00,3.879408
2020-01-29 23:00:00,3.7944574
2020-01-30 00:00:00,3.7944574
2020-01-30 01:00:00,3.7378237
2020-01-30 02:00:00,3.7944574
2020-01-30 03:00:00,3.7944574
2020-01-30 04:00:00,3.7944574
2020-01-30 05:00:00,3.7944574
2020-01-30 06:00:00,3.7944574
2020-01-30 07:00:00,3.879408
2020-01-30 08:00:00,3.879408
2020-01-30 09:00:00,3.879408
2020-01-30 10:00:00,3.7944574
2020-01-30 11:00:00,3.7944574
2020-01-30 12:00:00,3.879408
2020-01-30 13:00:00,3.7378237
2020-01-30 14:00:00,3.7378237
2020-01-30 15:00:00,3.7944574
2020-01-30 16:00:00,3.7378237
2020-01-30 17:00:00,3.7944574
2020-01-30 18:00:00,3.7378237
2020-01-30 19:00:00,3.7378237
2020-01-30 20:00:00,3.7378237
2020-01-30 21:00:00,3.7944574
2020-01-30 22:00:00,3.7944574
2020-01-30 23:00:00,3.7944574
2020-01-31 00:00:00,3.7944574
2020-01-31 01:00:00,3.7378237
2020-01-31 02:00:00,3.7944574
2020-01-31 03:00:00,3.7378237
2020-01-31 04:00:00,3.7944574
2020-01-31 05:00:00,3.7378237
2020-01-31 06:00:00,3.7378237
2020-01-31 07:00:00,3.652873
2020-01-31 08:00:00,3.652873
2020-01-31 09:00:00,3.652873
2020-01-31 10:00:00,3.652873
2020-01-31 11:00:00,3.5962396
2020-01-31 12:00:00,3.5962396
2020-01-31 13:00:00,3.652873
2020-01-31 14:00:00,3.652873
2020-01-31 15:00:00,3.5962396
2020-01-31 16:00:00,3.652873
2020-01-31 17:00:00,3.652873
2020-01-31 18:00:00,3.652873
2020-01-31 19:00:00,3.652873
2020-01-31 20:00:00,3.652873
2020-01-31 21:00:00,3.5962396
2020-01-31 22:00:00,3.5962396
2020-01-31 23:00:00,3.5962396
2020-02-01 00:00:00,3.5962396
2020-02-01 01:00:00,3.652873
2020-02-01 02:00:00,3.5962396
2020-02-01 03:00:00,3.5962396
2020-02-01 04:00:00,3.5962396
2020-02-01 05:00:00,3.5962396
2020-02-01 06:00:00,3.5962396
2020-02-01 07:00:00,3.5962396
2020-02-01 08:00:00,3.5962396
2020-02-01 09:00:00,3.5962396
2020-02-01 10:00:00,3.5962396
2020-02-01 11:00:00,3.5396059
2020-02-01 12:00:00,3.5962396
2020-02-01 13:00:00,3.5962396
2020-02-01 14:00:00,3.5962396
2020-02-01 15:00:00,3.5962396
2020-02-01 16:00:00,3.5396059
2020-02-01 17:00:00,3.5396059
2020-02-01 18:00:00,3.5962396
2020-02-01 19:00:00,3.5396059
2020-02-01 20:00:00,3.5396059
2020-02-01 21:00:00,3.5396059
2020-02-01 22:00:00,3.5396059
2020-02-01 23:00:00,3.5962396
2020-02-02 00:00:00,3.5962396
2020-02-02 01:00:00,3.5396059
2020-02-02 02:00:00,3.5396059
2020-02-02 03:00:00,3.5962396
2020-02-02 04:00:00,3.5962396
2020-02-02 05:00:00,3.5396059
2020-02-02 06:00:00,3.5962396
2020-02-02 07:00:00,3.5962396
2020-02-02 08:00:00,3.5962396
2020-02-02 09:00:00,3.5962396
2020-02-02 10:00:00,3.5962396
2020-02-02 11:00:00,3.5962396
2020-02-02 12:00:00,3.5962396
2020-02-02 13:00:00,3.5962396
2020-02-02 14:00:00,3.5962396
2020-02-02 15:00:00,3.5962396
2020-02-02 16:00:00,3.5962396
2020-02-02 17:00:00,3.5962396
2020-02-02 18:00:00,3.652873
2020-02-02 19:00:00,3.5962396
2020-02-02 20:00:00,3.652873
2020-02-02 21:00:00,3.7378237
2020-02-02 22:00:00,3.652873
2020-02-02 23:00:00,3.652873
2020-02-03 00:00:00,3.652873
2020-02-03 01:00:00,3.652873
2020-02-03 02:00:00,3.652873
2020-02-03 03:00:00,3.652873
2020-02-03 04:00:00,3.652873
2020-02-03 05:00:00,3.652873
2020-02-03 06:00:00,3.652873
2020-02-03 07:00:00,3.652873
2020-02-03 08:00:00,3.5962396
2020-02-03 09:00:00,3.652873
2020-02-03 10:00:00,3.5962396
2020-02-03 11:00:00,3.5962396
2020-02-03 12:00:00,3.5962396
2020-02-03 13:00:00,3.5396059
2020-02-03 14:00:00,3.3413877
2020-02-03 15:00:00,3.1148531
2020-02-03 16:00:00,3.0582194
2020-02-03 17:00:00,3.1714869
2020-02-03 18:00:00,3.3980215
2020-02-03 19:00:00,3.7378237
2020-02-03 20:00:00,3.5396059
2020-02-03 21:00:00,3.3980215
2020-02-03 22:00:00,3.3980215
2020-02-03 23:00:00,3.3980215
2020-02-04 00:00:00,3.3413877
2020-02-04 01:00:00,3.284754
2020-02-04 02:00:00,3.2281206
2020-02-04 03:00:00,3.1714869
2020-02-04 04:00:00,3.1148531
2020-02-04 05:00:00,3.0015857
2020-02-04 06:00:00,2.8316846
2020-02-04 07:00:00,2.2823377
2020-02-04 08:00:00,2.2823377
2020-02-04 09:00:00,2.2823377
2020-02-04 10:00:00,2.3757834
2020-02-04 11:00:00,2.4720607
2020-02-04 12:00:00,2.3757834
2020-02-04 13:00:00,1.894397
2020-02-04 14:00:00,1.8547534
2020-02-04 15:00:00,1.8151098
2020-02-04 16:00:00,1.7782979
2020-02-04 17:00:00,1.7018424
2020-02-04 18:00:00,1.7386544
2020-02-04 19:00:00,1.9368724
2020-02-04 20:00:00,2.109605
2020-02-04 21:00:00,2.290833
2020-02-04 22:00:00,2.3871102
2020-02-04 23:00:00,2.4352489
2020-02-05 00:00:00,2.6362984
2020-02-05 01:00:00,2.6391299
2020-02-05 02:00:00,2.5909915
2020-02-05 03:00:00,2.395605
2020-02-05 04:00:00,2.3049912
2020-02-05 05:00:00,2.2596843
2020-02-05 06:00:00,2.217209
2020-02-05 07:00:00,2.1322587
2020-02-05 08:00:00,2.1322587
2020-02-05 09:00:00,2.2681794
2020-02-05 10:00:00,2.5088725
2020-02-05 11:00:00,2.613645
2020-02-05 12:00:00,2.7184172
2020-02-05 13:00:00,2.7212489
2020-02-05 14:00:00,2.7750509
2020-02-05 15:00:00,2.8316846
2020-02-05 16:00:00,2.944952
2020-02-05 17:00:00,2.944952
2020-02-05 18:00:00,3.0015857
2020-02-05 19:00:00,3.0015857
2020-02-05 20:00:00,3.1714869
2020-02-05 21:00:00,3.3697047
2020-02-05 22:00:00,3.68119
2020-02-05 23:00:00,4.0209923
2020-02-06 00:00:00,4.389111
2020-02-06 01:00:00,4.5590124
2020-02-06 02:00:00,4.643963
2020-02-06 03:00:00,4.5590124
2020-02-06 04:00:00,4.4740615
2020-02-06 05:00:00,4.3324776
2020-02-06 06:00:00,4.2758436
2020-02-06 07:00:00,4.2758436
2020-02-06 08:00:00,4.360794
2020-02-06 09:00:00,4.2758436
2020-02-06 10:00:00,4.1342597
2020-02-06 11:00:00,4.21921
2020-02-06 12:00:00,4.21921
2020-02-06 13:00:00,3.9926753
2020-02-06 14:00:00,3.7944574
2020-02-06 15:00:00,3.9360416
2020-02-06 16:00:00,4.0776258
2020-02-06 17:00:00,4.0209923
2020-02-06 18:00:00,4.0776258
2020-02-06 19:00:00,4.162576
2020-02-06 20:00:00,4.247527
2020-02-06 21:00:00,4.3324776
2020-02-06 22:00:00,4.3324776
2020-02-06 23:00:00,4.7005963
2020-02-07 00:00:00,4.4740615
2020-02-07 01:00:00,4.785547
2020-02-07 02:00:00,4.5590124
2020-02-07 03:00:00,4.643963
2020-02-07 04:00:00,4.5590124
2020-02-07 05:00:00,4.643963
2020-02-07 06:00:00,4.7289133
2020-02-07 07:00:00,4.8138638
2020-02-07 08:00:00,4.898814
2020-02-07 09:00:00,4.983765
2020-02-07 10:00:00,4.898814
2020-02-07 11:00:00,5.0687156
2020-02-07 12:00:00,5.0687156
2020-02-07 13:00:00,5.0687156
2020-02-07 14:00:00,5.2669334
2020-02-07 15:00:00,5.351884
2020-02-07 16:00:00,5.351884
2020-02-07 17:00:00,5.351884
2020-02-07 18:00:00,5.351884
2020-02-07 19:00:00,5.4368343
2020-02-07 20:00:00,5.4651513
2020-02-07 21:00:00,5.4651513
2020-02-07 22:00:00,5.5501018
2020-02-07 23:00:00,5.5501018
2020-02-08 00:00:00,5.635052
2020-02-08 01:00:00,5.663369
2020-02-08 02:00:00,5.7483196
2020-02-08 03:00:00,5.83327
2020-02-08 04:00:00,5.7483196
2020-02-08 05:00:00,5.7483196
2020-02-08 06:00:00,5.663369
2020-02-08 07:00:00,5.7766366
2020-02-08 08:00:00,5.663369
2020-02-08 09:00:00,5.663369
2020-02-08 10:00:00,5.7766366
2020-02-08 11:00:00,5.7766366
2020-02-08 12:00:00,5.7766366
2020-02-08 13:00:00,5.663369
2020-02-08 14:00:00,5.861587
2020-02-08 15:00:00,5.861587
2020-02-08 16:00:00,5.663369
2020-02-08 17:00:00,5.5784187
2020-02-08 18:00:00,5.5784187
2020-02-08 19:00:00,5.4934683
2020-02-08 20:00:00,5.323567
2020-02-08 21:00:00,5.2386165
2020-02-08 22:00:00,5.2386165
2020-02-08 23:00:00,5.2386165
2020-02-09 00:00:00,5.153666
2020-02-09 01:00:00,5.153666
2020-02-09 02:00:00,4.983765
2020-02-09 03:00:00,5.0687156
2020-02-09 04:00:00,5.0687156
2020-02-09 05:00:00,4.898814
2020-02-09 06:00:00,4.983765
2020-02-09 07:00:00,4.8138638
2020-02-09 08:00:00,4.8138638
2020-02-09 09:00:00,4.7572303
2020-02-09 10:00:00,4.7572303
2020-02-09 11:00:00,4.67228
2020-02-09 12:00:00,4.67228
2020-02-09 13:00:00,4.587329
2020-02-09 14:00:00,4.587329
2020-02-09 15:00:00,4.587329
2020-02-09 16:00:00,4.587329
2020-02-09 17:00:00,4.445745
2020-02-09 18:00:00,4.445745
2020-02-09 19:00:00,4.360794
2020-02-09 20:00:00,4.2758436
2020-02-09 21:00:00,4.2758436
2020-02-09 22:00:00,4.21921
2020-02-09 23:00:00,4.21921
2020-02-10 00:00:00,4.1342597
2020-02-10 01:00:00,3.9926753
2020-02-10 02:00:00,3.9926753
2020-02-10 03:00:00,3.9926753
2020-02-10 04:00:00,3.9360416
2020-02-10 05:00:00,3.9360416
2020-02-10 06:00:00,3.9360416
2020-02-10 07:00:00,3.9926753
2020-02-10 08:00:00,4.21921
2020-02-10 09:00:00,4.2758436
2020-02-10 10:00:00,4.360794
2020-02-10 11:00:00,4.5023785
2020-02-10 12:00:00,3.879408
2020-02-10 13:00:00,3.7378237
2020-02-10 14:00:00,3.5962396
2020-02-10 15:00:00,3.4829721
2020-02-10 16:00:00,3.4829721
2020-02-10 17:00:00,3.5962396
2020-02-10 18:00:00,3.879408
2020-02-10 19:00:00,4.21921
2020-02-10 20:00:00,3.9926753
2020-02-10 21:00:00,3.9360416
2020-02-10 22:00:00,4.0776258
2020-02-10 23:00:00,3.879408
2020-02-11 00:00:00,3.879408
2020-02-11 01:00:00,3.9360416
2020-02-11 02:00:00,3.879408
2020-02-11 03:00:00,3.879408
2020-02-11 04:00:00,3.9360416
2020-02-11 05:00:00,3.9360416
2020-02-11 06:00:00,3.9360416
2020-02-11 07:00:00,3.9360416
2020-02-11 08:00:00,4.5023785
2020-02-11 09:00:00,4.360794
2020-02-11 10:00:00,3.7944574
2020-02-11 11:00:00,3.879408
2020-02-11 12:00:00,3.5962396
2020-02-11 13:00:00,3.4829721
2020-02-11 14:00:00,3.5396059
2020-02-11 15:00:00,3.4829721
2020-02-11 16:00:00,3.3413877
2020-02-11 17:00:00,3.3413877
2020-02-11 18:00:00,3.3980215
2020-02-11 19:00:00,3.5396059
2020-02-11 20:00:00,3.652873
2020-02-11 21:00:00,3.4829721
2020-02-11 22:00:00,3.3413877
2020-02-11 23:00:00,3.4829721
2020-02-12 00:00:00,3.3980215
2020-02-12 01:00:00,3.284754
2020-02-12 02:00:00,3.2281206
2020-02-12 03:00:00,3.3413877
2020-02-12 04:00:00,3.3980215
2020-02-12 05:00:00,3.4829721
2020-02-12 06:00:00,3.7378237
2020-02-12 07:00:00,3.879408
2020-02-12 08:00:00,3.7944574
2020-02-12 09:00:00,4.1342597
2020-02-12 10:00:00,3.9926753
2020-02-12 11:00:00,3.5396059
2020-02-12 12:00:00,3.652873
2020-02-12 13:00:00,3.7378237
2020-02-12 14:00:00,3.7378237
2020-02-12 15:00:00,3.5962396
2020-02-12 16:00:00,3.652873
2020-02-12 17:00:00,3.7944574
2020-02-12 18:00:00,4.1342597
2020-02-12 19:00:00,4.587329
2020-02-12 20:00:00,4.2758436
2020-02-12 21:00:00,4.21921
2020-02-12 22:00:00,4.445745
2020-02-12 23:00:00,4.587329
2020-02-13 00:00:00,4.67228
2020-02-13 01:00:00,4.8138638
2020-02-13 02:00:00,4.7572303
2020-02-13 03:00:00,4.445745
2020-02-13 04:00:00,4.21921
2020-02-13 05:00:00,4.21921
2020-02-13 06:00:00,4.445745
2020-02-13 07:00:00,4.360794
2020-02-13 08:00:00,4.445745
2020-02-13 09:00:00,3.7378237
2020-02-13 10:00:00,3.5962396
2020-02-13 11:00:00,3.5962396
2020-02-13 12:00:00,3.4829721
2020-02-13 13:00:00,3.3413877
2020-02-13 14:00:00,3.284754
2020-02-13 15:00:00,3.3413877
2020-02-13 16:00:00,3.4829721
2020-02-13 17:00:00,3.3980215
2020-02-13 18:00:00,3.5396059
2020-02-13 19:00:00,3.9926753
2020-02-13 20:00:00,3.9360416
2020-02-13 21:00:00,3.7378237
2020-02-13 22:00:00,3.7378237
2020-02-13 23:00:00,3.879408
2020-02-14 00:00:00,3.9360416
2020-02-14 01:00:00,3.7944574
2020-02-14 02:00:00,3.7378237
2020-02-14 03:00:00,3.652873
2020-02-14 04:00:00,3.652873
2020-02-14 05:00:00,3.652873
2020-02-14 06:00:00,3.7378237
2020-02-14 07:00:00,3.7944574
2020-02-14 08:00:00,3.5962396
2020-02-14 09:00:00,3.9360416
2020-02-14 10:00:00,4.0776258
2020-02-14 11:00:00,4.0776258
2020-02-14 12:00:00,4.0776258
2020-02-14 13:00:00,3.879408
2020-02-14 14:00:00,3.7378237
2020-02-14 15:00:00,3.879408
2020-02-14 16:00:00,3.9360416
2020-02-14 17:00:00,3.9926753
2020-02-14 18:00:00,4.21921
2020-02-14 19:00:00,4.445745
2020-02-14 20:00:00,4.360794
2020-02-14 21:00:00,4.5023785
2020-02-14 22:00:00,4.67228
2020-02-14 23:00:00,4.445745
2020-02-15 00:00:00,4.445745
2020-02-15 01:00:00,4.360794
2020-02-15 02:00:00,4.1342597
2020-02-15 03:00:00,4.0776258
2020-02-15 04:00:00,4.1342597
2020-02-15 05:00:00,4.0776258
2020-02-15 06:00:00,4.1342597
2020-02-15 07:00:00,4.1342597
2020-02-15 08:00:00,4.0776258
2020-02-15 09:00:00,3.9926753
2020-02-15 10:00:00,3.9360416
2020-02-15 11:00:00,3.7944574
2020-02-15 12:00:00,3.5396059
2020-02-15 13:00:00,3.5962396
2020-02-15 14:00:00,3.652873
2020-02-15 15:00:00,3.652873
2020-02-15 16:00:00,3.5962396
2020-02-15 17:00:00,3.652873
2020-02-15 18:00:00,3.9926753
2020-02-15 19:00:00,3.879408
2020-02-15 20:00:00,4.21921
2020-02-15 21:00:00,4.5023785
2020-02-15 22:00:00,4.1342597
2020-02-15 23:00:00,3.9360416
2020-02-16 00:00:00,3.879408
2020-02-16 01:00:00,3.879408
2020-02-16 02:00:00,3.7944574
2020-02-16 03:00:00,3.7378237
2020-02-16 04:00:00,3.7944574
2020-02-16 05:00:00,3.879408
2020-02-16 06:00:00,3.879408
2020-02-16 07:00:00,3.879408
2020-02-16 08:00:00,3.879408
2020-02-16 09:00:00,3.879408
2020-02-16 10:00:00,3.9360416
2020-02-16 11:00:00,3.9360416
2020-02-16 12:00:00,3.9926753
2020-02-16 13:00:00,3.9360416
2020-02-16 14:00:00,4.0776258
2020-02-16 15:00:00,3.9926753
2020-02-16 16:00:00,3.9926753
2020-02-16 17:00:00,3.9926753
2020-02-16 18:00:00,4.1342597
2020-02-16 19:00:00,4.0776258
2020-02-16 20:00:00,4.0776258
2020-02-16 21:00:00,4.21921
2020-02-16 22:00:00,4.2758436
2020-02-16 23:00:00,4.1342597
2020-02-17 00:00:00,4.1342597
2020-02-17 01:00:00,4.0776258
2020-02-17 02:00:00,3.9926753
2020-02-17 03:00:00,3.9926753
2020-02-17 04:00:00,3.9360416
2020-02-17 05:00:00,3.9926753
2020-02-17 06:00:00,3.9360416
2020-02-17 07:00:00,3.9360416
2020-02-17 08:00:00,3.879408
2020-02-17 09:00:00,3.7944574
2020-02-17 10:00:00,3.7944574
2020-02-17 11:00:00,3.4829721
2020-02-17 12:00:00,3.284754
2020-02-17 13:00:00,3.284754
2020-02-17 14:00:00,3.5396059
2020-02-17 15:00:00,3.5396059
2020-02-17 16:00:00,3.5396059
2020-02-17 17:00:00,3.652873
2020-02-17 18:00:00,3.7378237
2020-02-17 19:00:00,3.9360416
2020-02-17 20:00:00,3.9926753
2020-02-17 21:00:00,4.0776258
2020-02-17 22:00:00,4.21921
2020-02-17 23:00:00,3.9360416
2020-02-18 00:00:00,3.7378237
2020-02-18 01:00:00,3.652873
2020-02-18 02:00:00,3.652873
2020-02-18 03:00:00,3.5962396
2020-02-18 04:00:00,3.5962396
2020-02-18 05:00:00,3.5396059
2020-02-18 06:00:00,3.4829721
2020-02-18 07:00:00,3.5396059
2020-02-18 08:00:00,3.652873
2020-02-18 09:00:00,3.0582194
2020-02-18 10:00:00,3.1714869
2020-02-18 11:00:00,3.2281206
2020-02-18 12:00:00,3.1148531
2020-02-18 13:00:00,3.0582194
2020-02-18 14:00:00,2.944952
2020-02-18 15:00:00,2.423922
2020-02-18 16:00:00,2.1464171
2020-02-18 17:00:00,2.2370307
2020-02-18 18:00:00,2.4720607
2020-02-18 19:00:00,2.7269123
2020-02-18 20:00:00,3.0015857
2020-02-18 21:00:00,3.2281206
2020-02-18 22:00:00,3.3413877
2020-02-18 23:00:00,3.5396059
2020-02-19 00:00:00,3.4829721
2020-02-19 01:00:00,3.3980215
2020-02-19 02:00:00,3.1148531
2020-02-19 03:00:00,2.8883183
2020-02-19 04:00:00,2.7778826
2020-02-19 05:00:00,2.8883183
2020-02-19 06:00:00,2.8883183
2020-02-19 07:00:00,2.62214
2020-02-19 08:00:00,2.4720607
2020-02-19 09:00:00,2.3757834
2020-02-19 10:00:00,2.3757834
2020-02-19 11:00:00,2.2370307
2020-02-19 12:00:00,2.1464171
2020-02-19 13:00:00,2.1917238
2020-02-19 14:00:00,2.2823377
2020-02-19 15:00:00,2.1039417
2020-02-19 16:00:00,2.0614665
2020-02-19 17:00:00,2.1917238
2020-02-19 18:00:00,2.7269123
2020-02-19 19:00:00,2.944952
2020-02-19 20:00:00,3.1714869
2020-02-19 21:00:00,3.3413877
2020-02-19 22:00:00,3.1148531
2020-02-19 23:00:00,3.284754
2020-02-20 00:00:00,3.7378237
2020-02-20 01:00:00,3.5962396
2020-02-20 02:00:00,3.5396059
2020-02-20 03:00:00,3.284754
2020-02-20 04:00:00,3.1148531
2020-02-20 05:00:00,2.944952
2020-02-20 06:00:00,2.7269123
2020-02-20 07:00:00,2.6731102
2020-02-20 08:00:00,2.5711696
2020-02-20 09:00:00,2.5711696
2020-02-20 10:00:00,2.62214
2020-02-20 11:00:00,2.6731102
2020-02-20 12:00:00,2.62214
2020-02-20 13:00:00,2.5201993
2020-02-20 14:00:00,2.4720607
2020-02-20 15:00:00,2.423922
2020-02-20 16:00:00,2.423922
2020-02-20 17:00:00,2.4720607
2020-02-20 18:00:00,2.423922
2020-02-20 19:00:00,3.0582194
2020-02-20 20:00:00,3.4829721
2020-02-20 21:00:00,3.652873
2020-02-20 22:00:00,3.5962396
2020-02-20 23:00:00,3.879408
2020-02-21 00:00:00,4.21921
2020-02-21 01:00:00,4.2758436
2020-02-21 02:00:00,4.0776258
2020-02-21 03:00:00,3.7944574
2020-02-21 04:00:00,3.5962396
2020-02-21 05:00:00,3.3980215
2020-02-21 06:00:00,3.2281206
2020-02-21 07:00:00,3.1148531
2020-02-21 08:00:00,3.0015857
2020-02-21 09:00:00,3.0582194
2020-02-21 10:00:00,3.1714869
2020-02-21 11:00:00,3.1714869
2020-02-21 12:00:00,3.1148531
2020-02-21 13:00:00,3.1148531
2020-02-21 14:00:00,3.0582194
2020-02-21 15:00:00,3.1148531
2020-02-21 16:00:00,3.0582194
2020-02-21 17:00:00,3.1148531
2020-02-21 18:00:00,3.5962396
2020-02-21 19:00:00,4.1342597
2020-02-21 20:00:00,4.360794
2020-02-21 21:00:00,4.587329
2020-02-21 22:00:00,4.587329
2020-02-21 23:00:00,4.898814
2020-02-22 00:00:00,4.8138638
2020-02-22 01:00:00,4.7572303
2020-02-22 02:00:00,4.587329
2020-02-22 03:00:00,4.21921
2020-02-22 04:00:00,4.1342597
2020-02-22 05:00:00,3.879408
2020-02-22 06:00:00,3.5962396
2020-02-22 07:00:00,3.4829721
2020-02-22 08:00:00,3.5962396
2020-02-22 09:00:00,3.652873
2020-02-22 10:00:00,3.652873
2020-02-22 11:00:00,3.652873
2020-02-22 12:00:00,3.5962396
2020-02-22 13:00:00,3.5962396
2020-02-22 14:00:00,3.652873
2020-02-22 15:00:00,3.7378237
2020-02-22 16:00:00,3.879408
2020-02-22 17:00:00,4.2758436
2020-02-22 18:00:00,4.360794
2020-02-22 19:00:00,4.587329
2020-02-22 20:00:00,5.0687156
2020-02-22 21:00:00,4.587329
2020-02-22 22:00:00,4.983765
2020-02-22 23:00:00,5.2386165
2020-02-23 00:00:00,5.0687156
2020-02-23 01:00:00,4.8138638
2020-02-23 02:00:00,4.67228
2020-02-23 03:00:00,4.5023785
2020-02-23 04:00:00,4.2758436
2020-02-23 05:00:00,4.1342597
2020-02-23 06:00:00,3.7378237
2020-02-23 07:00:00,3.5962396
2020-02-23 08:00:00,3.5396059
2020-02-23 09:00:00,3.3980215
2020-02-23 10:00:00,3.3980215
2020-02-23 11:00:00,3.5396059
2020-02-23 12:00:00,3.5962396
2020-02-23 13:00:00,3.652873
2020-02-23 14:00:00,3.879408
2020-02-23 15:00:00,3.9926753
2020-02-23 16:00:00,4.1342597
2020-02-23 17:00:00,4.21921
2020-02-23 18:00:00,4.445745
2020-02-23 19:00:00,4.7572303
2020-02-23 20:00:00,5.0687156
2020-02-23 21:00:00,4.7572303
2020-02-23 22:00:00,5.0687156
2020-02-23 23:00:00,5.7766366
2020-02-24 00:00:00,5.663369
2020-02-24 01:00:00,5.153666
2020-02-24 02:00:00,4.67228
2020-02-24 03:00:00,4.360794
2020-02-24 04:00:00,4.2758436
2020-02-24 05:00:00,4.2758436
2020-02-24 06:00:00,4.21921
2020-02-24 07:00:00,4.1342597
2020-02-24 08:00:00,4.0776258
2020-02-24 09:00:00,3.879408
2020-02-24 10:00:00,3.879408
2020-02-24 11:00:00,3.9360416
2020-02-24 12:00:00,3.9360416
2020-02-24 13:00:00,3.9360416
2020-02-24 14:00:00,3.7378237
2020-02-24 15:00:00,3.879408
2020-02-24 16:00:00,3.879408
2020-02-24 17:00:00,3.7944574
2020-02-24 18:00:00,4.445745
2020-02-24 19:00:00,4.898814
2020-02-24 20:00:00,4.5023785
2020-02-24 21:00:00,4.7572303
2020-02-24 22:00:00,4.67228
2020-02-24 23:00:00,4.5023785
2020-02-25 00:00:00,4.21921
2020-02-25 01:00:00,3.9926753
2020-02-25 02:00:00,3.9926753
2020-02-25 03:00:00,3.9926753
2020-02-25 04:00:00,3.9360416
2020-02-25 05:00:00,3.9360416
2020-02-25 06:00:00,3.7944574
2020-02-25 07:00:00,3.3413877
2020-02-25 08:00:00,2.8883183
2020-02-25 09:00:00,3.0015857
2020-02-25 10:00:00,3.1148531
2020-02-25 11:00:00,3.1148531
2020-02-25 12:00:00,3.0015857
2020-02-25 13:00:00,2.944952
2020-02-25 14:00:00,2.944952
2020-02-25 15:00:00,2.8883183
2020-02-25 16:00:00,2.8883183
2020-02-25 17:00:00,3.0015857
2020-02-25 18:00:00,3.3413877
2020-02-25 19:00:00,3.7378237
2020-02-25 20:00:00,4.1342597
2020-02-25 21:00:00,3.9360416
2020-02-25 22:00:00,4.21921
2020-02-25 23:00:00,4.445745
2020-02-26 00:00:00,4.445745
2020-02-26 01:00:00,4.445745
2020-02-26 02:00:00,4.1342597
2020-02-26 03:00:00,3.879408
2020-02-26 04:00:00,3.7378237
2020-02-26 05:00:00,3.652873
2020-02-26 06:00:00,3.5396059
2020-02-26 07:00:00,3.1148531
2020-02-26 08:00:00,2.7269123
2020-02-26 09:00:00,2.6731102
2020-02-26 10:00:00,2.7778826
2020-02-26 11:00:00,3.0015857
2020-02-26 12:00:00,3.2281206
2020-02-26 13:00:00,3.3980215
2020-02-26 14:00:00,3.4829721
2020-02-26 15:00:00,3.3980215
2020-02-26 16:00:00,3.3980215
2020-02-26 17:00:00,3.5962396
2020-02-26 18:00:00,4.2758436
2020-02-26 19:00:00,4.2758436
2020-02-26 20:00:00,4.21921
2020-02-26 21:00:00,4.5023785
2020-02-26 22:00:00,4.983765
2020-02-26 23:00:00,4.7572303
2020-02-27 00:00:00,4.5023785
2020-02-27 01:00:00,4.21921
2020-02-27 02:00:00,4.0776258
2020-02-27 03:00:00,3.879408
2020-02-27 04:00:00,3.7944574
2020-02-27 05:00:00,3.7944574
2020-02-27 06:00:00,3.879408
2020-02-27 07:00:00,3.7944574
2020-02-27 08:00:00,3.5396059
2020-02-27 09:00:00,3.3413877
2020-02-27 10:00:00,3.2281206
2020-02-27 11:00:00,3.2281206
2020-02-27 12:00:00,3.0582194
2020-02-27 13:00:00,3.0015857
2020-02-27 14:00:00,2.944952
2020-02-27 15:00:00,2.944952
2020-02-27 16:00:00,2.944952
2020-02-27 17:00:00,3.0582194
2020-02-27 18:00:00,3.4829721
2020-02-27 19:00:00,3.9360416
2020-02-27 20:00:00,3.879408
2020-02-27 21:00:00,3.879408
2020-02-27 22:00:00,4.5023785
2020-02-27 23:00:00,4.5023785
2020-02-28 00:00:00,4.2758436
2020-02-28 01:00:00,4.0776258
2020-02-28 02:00:00,3.9926753
2020-02-28 03:00:00,3.7378237
2020-02-28 04:00:00,3.652873
2020-02-28 05:00:00,3.5962396
2020-02-28 06:00:00,3.5396059
2020-02-28 07:00:00,3.5396059
2020-02-28 08:00:00,3.5396059
2020-02-28 09:00:00,3.7378237
2020-02-28 10:00:00,3.7944574
2020-02-28 11:00:00,3.5962396
2020-02-28 12:00:00,3.3980215
2020-02-28 13:00:00,3.2281206
2020-02-28 14:00:00,3.1148531
2020-02-28 15:00:00,3.1148531
2020-02-28 16:00:00,3.0582194
2020-02-28 17:00:00,3.2281206
2020-02-28 18:00:00,3.4829721
2020-02-28 19:00:00,3.9926753
2020-02-28 20:00:00,3.9360416
2020-02-28 21:00:00,4.1342597
2020-02-28 22:00:00,4.5023785
2020-02-28 23:00:00,4.67228
2020-02-29 00:00:00,4.5023785
2020-02-29 01:00:00,4.445745
2020-02-29 02:00:00,4.21921
2020-02-29 03:00:00,3.9926753
2020-02-29 04:00:00,3.879408
2020-02-29 05:00:00,3.879408
2020-02-29 06:00:00,3.7378237
2020-02-29 07:00:00,3.7944574
2020-02-29 08:00:00,4.1342597
2020-02-29 09:00:00,4.360794
2020-02-29 10:00:00,4.2758436
2020-02-29 11:00:00,4.1342597
2020-02-29 12:00:00,3.9926753
2020-02-29 13:00:00,3.879408
2020-02-29 14:00:00,3.5962396
2020-02-29 15:00:00,3.652873
2020-02-29 16:00:00,3.7378237
2020-02-29 17:00:00,3.879408
2020-02-29 18:00:00,4.1342597
2020-02-29 19:00:00,4.0776258
2020-02-29 20:00:00,4.5023785
2020-02-29 21:00:00,4.898814
2020-02-29 22:00:00,4.587329
2020-02-29 23:00:00,4.21921
2020-03-01 00:00:00,4.1342597
2020-03-01 01:00:00,4.21921
2020-03-01 02:00:00,4.1342597
2020-03-01 03:00:00,4.1342597
2020-03-01 04:00:00,4.1342597
2020-03-01 05:00:00,4.1342597
2020-03-01 06:00:00,4.21921
2020-03-01 07:00:00,4.1342597
2020-03-01 08:00:00,4.1342597
2020-03-01 09:00:00,4.0776258
2020-03-01 10:00:00,4.0776258
2020-03-01 11:00:00,4.1342597
2020-03-01 12:00:00,4.0776258
2020-03-01 13:00:00,4.0776258
2020-03-01 14:00:00,4.0776258
2020-03-01 15:00:00,4.0776258
2020-03-01 16:00:00,4.0776258
2020-03-01 17:00:00,3.9926753
2020-03-01 18:00:00,4.0776258
2020-03-01 19:00:00,3.9926753
2020-03-01 20:00:00,3.9926753
2020-03-01 21:00:00,3.9926753
2020-03-01 22:00:00,3.9926753
2020-03-01 23:00:00,3.9360416
2020-03-02 00:00:00,3.9360416
2020-03-02 01:00:00,3.9360416
2020-03-02 02:00:00,3.9360416
2020-03-02 03:00:00,3.9360416
2020-03-02 04:00:00,3.9360416
2020-03-02 05:00:00,3.879408
2020-03-02 06:00:00,3.9360416
2020-03-02 07:00:00,3.9360416
2020-03-02 08:00:00,3.879408
2020-03-02 09:00:00,3.879408
2020-03-02 10:00:00,3.9360416
2020-03-02 11:00:00,3.879408
2020-03-02 12:00:00,3.879408
2020-03-02 13:00:00,3.879408
2020-03-02 14:00:00,3.7944574
2020-03-02 15:00:00,3.5396059
2020-03-02 16:00:00,3.4829721
2020-03-02 17:00:00,3.652873
2020-03-02 18:00:00,3.9926753
2020-03-02 19:00:00,3.879408
2020-03-02 20:00:00,4.1342597
2020-03-02 21:00:00,4.21921
2020-03-02 22:00:00,4.1342597
2020-03-02 23:00:00,3.9360416
2020-03-03 00:00:00,3.7944574
2020-03-03 01:00:00,3.5962396
2020-03-03 02:00:00,3.5962396
2020-03-03 03:00:00,3.5962396
2020-03-03 04:00:00,3.5396059
2020-03-03 05:00:00,3.5962396
2020-03-03 06:00:00,3.7378237
2020-03-03 07:00:00,3.9360416
2020-03-03 08:00:00,4.21921
2020-03-03 09:00:00,4.21921
2020-03-03 10:00:00,4.1342597
2020-03-03 11:00:00,4.0776258
2020-03-03 12:00:00,4.0776258
2020-03-03 13:00:00,3.9926753
2020-03-03 14:00:00,3.9926753
2020-03-03 15:00:00,3.9360416
2020-03-03 16:00:00,3.9360416
2020-03-03 17:00:00,3.9360416
2020-03-03 18:00:00,3.9360416
2020-03-03 19:00:00,3.9360416
2020-03-03 20:00:00,3.879408
2020-03-03 21:00:00,3.9360416
2020-03-03 22:00:00,3.9360416
2020-03-03 23:00:00,3.9360416
2020-03-04 00:00:00,3.9360416
2020-03-04 01:00:00,3.9926753
2020-03-04 02:00:00,4.0776258
2020-03-04 03:00:00,4.0776258
2020-03-04 04:00:00,4.0776258
2020-03-04 05:00:00,3.9926753
2020-03-04 06:00:00,4.1342597
2020-03-04 07:00:00,4.1342597
2020-03-04 08:00:00,4.1342597
2020-03-04 09:00:00,4.1342597
2020-03-04 10:00:00,4.1342597
2020-03-04 11:00:00,4.21921
2020-03-04 12:00:00,4.21921
2020-03-04 13:00:00,4.2758436
2020-03-04 14:00:00,4.21921
2020-03-04 15:00:00,4.21921
2020-03-04 16:00:00,4.2758436
2020-03-04 17:00:00,4.21921
2020-03-04 18:00:00,4.2758436
2020-03-04 19:00:00,4.360794
2020-03-04 20:00:00,4.2758436
2020-03-04 21:00:00,4.2758436
2020-03-04 22:00:00,4.360794
2020-03-04 23:00:00,4.360794
2020-03-05 00:00:00,4.445745
2020-03-05 01:00:00,4.445745
2020-03-05 02:00:00,4.445745
2020-03-05 03:00:00,4.445745
2020-03-05 04:00:00,4.445745
2020-03-05 05:00:00,4.445745
2020-03-05 06:00:00,4.360794
2020-03-05 07:00:00,4.445745
2020-03-05 08:00:00,4.445745
2020-03-05 09:00:00,4.5023785
2020-03-05 10:00:00,4.5023785
2020-03-05 11:00:00,4.5023785
2020-03-05 12:00:00,4.5023785
2020-03-05 13:00:00,4.5023785
2020-03-05 14:00:00,4.5023785
2020-03-05 15:00:00,4.587329
2020-03-05 16:00:00,4.587329
2020-03-05 17:00:00,4.587329
2020-03-05 18:00:00,4.587329
2020-03-05 19:00:00,4.67228
2020-03-05 20:00:00,4.587329
2020-03-05 21:00:00,4.587329
2020-03-05 22:00:00,4.67228
2020-03-05 23:00:00,4.67228
2020-03-06 00:00:00,4.67228
2020-03-06 01:00:00,4.67228
2020-03-06 02:00:00,4.67228
2020-03-06 03:00:00,4.67228
2020-03-06 04:00:00,4.67228
2020-03-06 05:00:00,4.67228
2020-03-06 06:00:00,4.67228
2020-03-06 07:00:00,4.587329
2020-03-06 08:00:00,4.7572303
2020-03-06 09:00:00,4.898814
2020-03-06 10:00:00,4.898814
2020-03-06 11:00:00,4.898814
2020-03-06 12:00:00,4.898814
2020-03-06 13:00:00,4.983765
2020-03-06 14:00:00,5.0687156
2020-03-06 15:00:00,4.983765
2020-03-06 16:00:00,5.0687156
2020-03-06 17:00:00,5.0687156
2020-03-06 18:00:00,5.0687156
2020-03-06 19:00:00,5.153666
2020-03-06 20:00:00,5.2386165
2020-03-06 21:00:00,5.323567
2020-03-06 22:00:00,5.323567
2020-03-06 23:00:00,5.408518
2020-03-07 00:00:00,5.323567
2020-03-07 01:00:00,5.323567
2020-03-07 02:00:00,5.323567
2020-03-07 03:00:00,5.4934683
2020-03-07 04:00:00,5.323567
2020-03-07 05:00:00,5.408518
2020-03-07 06:00:00,5.408518
2020-03-07 07:00:00,5.323567
2020-03-07 08:00:00,5.408518
2020-03-07 09:00:00,5.4934683
2020-03-07 10:00:00,5.5784187
2020-03-07 11:00:00,5.5784187
2020-03-07 12:00:00,5.4934683
2020-03-07 13:00:00,5.663369
2020-03-07 14:00:00,5.7766366
2020-03-07 15:00:00,5.7766366
2020-03-07 16:00:00,5.861587
2020-03-07 17:00:00,5.9465375
2020-03-07 18:00:00,5.861587
2020-03-07 19:00:00,5.9465375
2020-03-07 20:00:00,5.9465375
2020-03-07 21:00:00,6.059805
2020-03-07 22:00:00,6.258023
2020-03-07 23:00:00,6.258023
2020-03-08 00:00:00,6.3429737
2020-03-08 01:00:00,6.5411916
2020-03-08 02:00:00,6.654459
2020-03-08 03:00:00,6.7394094
2020-03-08 04:00:00,6.852677
2020-03-08 05:00:00,7.0508947
2020-03-08 06:00:00,7.164162
2020-03-08 07:00:00,7.2491126
2020-03-08 08:00:00,7.4756474
2020-03-08 09:00:00,7.6738653
2020-03-08 10:00:00,7.758816
2020-03-08 11:00:00,7.872083
2020-03-08 12:00:00,7.560598
2020-03-08 13:00:00,7.6738653
2020-03-08 14:00:00,7.872083
2020-03-08 15:00:00,7.872083
2020-03-08 16:00:00,7.758816
2020-03-08 17:00:00,7.872083
2020-03-08 18:00:00,7.758816
2020-03-08 19:00:00,7.758816
2020-03-08 20:00:00,7.6738653
2020-03-08 21:00:00,7.560598
2020-03-08 22:00:00,7.4756474
2020-03-08 23:00:00,7.4756474
2020-03-09 00:00:00,7.560598
2020-03-09 01:00:00,7.36238
2020-03-09 02:00:00,7.2491126
2020-03-09 03:00:00,7.164162
2020-03-09 04:00:00,7.36238
2020-03-09 05:00:00,7.2491126
2020-03-09 06:00:00,7.164162
2020-03-09 07:00:00,7.164162
2020-03-09 08:00:00,7.0508947
2020-03-09 09:00:00,7.164162
2020-03-09 10:00:00,7.0508947
2020-03-09 11:00:00,7.0508947
2020-03-09 12:00:00,6.852677
2020-03-09 13:00:00,6.9659443
2020-03-09 14:00:00,7.0508947
2020-03-09 15:00:00,6.852677
2020-03-09 16:00:00,6.852677
2020-03-09 17:00:00,6.9659443
2020-03-09 18:00:00,6.852677
2020-03-09 19:00:00,6.654459
2020-03-09 20:00:00,6.7394094
2020-03-09 21:00:00,6.654459
2020-03-09 22:00:00,6.852677
2020-03-09 23:00:00,6.654459
2020-03-10 00:00:00,6.852677
2020-03-10 01:00:00,6.7394094
2020-03-10 02:00:00,6.852677
2020-03-10 03:00:00,6.654459
2020-03-10 04:00:00,6.7394094
2020-03-10 05:00:00,6.7394094
2020-03-10 06:00:00,6.7394094
2020-03-10 07:00:00,6.654459
2020-03-10 08:00:00,6.7394094
2020-03-10 09:00:00,6.7394094
2020-03-10 10:00:00,6.456241
2020-03-10 11:00:00,6.654459
2020-03-10 12:00:00,6.5411916
2020-03-10 13:00:00,6.5411916
2020-03-10 14:00:00,6.5411916
2020-03-10 15:00:00,6.5411916
2020-03-10 16:00:00,6.258023
2020-03-10 17:00:00,6.258023
2020-03-10 18:00:00,6.3429737
2020-03-10 19:00:00,6.3429737
2020-03-10 20:00:00,6.3429737
2020-03-10 21:00:00,6.3429737
2020-03-10 22:00:00,6.456241
2020-03-10 23:00:00,6.3429737
2020-03-11 00:00:00,6.3429737
2020-03-11 01:00:00,6.3429737
2020-03-11 02:00:00,6.456241
2020-03-11 03:00:00,5.9465375
2020-03-11 04:00:00,6.3429737
2020-03-11 05:00:00,6.3429737
2020-03-11 06:00:00,6.258023
2020-03-11 07:00:00,6.3429737
2020-03-11 08:00:00,6.3429737
2020-03-11 09:00:00,6.258023
2020-03-11 10:00:00,6.3429737
2020-03-11 11:00:00,6.3429737
2020-03-11 12:00:00,6.3429737
2020-03-11 13:00:00,6.3429737
2020-03-11 14:00:00,6.258023
2020-03-11 15:00:00,6.3429737
2020-03-11 16:00:00,6.3429737
2020-03-11 17:00:00,6.3429737
2020-03-11 18:00:00,6.3429737
2020-03-11 19:00:00,6.258023
2020-03-11 20:00:00,6.3429737
2020-03-11 21:00:00,6.3429737
2020-03-11 22:00:00,6.456241
2020-03-11 23:00:00,6.456241
2020-03-12 00:00:00,6.3429737
2020-03-12 01:00:00,6.5411916
2020-03-12 02:00:00,6.456241
2020-03-12 03:00:00,6.456241
2020-03-12 04:00:00,6.456241
2020-03-12 05:00:00,6.456241
2020-03-12 06:00:00,6.5411916
2020-03-12 07:00:00,6.5411916
2020-03-12 08:00:00,6.654459
2020-03-12 09:00:00,6.5411916
2020-03-12 10:00:00,6.654459
2020-03-12 11:00:00,6.654459
2020-03-12 12:00:00,6.7394094
2020-03-12 13:00:00,6.852677
2020-03-12 14:00:00,6.852677
2020-03-12 15:00:00,6.852677
2020-03-12 16:00:00,7.0508947
2020-03-12 17:00:00,6.9659443
2020-03-12 18:00:00,7.0508947
2020-03-12 19:00:00,7.164162
2020-03-12 20:00:00,7.164162
2020-03-12 21:00:00,7.2491126
2020-03-12 22:00:00,7.164162
2020-03-12 23:00:00,7.164162
2020-03-13 00:00:00,7.164162
2020-03-13 01:00:00,7.0508947
2020-03-13 02:00:00,7.0508947
2020-03-13 03:00:00,7.164162
2020-03-13 04:00:00,6.9659443
2020-03-13 05:00:00,7.164162
2020-03-13 06:00:00,7.0508947
2020-03-13 07:00:00,6.9659443
2020-03-13 08:00:00,6.9659443
2020-03-13 09:00:00,7.0508947
2020-03-13 10:00:00,7.0508947
2020-03-13 11:00:00,6.9659443
2020-03-13 12:00:00,6.9659443
2020-03-13 13:00:00,6.9659443
2020-03-13 14:00:00,6.852677
2020-03-13 15:00:00,6.7394094
2020-03-13 16:00:00,6.852677
2020-03-13 17:00:00,6.7394094
2020-03-13 18:00:00,6.852677
2020-03-13 19:00:00,6.852677
2020-03-13 20:00:00,6.9659443
2020-03-13 21:00:00,6.852677
2020-03-13 22:00:00,6.7394094
2020-03-13 23:00:00,6.852677
2020-03-14 00:00:00,6.852677
2020-03-14 01:00:00,6.7394094
2020-03-14 02:00:00,6.5411916
2020-03-14 03:00:00,6.5411916
2020-03-14 04:00:00,6.5411916
2020-03-14 05:00:00,6.5411916
2020-03-14 06:00:00,6.7394094
2020-03-14 07:00:00,6.852677
2020-03-14 08:00:00,6.7394094
2020-03-14 09:00:00,6.654459
2020-03-14 10:00:00,6.5411916
2020-03-14 11:00:00,6.654459
2020-03-14 12:00:00,6.5411916
2020-03-14 13:00:00,6.5411916
2020-03-14 14:00:00,6.654459
2020-03-14 15:00:00,6.7394094
2020-03-14 16:00:00,6.9659443
2020-03-14 17:00:00,6.9659443
2020-03-14 18:00:00,6.9659443
2020-03-14 19:00:00,6.9659443
2020-03-14 20:00:00,7.0508947
2020-03-14 21:00:00,7.164162
2020-03-14 22:00:00,6.9659443
2020-03-14 23:00:00,7.164162
2020-03-15 00:00:00,7.0508947
2020-03-15 01:00:00,7.2491126
2020-03-15 02:00:00,7.0508947
2020-03-15 03:00:00,7.0508947
2020-03-15 04:00:00,6.9659443
2020-03-15 05:00:00,7.0508947
2020-03-15 06:00:00,7.0508947
2020-03-15 07:00:00,7.164162
2020-03-15 08:00:00,7.0508947
2020-03-15 09:00:00,7.0508947
2020-03-15 10:00:00,7.0508947
2020-03-15 11:00:00,7.0508947
2020-03-15 12:00:00,6.9659443
2020-03-15 13:00:00,7.0508947
2020-03-15 14:00:00,7.36238
2020-03-15 15:00:00,7.4756474
2020-03-15 16:00:00,7.6738653
2020-03-15 17:00:00,7.560598
2020-03-15 18:00:00,7.560598
2020-03-15 19:00:00,7.560598
2020-03-15 20:00:00,7.6738653
2020-03-15 21:00:00,7.6738653
2020-03-15 22:00:00,7.6738653
2020-03-15 23:00:00,7.758816
2020-03-16 00:00:00,7.758816
2020-03-16 01:00:00,7.758816
2020-03-16 02:00:00,7.758816
2020-03-16 03:00:00,7.872083
2020-03-16 04:00:00,7.872083
2020-03-16 05:00:00,7.872083
2020-03-16 06:00:00,7.9853506
2020-03-16 07:00:00,7.9853506
2020-03-16 08:00:00,8.183569
2020-03-16 09:00:00,8.070301
2020-03-16 10:00:00,8.183569
2020-03-16 11:00:00,8.070301
2020-03-16 12:00:00,8.070301
2020-03-16 13:00:00,8.070301
2020-03-16 14:00:00,8.070301
2020-03-16 15:00:00,7.9853506
2020-03-16 16:00:00,7.9853506
2020-03-16 17:00:00,7.9853506
2020-03-16 18:00:00,7.872083
2020-03-16 19:00:00,7.872083
2020-03-16 20:00:00,7.758816
2020-03-16 21:00:00,7.758816
2020-03-16 22:00:00,7.872083
2020-03-16 23:00:00,7.872083
2020-03-17 00:00:00,7.872083
2020-03-17 01:00:00,7.872083
2020-03-17 02:00:00,7.872083
2020-03-17 03:00:00,8.070301
2020-03-17 04:00:00,8.070301
2020-03-17 05:00:00,8.183569
2020-03-17 06:00:00,8.183569
2020-03-17 07:00:00,8.183569
2020-03-17 08:00:00,8.268519
2020-03-17 09:00:00,8.381786
2020-03-17 10:00:00,8.381786
2020-03-17 11:00:00,8.381786
2020-03-17 12:00:00,8.381786
2020-03-17 13:00:00,8.580005
2020-03-17 14:00:00,8.381786
2020-03-17 15:00:00,8.381786
2020-03-17 16:00:00,8.580005
2020-03-17 17:00:00,8.693272
2020-03-17 18:00:00,8.693272
2020-03-17 19:00:00,8.693272
2020-03-17 20:00:00,8.693272
2020-03-17 21:00:00,8.693272
2020-03-17 22:00:00,8.580005
2020-03-17 23:00:00,8.693272
2020-03-18 00:00:00,8.80654
2020-03-18 01:00:00,8.80654
2020-03-18 02:00:00,8.693272
2020-03-18 03:00:00,8.693272
2020-03-18 04:00:00,9.004757
2020-03-18 05:00:00,9.202975
2020-03-18 06:00:00,9.316242
2020-03-18 07:00:00,9.316242
2020-03-18 08:00:00,9.316242
2020-03-18 09:00:00,9.401193
2020-03-18 10:00:00,9.6277275
2020-03-18 11:00:00,9.712678
2020-03-18 12:00:00,9.712678
2020-03-18 13:00:00,9.6277275
2020-03-18 14:00:00,9.825946
2020-03-18 15:00:00,9.712678
2020-03-18 16:00:00,9.825946
2020-03-18 17:00:00,9.825946
2020-03-18 18:00:00,9.825946
2020-03-18 19:00:00,9.939213
2020-03-18 20:00:00,10.024163
2020-03-18 21:00:00,9.825946
2020-03-18 22:00:00,9.712678
2020-03-18 23:00:00,9.712678
2020-03-19 00:00:00,9.939213
2020-03-19 01:00:00,9.825946
2020-03-19 02:00:00,9.939213
2020-03-19 03:00:00,9.6277275
2020-03-19 04:00:00,9.6277275
2020-03-19 05:00:00,9.6277275
2020-03-19 06:00:00,9.514461
2020-03-19 07:00:00,9.6277275
2020-03-19 08:00:00,9.514461
2020-03-19 09:00:00,9.514461
2020-03-19 10:00:00,9.202975
2020-03-19 11:00:00,9.202975
2020-03-19 12:00:00,9.118025
2020-03-19 13:00:00,9.202975
2020-03-19 14:00:00,9.118025
2020-03-19 15:00:00,9.004757
2020-03-19 16:00:00,9.004757
2020-03-19 17:00:00,8.80654
2020-03-19 18:00:00,8.89149
2020-03-19 19:00:00,8.693272
2020-03-19 20:00:00,8.693272
2020-03-19 21:00:00,8.693272
2020-03-19 22:00:00,8.580005
2020-03-19 23:00:00,8.580005
2020-03-20 00:00:00,8.693272
2020-03-20 01:00:00,8.580005
2020-03-20 02:00:00,8.580005
2020-03-20 03:00:00,8.381786
2020-03-20 04:00:00,8.580005
2020-03-20 05:00:00,8.381786
2020-03-20 06:00:00,8.693272
2020-03-20 07:00:00,8.580005
2020-03-20 08:00:00,8.693272
2020-03-20 09:00:00,8.580005
2020-03-20 10:00:00,8.80654
2020-03-20 11:00:00,8.80654
2020-03-20 12:00:00,8.89149
2020-03-20 13:00:00,9.004757
2020-03-20 14:00:00,8.80654
2020-03-20 15:00:00,8.89149
2020-03-20 16:00:00,9.004757
2020-03-20 17:00:00,9.118025
2020-03-20 18:00:00,9.004757
2020-03-20 19:00:00,9.118025
2020-03-20 20:00:00,9.004757
2020-03-20 21:00:00,9.004757
2020-03-20 22:00:00,8.80654
2020-03-20 23:00:00,9.004757
2020-03-21 00:00:00,8.89149
2020-03-21 01:00:00,8.89149
2020-03-21 02:00:00,8.89149
2020-03-21 03:00:00,9.118025
2020-03-21 04:00:00,9.004757
2020-03-21 05:00:00,9.316242
2020-03-21 06:00:00,9.202975
2020-03-21 07:00:00,9.316242
2020-03-21 08:00:00,9.316242
2020-03-21 09:00:00,9.401193
2020-03-21 10:00:00,9.401193
2020-03-21 11:00:00,9.514461
2020-03-21 12:00:00,9.401193
2020-03-21 13:00:00,9.825946
2020-03-21 14:00:00,9.6277275
2020-03-21 15:00:00,9.6277275
2020-03-21 16:00:00,9.712678
2020-03-21 17:00:00,9.825946
2020-03-21 18:00:00,9.712678
2020-03-21 19:00:00,9.825946
2020-03-21 20:00:00,9.6277275
2020-03-21 21:00:00,9.6277275
2020-03-21 22:00:00,9.6277275
2020-03-21 23:00:00,9.401193
2020-03-22 00:00:00,9.514461
2020-03-22 01:00:00,9.202975
2020-03-22 02:00:00,9.401193
2020-03-22 03:00:00,9.316242
2020-03-22 04:00:00,9.514461
2020-03-22 05:00:00,9.514461
2020-03-22 06:00:00,9.401193
2020-03-22 07:00:00,9.514461
2020-03-22 08:00:00,9.401193
2020-03-22 09:00:00,9.712678
2020-03-22 10:00:00,9.712678
2020-03-22 11:00:00,9.712678
2020-03-22 12:00:00,10.024163
2020-03-22 13:00:00,9.939213
2020-03-22 14:00:00,9.939213
2020-03-22 15:00:00,10.024163
2020-03-22 16:00:00,9.825946
2020-03-22 17:00:00,10.137431
2020-03-22 18:00:00,9.825946
2020-03-22 19:00:00,9.825946
2020-03-22 20:00:00,9.939213
2020-03-22 21:00:00,9.6277275
2020-03-22 22:00:00,9.825946
2020-03-22 23:00:00,9.712678
2020-03-23 00:00:00,9.712678
2020-03-23 01:00:00,9.825946
2020-03-23 02:00:00,9.6277275
2020-03-23 03:00:00,9.514461
2020-03-23 04:00:00,9.6277275
2020-03-23 05:00:00,9.6277275
2020-03-23 06:00:00,9.514461
2020-03-23 07:00:00,9.6277275
2020-03-23 08:00:00,9.401193
2020-03-23 09:00:00,9.6277275
2020-03-23 10:00:00,9.6277275
2020-03-23 11:00:00,9.514461
2020-03-23 12:00:00,9.712678
2020-03-23 13:00:00,9.6277275
2020-03-23 14:00:00,9.6277275
2020-03-23 15:00:00,9.6277275
2020-03-23 16:00:00,9.825946
2020-03-23 17:00:00,9.712678
2020-03-23 18:00:00,9.825946
2020-03-23 19:00:00,9.712678
2020-03-23 20:00:00,9.712678
2020-03-23 21:00:00,9.712678
2020-03-23 22:00:00,9.6277275
2020-03-23 23:00:00,9.712678
2020-03-24 00:00:00,9.514461
2020-03-24 01:00:00,9.514461
2020-03-24 02:00:00,9.401193
2020-03-24 03:00:00,9.514461
2020-03-24 04:00:00,9.514461
2020-03-24 05:00:00,9.6277275
2020-03-24 06:00:00,9.514461
2020-03-24 07:00:00,9.401193
2020-03-24 08:00:00,9.514461
2020-03-24 09:00:00,9.514461
2020-03-24 10:00:00,9.514461
2020-03-24 11:00:00,9.401193
2020-03-24 12:00:00,9.6277275
2020-03-24 13:00:00,9.401193
2020-03-24 14:00:00,9.401193
2020-03-24 15:00:00,9.316242
2020-03-24 16:00:00,9.316242
2020-03-24 17:00:00,9.316242
2020-03-24 18:00:00,9.202975
2020-03-24 19:00:00,9.118025
2020-03-24 20:00:00,8.89149
2020-03-24 21:00:00,9.202975
2020-03-24 22:00:00,9.118025
2020-03-24 23:00:00,9.202975
2020-03-25 00:00:00,9.202975
2020-03-25 01:00:00,9.202975
2020-03-25 02:00:00,9.118025
2020-03-25 03:00:00,9.118025
2020-03-25 04:00:00,9.004757
2020-03-25 05:00:00,9.004757
2020-03-25 06:00:00,8.89149
2020-03-25 07:00:00,8.89149
2020-03-25 08:00:00,9.118025
2020-03-25 09:00:00,8.80654
2020-03-25 10:00:00,9.004757
2020-03-25 11:00:00,8.89149
2020-03-25 12:00:00,8.80654
2020-03-25 13:00:00,8.80654
2020-03-25 14:00:00,8.495054
2020-03-25 15:00:00,8.580005
2020-03-25 16:00:00,8.495054
2020-03-25 17:00:00,8.580005
2020-03-25 18:00:00,8.580005
2020-03-25 19:00:00,8.580005
2020-03-25 20:00:00,8.495054
2020-03-25 21:00:00,8.495054
2020-03-25 22:00:00,8.580005
2020-03-25 23:00:00,8.381786
2020-03-26 00:00:00,8.495054
2020-03-26 01:00:00,8.381786
2020-03-26 02:00:00,8.381786
2020-03-26 03:00:00,8.268519
2020-03-26 04:00:00,8.381786
2020-03-26 05:00:00,8.381786
2020-03-26 06:00:00,8.268519
2020-03-26 07:00:00,8.070301
2020-03-26 08:00:00,7.9853506
2020-03-26 09:00:00,8.070301
2020-03-26 10:00:00,7.9853506
2020-03-26 11:00:00,7.9853506
2020-03-26 12:00:00,7.872083
2020-03-26 13:00:00,7.872083
2020-03-26 14:00:00,7.758816
2020-03-26 15:00:00,7.6738653
2020-03-26 16:00:00,7.758816
2020-03-26 17:00:00,7.6738653
2020-03-26 18:00:00,7.560598
2020-03-26 19:00:00,7.36238
2020-03-26 20:00:00,7.2491126
2020-03-26 21:00:00,7.2491126
2020-03-26 22:00:00,7.0508947
2020-03-26 23:00:00,7.164162
2020-03-27 00:00:00,7.0508947
2020-03-27 01:00:00,6.9659443
2020-03-27 02:00:00,6.9659443
2020-03-27 03:00:00,6.9659443
2020-03-27 04:00:00,7.0508947
2020-03-27 05:00:00,7.36238
2020-03-27 06:00:00,7.2491126
2020-03-27 07:00:00,7.4756474
2020-03-27 08:00:00,7.36238
2020-03-27 09:00:00,7.0508947
2020-03-27 10:00:00,7.2491126
2020-03-27 11:00:00,7.36238
2020-03-27 12:00:00,7.36238
2020-03-27 13:00:00,7.164162
2020-03-27 14:00:00,7.164162
2020-03-27 15:00:00,7.0508947
2020-03-27 16:00:00,6.9659443
2020-03-27 17:00:00,7.2491126
2020-03-27 18:00:00,7.2491126
2020-03-27 19:00:00,7.0508947
2020-03-27 20:00:00,7.0508947
2020-03-27 21:00:00,7.0508947
2020-03-27 22:00:00,7.0508947
2020-03-27 23:00:00,6.9659443
2020-03-28 00:00:00,6.852677
2020-03-28 01:00:00,6.852677
2020-03-28 02:00:00,6.654459
2020-03-28 03:00:00,6.5411916
2020-03-28 04:00:00,6.654459
2020-03-28 05:00:00,6.852677
2020-03-28 06:00:00,6.852677
2020-03-28 07:00:00,6.7394094
2020-03-28 08:00:00,6.5411916
2020-03-28 09:00:00,6.5411916
2020-03-28 10:00:00,6.5411916
2020-03-28 11:00:00,6.5411916
2020-03-28 12:00:00,6.5411916
2020-03-28 13:00:00,6.654459
2020-03-28 14:00:00,6.7394094
2020-03-28 15:00:00,6.5411916
2020-03-28 16:00:00,6.456241
2020-03-28 17:00:00,6.5411916
2020-03-28 18:00:00,6.5411916
2020-03-28 19:00:00,6.5411916
2020-03-28 20:00:00,6.5411916
2020-03-28 21:00:00,6.654459
2020-03-28 22:00:00,6.456241
2020-03-28 23:00:00,6.3429737
2020-03-29 00:00:00,6.456241
2020-03-29 01:00:00,6.3429737
2020-03-29 02:00:00,6.456241
2020-03-29 03:00:00,6.3429737
2020-03-29 04:00:00,6.3429737
2020-03-29 05:00:00,6.3429737
2020-03-29 06:00:00,6.456241
2020-03-29 07:00:00,6.3429737
2020-03-29 08:00:00,6.3429737
2020-03-29 09:00:00,6.258023
2020-03-29 10:00:00,6.3429737
2020-03-29 11:00:00,6.3429737
2020-03-29 12:00:00,6.3429737
2020-03-29 13:00:00,6.3429737
2020-03-29 14:00:00,6.456241
2020-03-29 15:00:00,6.3429737
2020-03-29 16:00:00,6.3429737
2020-03-29 17:00:00,6.3429737
2020-03-29 18:00:00,6.258023
2020-03-29 19:00:00,6.258023
2020-03-29 20:00:00,6.5411916
2020-03-29 21:00:00,6.456241
2020-03-29 22:00:00,6.456241
2020-03-29 23:00:00,6.5411916
2020-03-30 00:00:00,6.456241
2020-03-30 01:00:00,6.456241
2020-03-30 02:00:00,6.456241
2020-03-30 03:00:00,6.456241
2020-03-30 04:00:00,6.5411916
2020-03-30 05:00:00,6.5411916
2020-03-30 06:00:00,6.654459
2020-03-30 07:00:00,6.5411916
2020-03-30 08:00:00,6.456241
2020-03-30 09:00:00,6.654459
2020-03-30 10:00:00,6.5411916
2020-03-30 11:00:00,6.654459
2020-03-30 12:00:00,6.7394094
2020-03-30 13:00:00,6.654459
2020-03-30 14:00:00,6.654459
2020-03-30 15:00:00,6.7394094
2020-03-30 16:00:00,6.654459
2020-03-30 17:00:00,6.654459
2020-03-30 18:00:00,6.7394094
2020-03-30 19:00:00,6.852677
2020-03-30 20:00:00,6.852677
2020-03-30 21:00:00,6.852677
2020-03-30 22:00:00,6.7394094
2020-03-30 23:00:00,6.852677
2020-03-31 00:00:00,6.9659443
2020-03-31 01:00:00,6.9659443
2020-03-31 02:00:00,7.2491126
2020-03-31 03:00:00,7.4756474
2020-03-31 04:00:00,7.758816
2020-03-31 05:00:00,8.381786
2020-03-31 06:00:00,9.004757
2020-03-31 07:00:00,9.825946
2020-03-31 08:00:00,10.562183
2020-03-31 09:00:00,11.185154
2020-03-31 10:00:00,12.006343
2020-03-31 11:00:00,12.855848
2020-03-31 12:00:00,13.478819
2020-03-31 13:00:00,14.328324
2020-03-31 14:00:00,14.243374
2020-03-31 15:00:00,14.554859
2020-03-31 16:00:00,14.753077
2020-03-31 17:00:00,14.753077
2020-03-31 18:00:00,14.63981
2020-03-31 19:00:00,15.149512
2020-03-31 20:00:00,15.26278
2020-03-31 21:00:00,15.26278
2020-03-31 22:00:00,15.376047
2020-03-31 23:00:00,15.687532
2020-04-01 00:00:00,15.460998
2020-04-01 01:00:00,15.460998
2020-04-01 02:00:00,15.687532
2020-04-01 03:00:00,15.687532
2020-04-01 04:00:00,15.5742655
2020-04-01 05:00:00,15.376047
2020-04-01 06:00:00,15.5742655
2020-04-01 07:00:00,15.687532
2020-04-01 08:00:00,15.376047
2020-04-01 09:00:00,15.149512
2020-04-01 10:00:00,14.951295
2020-04-01 11:00:00,15.149512
2020-04-01 12:00:00,15.064562
2020-04-01 13:00:00,14.753077
2020-04-01 14:00:00,14.63981
2020-04-01 15:00:00,14.130106
2020-04-01 16:00:00,14.328324
2020-04-01 17:00:00,14.130106
2020-04-01 18:00:00,13.705354
2020-04-01 19:00:00,13.478819
2020-04-01 20:00:00,13.705354
2020-04-01 21:00:00,13.082383
2020-04-01 22:00:00,12.969115
2020-04-01 23:00:00,12.544363
2020-04-02 00:00:00,12.431095
2020-04-02 01:00:00,12.431095
2020-04-02 02:00:00,12.431095
2020-04-02 03:00:00,12.232878
2020-04-02 04:00:00,12.346145
2020-04-02 05:00:00,12.232878
2020-04-02 06:00:00,12.11961
2020-04-02 07:00:00,12.006343
2020-04-02 08:00:00,11.921392
2020-04-02 09:00:00,11.694858
2020-04-02 10:00:00,11.808125
2020-04-02 11:00:00,11.609907
2020-04-02 12:00:00,11.694858
2020-04-02 13:00:00,11.383372
2020-04-02 14:00:00,11.298422
2020-04-02 15:00:00,11.298422
2020-04-02 16:00:00,11.071887
2020-04-02 17:00:00,10.958619
2020-04-02 18:00:00,10.562183
2020-04-02 19:00:00,10.562183
2020-04-02 20:00:00,10.562183
2020-04-02 21:00:00,10.562183
2020-04-02 22:00:00,10.335649
2020-04-02 23:00:00,10.137431
2020-04-03 00:00:00,9.939213
2020-04-03 01:00:00,9.825946
2020-04-03 02:00:00,9.825946
2020-04-03 03:00:00,9.939213
2020-04-03 04:00:00,9.825946
2020-04-03 05:00:00,10.137431
2020-04-03 06:00:00,10.250698
2020-04-03 07:00:00,9.939213
2020-04-03 08:00:00,9.825946
2020-04-03 09:00:00,10.137431
2020-04-03 10:00:00,10.137431
2020-04-03 11:00:00,10.024163
2020-04-03 12:00:00,9.939213
2020-04-03 13:00:00,9.939213
2020-04-03 14:00:00,9.825946
2020-04-03 15:00:00,9.825946
2020-04-03 16:00:00,9.6277275
2020-04-03 17:00:00,9.514461
2020-04-03 18:00:00,9.316242
2020-04-03 19:00:00,9.118025
2020-04-03 20:00:00,9.118025
2020-04-03 21:00:00,8.89149
2020-04-03 22:00:00,9.004757
2020-04-03 23:00:00,9.004757
2020-04-04 00:00:00,9.004757
2020-04-04 01:00:00,8.80654
2020-04-04 02:00:00,8.693272
2020-04-04 03:00:00,8.80654
2020-04-04 04:00:00,8.80654
2020-04-04 05:00:00,8.80654
2020-04-04 06:00:00,8.89149
2020-04-04 07:00:00,8.89149
2020-04-04 08:00:00,8.80654
2020-04-04 09:00:00,8.89149
2020-04-04 10:00:00,9.118025
2020-04-04 11:00:00,9.004757
2020-04-04 12:00:00,8.89149
2020-04-04 13:00:00,8.89149
2020-04-04 14:00:00,8.693272
2020-04-04 15:00:00,8.89149
2020-04-04 16:00:00,8.693272
2020-04-04 17:00:00,8.580005
2020-04-04 18:00:00,8.580005
2020-04-04 19:00:00,8.580005
2020-04-04 20:00:00,8.268519
2020-04-04 21:00:00,8.495054
2020-04-04 22:00:00,8.381786
2020-04-04 23:00:00,8.381786
2020-04-05 00:00:00,8.183569
2020-04-05 01:00:00,7.9853506
2020-04-05 02:00:00,8.183569
2020-04-05 03:00:00,8.070301
2020-04-05 04:00:00,8.070301
2020-04-05 05:00:00,8.070301
2020-04-05 06:00:00,8.070301
2020-04-05 07:00:00,8.381786
2020-04-05 08:00:00,8.183569
2020-04-05 09:00:00,8.268519
2020-04-05 10:00:00,8.268519
2020-04-05 11:00:00,8.381786
2020-04-05 12:00:00,8.381786
2020-04-05 13:00:00,8.495054
2020-04-05 14:00:00,8.495054
2020-04-05 15:00:00,8.268519
2020-04-05 16:00:00,8.381786
2020-04-05 17:00:00,8.495054
2020-04-05 18:00:00,8.268519
2020-04-05 19:00:00,8.268519
2020-04-05 20:00:00,8.381786
2020-04-05 21:00:00,8.268519
2020-04-05 22:00:00,8.183569
2020-04-05 23:00:00,8.070301
2020-04-06 00:00:00,8.268519
2020-04-06 01:00:00,8.381786
2020-04-06 02:00:00,8.268519
2020-04-06 03:00:00,8.268519
2020-04-06 04:00:00,8.381786
2020-04-06 05:00:00,8.495054
2020-04-06 06:00:00,8.693272
2020-04-06 07:00:00,8.693272
2020-04-06 08:00:00,8.580005
2020-04-06 09:00:00,8.580005
2020-04-06 10:00:00,8.693272
2020-04-06 11:00:00,8.693272
2020-04-06 12:00:00,8.693272
2020-04-06 13:00:00,8.80654
2020-04-06 14:00:00,8.80654
2020-04-06 15:00:00,8.693272
2020-04-06 16:00:00,9.004757
2020-04-06 17:00:00,8.80654
2020-04-06 18:00:00,8.80654
2020-04-06 19:00:00,8.89149
2020-04-06 20:00:00,8.693272
2020-04-06 21:00:00,8.89149
2020-04-06 22:00:00,8.80654
2020-04-06 23:00:00,8.693272
2020-04-07 00:00:00,8.80654
2020-04-07 01:00:00,8.80654
2020-04-07 02:00:00,8.80654
2020-04-07 03:00:00,8.89149
2020-04-07 04:00:00,8.89149
2020-04-07 05:00:00,8.89149
2020-04-07 06:00:00,9.004757
2020-04-07 07:00:00,9.118025
2020-04-07 08:00:00,9.004757
2020-04-07 09:00:00,9.316242
2020-04-07 10:00:00,9.401193
2020-04-07 11:00:00,9.514461
2020-04-07 12:00:00,9.6277275
2020-04-07 13:00:00,9.825946
2020-04-07 14:00:00,9.825946
2020-04-07 15:00:00,9.825946
2020-04-07 16:00:00,9.825946
2020-04-07 17:00:00,9.939213
2020-04-07 18:00:00,9.825946
2020-04-07 19:00:00,10.024163
2020-04-07 20:00:00,10.024163
2020-04-07 21:00:00,10.137431
2020-04-07 22:00:00,9.939213
2020-04-07 23:00:00,10.137431
2020-04-08 00:00:00,10.024163
2020-04-08 01:00:00,10.024163
2020-04-08 02:00:00,10.137431
2020-04-08 03:00:00,10.137431
2020-04-08 04:00:00,10.335649
2020-04-08 05:00:00,10.335649
2020-04-08 06:00:00,10.335649
2020-04-08 07:00:00,10.562183
2020-04-08 08:00:00,10.647134
2020-04-08 09:00:00,10.873669
2020-04-08 10:00:00,10.873669
2020-04-08 11:00:00,11.071887
2020-04-08 12:00:00,11.298422
2020-04-08 13:00:00,11.298422
2020-04-08 14:00:00,11.496639
2020-04-08 15:00:00,11.496639
2020-04-08 16:00:00,11.694858
2020-04-08 17:00:00,11.808125
2020-04-08 18:00:00,11.808125
2020-04-08 19:00:00,11.808125
2020-04-08 20:00:00,11.694858
2020-04-08 21:00:00,11.694858
2020-04-08 22:00:00,11.694858
2020-04-08 23:00:00,11.609907
2020-04-09 00:00:00,11.694858
2020-04-09 01:00:00,11.383372
2020-04-09 02:00:00,11.609907
2020-04-09 03:00:00,11.808125
2020-04-09 04:00:00,11.808125
2020-04-09 05:00:00,12.232878
2020-04-09 06:00:00,12.346145
2020-04-09 07:00:00,12.431095
2020-04-09 08:00:00,12.969115
2020-04-09 09:00:00,13.167334
2020-04-09 10:00:00,13.592086
2020-04-09 11:00:00,13.393868
2020-04-09 12:00:00,14.130106
2020-04-09 13:00:00,14.441591
2020-04-09 14:00:00,14.63981
2020-04-09 15:00:00,14.554859
2020-04-09 16:00:00,14.951295
2020-04-09 17:00:00,14.554859
2020-04-09 18:00:00,14.951295
2020-04-09 19:00:00,14.63981
2020-04-09 20:00:00,14.866344
2020-04-09 21:00:00,14.866344
2020-04-09 22:00:00,14.328324
2020-04-09 23:00:00,14.328324
2020-04-10 00:00:00,14.441591
2020-04-10 01:00:00,14.016839
2020-04-10 02:00:00,14.243374
2020-04-10 03:00:00,14.554859
2020-04-10 04:00:00,14.441591
2020-04-10 05:00:00,14.753077
2020-04-10 06:00:00,15.26278
2020-04-10 07:00:00,15.26278
2020-04-10 08:00:00,16.310503
2020-04-10 09:00:00,16.621988
2020-04-10 10:00:00,17.131691
2020-04-10 11:00:00,17.754663
2020-04-10 12:00:00,18.377634
2020-04-10 13:00:00,18.4909
2020-04-10 14:00:00,19.000605
2020-04-10 15:00:00,18.802385
2020-04-10 16:00:00,18.887337
2020-04-10 17:00:00,18.887337
2020-04-10 18:00:00,18.887337
2020-04-10 19:00:00,18.264366
2020-04-10 20:00:00,18.575851
2020-04-10 21:00:00,18.4909
2020-04-10 22:00:00,17.95288
2020-04-10 23:00:00,17.754663
2020-04-11 00:00:00,17.641396
2020-04-11 01:00:00,17.556444
2020-04-11 02:00:00,17.556444
2020-04-11 03:00:00,17.556444
2020-04-11 04:00:00,17.86793
2020-04-11 05:00:00,18.264366
2020-04-11 06:00:00,18.575851
2020-04-11 07:00:00,19.31209
2020-04-11 08:00:00,19.85011
2020-04-11 09:00:00,20.359812
2020-04-11 10:00:00,21.0111
2020-04-11 11:00:00,21.407536
2020-04-11 12:00:00,21.634071
2020-04-11 13:00:00,22.143774
2020-04-11 14:00:00,22.143774
2020-04-11 15:00:00,22.058823
2020-04-11 16:00:00,21.634071
2020-04-11 17:00:00,21.634071
2020-04-11 18:00:00,21.209318
2020-04-11 19:00:00,21.0111
2020-04-11 20:00:00,21.09605
2020-04-11 21:00:00,20.897833
2020-04-11 22:00:00,20.161594
2020-04-11 23:00:00,20.048326
2020-04-12 00:00:00,19.538624
2020-04-12 01:00:00,19.623575
2020-04-12 02:00:00,19.623575
2020-04-12 03:00:00,19.425356
2020-04-12 04:00:00,19.425356
2020-04-12 05:00:00,19.425356
2020-04-12 06:00:00,19.31209
2020-04-12 07:00:00,19.538624
2020-04-12 08:00:00,19.425356
2020-04-12 09:00:00,19.538624
2020-04-12 10:00:00,19.11387
2020-04-12 11:00:00,19.11387
2020-04-12 12:00:00,18.802385
2020-04-12 13:00:00,19.11387
2020-04-12 14:00:00,18.802385
2020-04-12 15:00:00,19.000605
2020-04-12 16:00:00,18.4909
2020-04-12 17:00:00,18.4909
2020-04-12 18:00:00,18.264366
2020-04-12 19:00:00,18.066149
2020-04-12 20:00:00,17.86793
2020-04-12 21:00:00,17.641396
2020-04-12 22:00:00,17.244959
2020-04-12 23:00:00,17.018425
2020-04-13 00:00:00,17.131691
2020-04-13 01:00:00,16.933474
2020-04-13 02:00:00,16.621988
2020-04-13 03:00:00,16.933474
2020-04-13 04:00:00,16.50872
2020-04-13 05:00:00,16.50872
2020-04-13 06:00:00,16.395454
2020-04-13 07:00:00,16.395454
2020-04-13 08:00:00,16.50872
2020-04-13 09:00:00,16.310503
2020-04-13 10:00:00,16.197235
2020-04-13 11:00:00,16.08397
2020-04-13 12:00:00,15.999018
2020-04-13 13:00:00,15.687532
2020-04-13 14:00:00,15.772483
2020-04-13 15:00:00,15.376047
2020-04-13 16:00:00,15.26278
2020-04-13 17:00:00,14.951295
2020-04-13 18:00:00,15.26278
2020-04-13 19:00:00,15.064562
2020-04-13 20:00:00,14.753077
2020-04-13 21:00:00,14.63981
2020-04-13 22:00:00,14.554859
2020-04-13 23:00:00,14.328324
2020-04-14 00:00:00,14.441591
2020-04-14 01:00:00,14.243374
2020-04-14 02:00:00,14.130106
2020-04-14 03:00:00,14.243374
2020-04-14 04:00:00,13.903571
2020-04-14 05:00:00,14.016839
2020-04-14 06:00:00,13.705354
2020-04-14 07:00:00,13.705354
2020-04-14 08:00:00,13.903571
2020-04-14 09:00:00,13.903571
2020-04-14 10:00:00,13.592086
2020-04-14 11:00:00,13.478819
2020-04-14 12:00:00,13.818621
2020-04-14 13:00:00,13.818621
2020-04-14 14:00:00,13.705354
2020-04-14 15:00:00,13.393868
2020-04-14 16:00:00,13.393868
2020-04-14 17:00:00,13.393868
2020-04-14 18:00:00,13.280601
2020-04-14 19:00:00,13.082383
2020-04-14 20:00:00,12.969115
2020-04-14 21:00:00,12.969115
2020-04-14 22:00:00,13.082383
2020-04-14 23:00:00,12.74258
2020-04-15 00:00:00,12.855848
2020-04-15 01:00:00,12.74258
2020-04-15 02:00:00,12.65763
2020-04-15 03:00:00,12.431095
2020-04-15 04:00:00,12.855848
2020-04-15 05:00:00,12.74258
2020-04-15 06:00:00,12.855848
2020-04-15 07:00:00,12.855848
2020-04-15 08:00:00,12.855848
2020-04-15 09:00:00,12.544363
2020-04-15 10:00:00,12.855848
2020-04-15 11:00:00,13.082383
2020-04-15 12:00:00,13.167334
2020-04-15 13:00:00,13.167334
2020-04-15 14:00:00,12.969115
2020-04-15 15:00:00,12.969115
2020-04-15 16:00:00,12.969115
2020-04-15 17:00:00,12.969115
2020-04-15 18:00:00,12.65763
2020-04-15 19:00:00,12.431095
2020-04-15 20:00:00,12.65763
2020-04-15 21:00:00,12.969115
2020-04-15 22:00:00,12.855848
2020-04-15 23:00:00,12.65763
2020-04-16 00:00:00,12.74258
2020-04-16 01:00:00,12.74258
2020-04-16 02:00:00,12.65763
2020-04-16 03:00:00,12.65763
2020-04-16 04:00:00,12.74258
2020-04-16 05:00:00,12.544363
2020-04-16 06:00:00,12.431095
2020-04-16 07:00:00,12.65763
2020-04-16 08:00:00,13.082383
2020-04-16 09:00:00,13.082383
2020-04-16 10:00:00,13.082383
2020-04-16 11:00:00,13.167334
2020-04-16 12:00:00,13.082383
2020-04-16 13:00:00,13.082383
2020-04-16 14:00:00,13.167334
2020-04-16 15:00:00,13.082383
2020-04-16 16:00:00,13.082383
2020-04-16 17:00:00,12.65763
2020-04-16 18:00:00,12.65763
2020-04-16 19:00:00,12.346145
2020-04-16 20:00:00,12.65763
2020-04-16 21:00:00,12.65763
2020-04-16 22:00:00,12.431095
2020-04-16 23:00:00,12.11961
2020-04-17 00:00:00,12.544363
2020-04-17 01:00:00,12.006343
2020-04-17 02:00:00,12.11961
2020-04-17 03:00:00,12.232878
2020-04-17 04:00:00,12.232878
2020-04-17 05:00:00,12.11961
2020-04-17 06:00:00,12.346145
2020-04-17 07:00:00,12.346145
2020-04-17 08:00:00,12.431095
2020-04-17 09:00:00,12.11961
2020-04-17 10:00:00,12.65763
2020-04-17 11:00:00,12.346145
2020-04-17 12:00:00,12.544363
2020-04-17 13:00:00,12.65763
2020-04-17 14:00:00,12.431095
2020-04-17 15:00:00,12.65763
2020-04-17 16:00:00,12.544363
2020-04-17 17:00:00,12.544363
2020-04-17 18:00:00,12.544363
2020-04-17 19:00:00,12.431095
2020-04-17 20:00:00,12.232878
2020-04-17 21:00:00,12.346145
2020-04-17 22:00:00,11.921392
2020-04-17 23:00:00,12.006343
2020-04-18 00:00:00,12.11961
2020-04-18 01:00:00,12.11961
2020-04-18 02:00:00,12.232878
2020-04-18 03:00:00,12.11961
2020-04-18 04:00:00,12.346145
2020-04-18 05:00:00,12.431095
2020-04-18 06:00:00,12.232878
2020-04-18 07:00:00,12.544363
2020-04-18 08:00:00,12.74258
2020-04-18 09:00:00,12.969115
2020-04-18 10:00:00,12.969115
2020-04-18 11:00:00,13.280601
2020-04-18 12:00:00,13.280601
2020-04-18 13:00:00,13.478819
2020-04-18 14:00:00,13.705354
2020-04-18 15:00:00,13.280601
2020-04-18 16:00:00,13.478819
2020-04-18 17:00:00,13.478819
2020-04-18 18:00:00,13.592086
2020-04-18 19:00:00,13.478819
2020-04-18 20:00:00,13.167334
2020-04-18 21:00:00,13.393868
2020-04-18 22:00:00,13.082383
2020-04-18 23:00:00,13.082383
2020-04-19 00:00:00,13.082383
2020-04-19 01:00:00,13.082383
2020-04-19 02:00:00,12.969115
2020-04-19 03:00:00,13.082383
2020-04-19 04:00:00,13.082383
2020-04-19 05:00:00,13.167334
2020-04-19 06:00:00,13.280601
2020-04-19 07:00:00,13.393868
2020-04-19 08:00:00,13.478819
2020-04-19 09:00:00,13.592086
2020-04-19 10:00:00,13.592086
2020-04-19 11:00:00,14.243374
2020-04-19 12:00:00,14.243374
2020-04-19 13:00:00,14.328324
2020-04-19 14:00:00,14.243374
2020-04-19 15:00:00,14.441591
2020-04-19 16:00:00,14.328324
2020-04-19 17:00:00,14.441591
2020-04-19 18:00:00,14.328324
2020-04-19 19:00:00,14.441591
2020-04-19 20:00:00,14.328324
2020-04-19 21:00:00,14.016839
2020-04-19 22:00:00,14.130106
2020-04-19 23:00:00,13.705354
2020-04-20 00:00:00,13.903571
2020-04-20 01:00:00,13.705354
2020-04-20 02:00:00,13.903571
2020-04-20 03:00:00,13.903571
2020-04-20 04:00:00,14.016839
2020-04-20 05:00:00,14.130106
2020-04-20 06:00:00,14.328324
2020-04-20 07:00:00,14.441591
2020-04-20 08:00:00,14.866344
2020-04-20 09:00:00,14.753077
2020-04-20 10:00:00,15.064562
2020-04-20 11:00:00,15.149512
2020-04-20 12:00:00,15.26278
2020-04-20 13:00:00,15.064562
2020-04-20 14:00:00,15.376047
2020-04-20 15:00:00,15.460998
2020-04-20 16:00:00,15.5742655
2020-04-20 17:00:00,15.5742655
2020-04-20 18:00:00,15.687532
2020-04-20 19:00:00,15.5742655
2020-04-20 20:00:00,15.376047
2020-04-20 21:00:00,15.26278
2020-04-20 22:00:00,15.26278
2020-04-20 23:00:00,15.064562
2020-04-21 00:00:00,15.149512
2020-04-21 01:00:00,14.951295
2020-04-21 02:00:00,15.064562
2020-04-21 03:00:00,14.866344
2020-04-21 04:00:00,14.866344
2020-04-21 05:00:00,15.149512
2020-04-21 06:00:00,15.999018
2020-04-21 07:00:00,16.395454
2020-04-21 08:00:00,16.621988
2020-04-21 09:00:00,16.820206
2020-04-21 10:00:00,17.244959
2020-04-21 11:00:00,17.556444
2020-04-21 12:00:00,17.443176
2020-04-21 13:00:00,18.179415
2020-04-21 14:00:00,17.95288
2020-04-21 15:00:00,18.264366
2020-04-21 16:00:00,18.066149
2020-04-21 17:00:00,18.377634
2020-04-21 18:00:00,18.179415
2020-04-21 19:00:00,17.95288
2020-04-21 20:00:00,17.754663
2020-04-21 21:00:00,17.641396
2020-04-21 22:00:00,17.556444
2020-04-21 23:00:00,17.131691
2020-04-22 00:00:00,17.244959
2020-04-22 01:00:00,17.131691
2020-04-22 02:00:00,17.131691
2020-04-22 03:00:00,17.443176
2020-04-22 04:00:00,17.244959
2020-04-22 05:00:00,17.95288
2020-04-22 06:00:00,17.95288
2020-04-22 07:00:00,18.68912
2020-04-22 08:00:00,18.887337
2020-04-22 09:00:00,19.538624
2020-04-22 10:00:00,19.736841
2020-04-22 11:00:00,20.161594
2020-04-22 12:00:00,20.359812
2020-04-22 13:00:00,20.671297
2020-04-22 14:00:00,20.671297
2020-04-22 15:00:00,20.586348
2020-04-22 16:00:00,20.671297
2020-04-22 17:00:00,20.586348
2020-04-22 18:00:00,20.274862
2020-04-22 19:00:00,20.161594
2020-04-22 20:00:00,20.161594
2020-04-22 21:00:00,19.736841
2020-04-22 22:00:00,19.425356
2020-04-22 23:00:00,19.31209
2020-04-23 00:00:00,19.31209
2020-04-23 01:00:00,19.11387
2020-04-23 02:00:00,18.802385
2020-04-23 03:00:00,19.000605
2020-04-23 04:00:00,19.227139
2020-04-23 05:00:00,19.31209
2020-04-23 06:00:00,19.623575
2020-04-23 07:00:00,19.736841
2020-04-23 08:00:00,19.85011
2020-04-23 09:00:00,20.47308
2020-04-23 10:00:00,21.09605
2020-04-23 11:00:00,21.09605
2020-04-23 12:00:00,21.407536
2020-04-23 13:00:00,21.747337
2020-04-23 14:00:00,22.143774
2020-04-23 15:00:00,22.370308
2020-04-23 16:00:00,22.993279
2020-04-23 17:00:00,23.418032
2020-04-23 18:00:00,23.106546
2020-04-23 19:00:00,23.842785
2020-04-23 20:00:00,24.15427
2020-04-23 21:00:00,23.95605
2020-04-23 22:00:00,24.267538
2020-04-23 23:00:00,24.267538
2020-04-24 00:00:00,23.95605
2020-04-24 01:00:00,24.15427
2020-04-24 02:00:00,24.069319
2020-04-24 03:00:00,24.069319
2020-04-24 04:00:00,24.494072
2020-04-24 05:00:00,24.60734
2020-04-24 06:00:00,24.380804
2020-04-24 07:00:00,24.833874
2020-04-24 08:00:00,25.173676
2020-04-24 09:00:00,24.947142
2020-04-24 10:00:00,25.173676
2020-04-24 11:00:00,25.48516
2020-04-24 12:00:00,25.711697
2020-04-24 13:00:00,25.173676
2020-04-24 14:00:00,25.06041
2020-04-24 15:00:00,24.833874
2020-04-24 16:00:00,24.494072
2020-04-24 17:00:00,24.267538
2020-04-24 18:00:00,23.729517
2020-04-24 19:00:00,23.95605
2020-04-24 20:00:00,23.33308
2020-04-24 21:00:00,23.106546
2020-04-24 22:00:00,22.795061
2020-04-24 23:00:00,22.257042
2020-04-25 00:00:00,22.370308
2020-04-25 01:00:00,21.945557
2020-04-25 02:00:00,21.832289
2020-04-25 03:00:00,21.747337
2020-04-25 04:00:00,21.634071
2020-04-25 05:00:00,21.520803
2020-04-25 06:00:00,21.832289
2020-04-25 07:00:00,21.747337
2020-04-25 08:00:00,21.634071
2020-04-25 09:00:00,21.634071
2020-04-25 10:00:00,21.747337
2020-04-25 11:00:00,21.634071
2020-04-25 12:00:00,21.747337
2020-04-25 13:00:00,21.634071
2020-04-25 14:00:00,21.634071
2020-04-25 15:00:00,21.407536
2020-04-25 16:00:00,21.322586
2020-04-25 17:00:00,20.671297
2020-04-25 18:00:00,20.897833
2020-04-25 19:00:00,20.897833
2020-04-25 20:00:00,20.359812
2020-04-25 21:00:00,20.359812
2020-04-25 22:00:00,20.274862
2020-04-25 23:00:00,19.93506
2020-04-26 00:00:00,20.048326
2020-04-26 01:00:00,19.93506
2020-04-26 02:00:00,19.85011
2020-04-26 03:00:00,19.623575
2020-04-26 04:00:00,19.85011
2020-04-26 05:00:00,20.048326
2020-04-26 06:00:00,20.274862
2020-04-26 07:00:00,20.586348
2020-04-26 08:00:00,20.784565
2020-04-26 09:00:00,21.0111
2020-04-26 10:00:00,21.322586
2020-04-26 11:00:00,21.322586
2020-04-26 12:00:00,21.747337
2020-04-26 13:00:00,21.832289
2020-04-26 14:00:00,21.747337
2020-04-26 15:00:00,22.257042
2020-04-26 16:00:00,22.058823
2020-04-26 17:00:00,22.370308
2020-04-26 18:00:00,22.058823
2020-04-26 19:00:00,22.568527
2020-04-26 20:00:00,22.483576
2020-04-26 21:00:00,22.370308
2020-04-26 22:00:00,22.058823
2020-04-26 23:00:00,21.945557
2020-04-27 00:00:00,21.832289
2020-04-27 01:00:00,22.143774
2020-04-27 02:00:00,22.058823
2020-04-27 03:00:00,22.993279
2020-04-27 04:00:00,23.106546
2020-04-27 05:00:00,23.644566
2020-04-27 06:00:00,24.15427
2020-04-27 07:00:00,25.06041
2020-04-27 08:00:00,25.48516
2020-04-27 09:00:00,26.051498
2020-04-27 10:00:00,26.532885
2020-04-27 11:00:00,26.75942
2020-04-27 12:00:00,26.278032
2020-04-27 13:00:00,26.75942
2020-04-27 14:00:00,26.75942
2020-04-27 15:00:00,26.278032
2020-04-27 16:00:00,26.3913
2020-04-27 17:00:00,25.48516
2020-04-27 18:00:00,25.711697
2020-04-27 19:00:00,25.598429
2020-04-27 20:00:00,25.173676
2020-04-27 21:00:00,24.60734
2020-04-27 22:00:00,24.60734
2020-04-27 23:00:00,24.60734
2020-04-28 00:00:00,24.494072
2020-04-28 01:00:00,24.267538
2020-04-28 02:00:00,24.15427
2020-04-28 03:00:00,24.720606
2020-04-28 04:00:00,23.842785
2020-04-28 05:00:00,24.947142
2020-04-28 06:00:00,25.06041
2020-04-28 07:00:00,25.06041
2020-04-28 08:00:00,24.947142
2020-04-28 09:00:00,25.711697
2020-04-28 10:00:00,25.598429
2020-04-28 11:00:00,25.711697
2020-04-28 12:00:00,25.824965
2020-04-28 13:00:00,25.824965
2020-04-28 14:00:00,25.93823
2020-04-28 15:00:00,25.824965
2020-04-28 16:00:00,25.598429
2020-04-28 17:00:00,25.06041
2020-04-28 18:00:00,25.286943
2020-04-28 19:00:00,24.720606
2020-04-28 20:00:00,24.720606
2020-04-28 21:00:00,24.267538
2020-04-28 22:00:00,24.069319
2020-04-28 23:00:00,23.729517
2020-04-29 00:00:00,23.644566
2020-04-29 01:00:00,23.729517
2020-04-29 02:00:00,23.842785
2020-04-29 03:00:00,24.069319
2020-04-29 04:00:00,24.069319
2020-04-29 05:00:00,24.833874
2020-04-29 06:00:00,24.720606
2020-04-29 07:00:00,25.598429
2020-04-29 08:00:00,26.051498
2020-04-29 09:00:00,26.872686
2020-04-29 10:00:00,26.985954
2020-04-29 11:00:00,27.552292
2020-04-29 12:00:00,27.439024
2020-04-29 13:00:00,27.552292
2020-04-29 14:00:00,27.325756
2020-04-29 15:00:00,26.75942
2020-04-29 16:00:00,26.872686
2020-04-29 17:00:00,26.872686
2020-04-29 18:00:00,26.646152
2020-04-29 19:00:00,26.051498
2020-04-29 20:00:00,25.824965
2020-04-29 21:00:00,25.824965
2020-04-29 22:00:00,25.400211
2020-04-29 23:00:00,24.947142
2020-04-30 00:00:00,24.494072
2020-04-30 01:00:00,24.947142
2020-04-30 02:00:00,25.173676
2020-04-30 03:00:00,25.173676
2020-04-30 04:00:00,26.051498
2020-04-30 05:00:00,26.646152
2020-04-30 06:00:00,27.099222
2020-04-30 07:00:00,28.146946
2020-04-30 08:00:00,28.316847
2020-04-30 09:00:00,29.732689
2020-04-30 10:00:00,30.015858
2020-04-30 11:00:00,31.4317
2020-04-30 12:00:00,32.281204
2020-04-30 13:00:00,31.998035
2020-04-30 14:00:00,32.281204
2020-04-30 15:00:00,31.148531
2020-04-30 16:00:00,32.281204
2020-04-30 17:00:00,31.998035
2020-04-30 18:00:00,31.148531
2020-04-30 19:00:00,30.865362
2020-04-30 20:00:00,30.865362
2020-04-30 21:00:00,30.865362
2020-04-30 22:00:00,31.4317
2020-04-30 23:00:00,30.865362
2020-05-01 00:00:00,30.865362
2020-05-01 01:00:00,31.148531
2020-05-01 02:00:00,32.281204
2020-05-01 03:00:00,33.13071
2020-05-01 04:00:00,33.41388
2020-05-01 05:00:00,34.263382
2020-05-01 06:00:00,34.54655
2020-05-01 07:00:00,37.09507
2020-05-01 08:00:00,37.661404
2020-05-01 09:00:00,39.643585
2020-05-01 10:00:00,40.209923
2020-05-01 11:00:00,40.209923
2020-05-01 12:00:00,39.077248
2020-05-01 13:00:00,38.22774
2020-05-01 14:00:00,37.661404
2020-05-01 15:00:00,37.37824
2020-05-01 16:00:00,36.245564
2020-05-01 17:00:00,35.396057
2020-05-01 18:00:00,34.54655
2020-05-01 19:00:00,33.41388
2020-05-01 20:00:00,33.69705
2020-05-01 21:00:00,33.13071
2020-05-01 22:00:00,32.281204
2020-05-01 23:00:00,32.281204
2020-05-02 00:00:00,31.714869
2020-05-02 01:00:00,31.148531
2020-05-02 02:00:00,31.4317
2020-05-02 03:00:00,30.299025
2020-05-02 04:00:00,30.582193
2020-05-02 05:00:00,30.865362
2020-05-02 06:00:00,30.865362
2020-05-02 07:00:00,30.582193
2020-05-02 08:00:00,30.865362
2020-05-02 09:00:00,31.4317
2020-05-02 10:00:00,31.148531
2020-05-02 11:00:00,30.582193
2020-05-02 12:00:00,30.865362
2020-05-02 13:00:00,30.299025
2020-05-02 14:00:00,29.732689
2020-05-02 15:00:00,29.732689
2020-05-02 16:00:00,29.166351
2020-05-02 17:00:00,28.883183
2020-05-02 18:00:00,28.600014
2020-05-02 19:00:00,28.316847
2020-05-02 20:00:00,27.92041
2020-05-02 21:00:00,28.033678
2020-05-02 22:00:00,27.92041
2020-05-02 23:00:00,27.552292
2020-05-03 00:00:00,26.646152
2020-05-03 01:00:00,26.75942
2020-05-03 02:00:00,26.872686
2020-05-03 03:00:00,27.212488
2020-05-03 04:00:00,27.099222
2020-05-03 05:00:00,27.665558
2020-05-03 06:00:00,27.439024
2020-05-03 07:00:00,27.099222
2020-05-03 08:00:00,28.600014
2020-05-03 09:00:00,28.883183
2020-05-03 10:00:00,28.600014
2020-05-03 11:00:00,29.166351
2020-05-03 12:00:00,28.883183
2020-05-03 13:00:00,29.732689
2020-05-03 14:00:00,29.732689
2020-05-03 15:00:00,28.883183
2020-05-03 16:00:00,28.883183
2020-05-03 17:00:00,28.316847
2020-05-03 18:00:00,29.166351
2020-05-03 19:00:00,28.883183
2020-05-03 20:00:00,29.44952
2020-05-03 21:00:00,28.316847
2020-05-03 22:00:00,29.166351
2020-05-03 23:00:00,28.883183
2020-05-04 00:00:00,28.883183
2020-05-04 01:00:00,28.316847
2020-05-04 02:00:00,28.883183
2020-05-04 03:00:00,28.316847
2020-05-04 04:00:00,28.600014
2020-05-04 05:00:00,28.260212
2020-05-04 06:00:00,28.883183
2020-05-04 07:00:00,28.883183
2020-05-04 08:00:00,28.600014
2020-05-04 09:00:00,28.883183
2020-05-04 10:00:00,29.166351
2020-05-04 11:00:00,29.166351
2020-05-04 12:00:00,28.883183
2020-05-04 13:00:00,28.260212
2020-05-04 14:00:00,28.883183
2020-05-04 15:00:00,28.146946
2020-05-04 16:00:00,27.778826
2020-05-04 17:00:00,28.146946
2020-05-04 18:00:00,27.665558
2020-05-04 19:00:00,27.325756
2020-05-04 20:00:00,26.872686
2020-05-04 21:00:00,27.212488
2020-05-04 22:00:00,26.985954
2020-05-04 23:00:00,26.3913
2020-05-05 00:00:00,26.051498
2020-05-05 01:00:00,26.164766
2020-05-05 02:00:00,26.278032
2020-05-05 03:00:00,25.48516
2020-05-05 04:00:00,25.711697
2020-05-05 05:00:00,25.711697
2020-05-05 06:00:00,25.598429
2020-05-05 07:00:00,26.164766
2020-05-05 08:00:00,26.164766
2020-05-05 09:00:00,25.711697
2020-05-05 10:00:00,26.3913
2020-05-05 11:00:00,26.646152
2020-05-05 12:00:00,25.93823
2020-05-05 13:00:00,27.099222
2020-05-05 14:00:00,26.985954
2020-05-05 15:00:00,26.164766
2020-05-05 16:00:00,26.164766
2020-05-05 17:00:00,25.48516
2020-05-05 18:00:00,25.598429
2020-05-05 19:00:00,25.598429
2020-05-05 20:00:00,25.598429
2020-05-05 21:00:00,24.494072
2020-05-05 22:00:00,25.286943
2020-05-05 23:00:00,24.833874
2020-05-06 00:00:00,24.60734
2020-05-06 01:00:00,24.494072
2020-05-06 02:00:00,24.267538
2020-05-06 03:00:00,24.267538
2020-05-06 04:00:00,24.947142
2020-05-06 05:00:00,24.60734
2020-05-06 06:00:00,25.48516
2020-05-06 07:00:00,25.48516
2020-05-06 08:00:00,26.164766
2020-05-06 09:00:00,26.646152
2020-05-06 10:00:00,26.532885
2020-05-06 11:00:00,27.212488
2020-05-06 12:00:00,27.099222
2020-05-06 13:00:00,27.439024
2020-05-06 14:00:00,27.439024
2020-05-06 15:00:00,27.212488
2020-05-06 16:00:00,26.872686
2020-05-06 17:00:00,26.872686
2020-05-06 18:00:00,26.646152
2020-05-06 19:00:00,26.051498
2020-05-06 20:00:00,25.824965
2020-05-06 21:00:00,25.824965
2020-05-06 22:00:00,25.598429
2020-05-06 23:00:00,25.93823
2020-05-07 00:00:00,25.93823
2020-05-07 01:00:00,25.711697
2020-05-07 02:00:00,25.824965
2020-05-07 03:00:00,25.598429
2020-05-07 04:00:00,25.48516
2020-05-07 05:00:00,25.173676
2020-05-07 06:00:00,24.947142
2020-05-07 07:00:00,25.400211
2020-05-07 08:00:00,25.400211
2020-05-07 09:00:00,25.173676
2020-05-07 10:00:00,25.286943
2020-05-07 11:00:00,25.48516
2020-05-07 12:00:00,25.06041
2020-05-07 13:00:00,25.400211
2020-05-07 14:00:00,25.173676
2020-05-07 15:00:00,25.06041
2020-05-07 16:00:00,24.380804
2020-05-07 17:00:00,24.60734
2020-05-07 18:00:00,24.494072
2020-05-07 19:00:00,24.15427
2020-05-07 20:00:00,24.069319
2020-05-07 21:00:00,23.842785
2020-05-07 22:00:00,23.729517
2020-05-07 23:00:00,23.5313
2020-05-08 00:00:00,23.5313
2020-05-08 01:00:00,23.418032
2020-05-08 02:00:00,23.106546
2020-05-08 03:00:00,23.33308
2020-05-08 04:00:00,23.219814
2020-05-08 05:00:00,23.33308
2020-05-08 06:00:00,23.106546
2020-05-08 07:00:00,23.418032
2020-05-08 08:00:00,23.842785
2020-05-08 09:00:00,24.069319
2020-05-08 10:00:00,23.729517
2020-05-08 11:00:00,24.069319
2020-05-08 12:00:00,24.494072
2020-05-08 13:00:00,24.267538
2020-05-08 14:00:00,24.15427
2020-05-08 15:00:00,24.267538
2020-05-08 16:00:00,24.15427
2020-05-08 17:00:00,23.842785
2020-05-08 18:00:00,23.644566
2020-05-08 19:00:00,23.5313
2020-05-08 20:00:00,23.219814
2020-05-08 21:00:00,23.219814
2020-05-08 22:00:00,23.106546
2020-05-08 23:00:00,23.33308
2020-05-09 00:00:00,22.681793
2020-05-09 01:00:00,22.483576
2020-05-09 02:00:00,22.568527
2020-05-09 03:00:00,22.908329
2020-05-09 04:00:00,22.568527
2020-05-09 05:00:00,22.483576
2020-05-09 06:00:00,23.106546
2020-05-09 07:00:00,23.418032
2020-05-09 08:00:00,23.842785
2020-05-09 09:00:00,23.842785
2020-05-09 10:00:00,24.267538
2020-05-09 11:00:00,24.60734
2020-05-09 12:00:00,24.720606
2020-05-09 13:00:00,25.06041
2020-05-09 14:00:00,24.60734
2020-05-09 15:00:00,24.720606
2020-05-09 16:00:00,24.833874
2020-05-09 17:00:00,24.380804
2020-05-09 18:00:00,24.069319
2020-05-09 19:00:00,23.95605
2020-05-09 20:00:00,23.842785
2020-05-09 21:00:00,23.644566
2020-05-09 22:00:00,23.33308
2020-05-09 23:00:00,23.219814
2020-05-10 00:00:00,22.993279
2020-05-10 01:00:00,22.908329
2020-05-10 02:00:00,23.106546
2020-05-10 03:00:00,22.993279
2020-05-10 04:00:00,23.106546
2020-05-10 05:00:00,23.5313
2020-05-10 06:00:00,23.644566
2020-05-10 07:00:00,24.069319
2020-05-10 08:00:00,24.380804
2020-05-10 09:00:00,24.947142
2020-05-10 10:00:00,25.400211
2020-05-10 11:00:00,25.711697
2020-05-10 12:00:00,25.93823
2020-05-10 13:00:00,26.532885
2020-05-10 14:00:00,26.278032
2020-05-10 15:00:00,26.164766
2020-05-10 16:00:00,25.93823
2020-05-10 17:00:00,25.173676
2020-05-10 18:00:00,25.400211
2020-05-10 19:00:00,24.833874
2020-05-10 20:00:00,24.60734
2020-05-10 21:00:00,24.60734
2020-05-10 22:00:00,24.494072
2020-05-10 23:00:00,24.15427
2020-05-11 00:00:00,24.15427
2020-05-11 01:00:00,23.842785
2020-05-11 02:00:00,24.15427
2020-05-11 03:00:00,24.267538
2020-05-11 04:00:00,24.494072
2020-05-11 05:00:00,25.06041
2020-05-11 06:00:00,25.173676
2020-05-11 07:00:00,25.824965
2020-05-11 08:00:00,26.278032
2020-05-11 09:00:00,26.75942
2020-05-11 10:00:00,27.212488
2020-05-11 11:00:00,27.665558
2020-05-11 12:00:00,28.146946
2020-05-11 13:00:00,28.033678
2020-05-11 14:00:00,27.92041
2020-05-11 15:00:00,27.665558
2020-05-11 16:00:00,28.033678
2020-05-11 17:00:00,27.439024
2020-05-11 18:00:00,27.325756
2020-05-11 19:00:00,27.325756
2020-05-11 20:00:00,26.872686
2020-05-11 21:00:00,26.872686
2020-05-11 22:00:00,26.872686
2020-05-11 23:00:00,26.164766
2020-05-12 00:00:00,26.646152
2020-05-12 01:00:00,26.3913
2020-05-12 02:00:00,26.3913
2020-05-12 03:00:00,26.75942
2020-05-12 04:00:00,26.75942
2020-05-12 05:00:00,27.439024
2020-05-12 06:00:00,27.778826
2020-05-12 07:00:00,27.778826
2020-05-12 08:00:00,28.883183
2020-05-12 09:00:00,29.44952
2020-05-12 10:00:00,30.299025
2020-05-12 11:00:00,30.299025
2020-05-12 12:00:00,30.865362
2020-05-12 13:00:00,30.582193
2020-05-12 14:00:00,29.732689
2020-05-12 15:00:00,29.166351
2020-05-12 16:00:00,29.732689
2020-05-12 17:00:00,30.015858
2020-05-12 18:00:00,29.44952
2020-05-12 19:00:00,28.883183
2020-05-12 20:00:00,28.600014
2020-05-12 21:00:00,28.316847
2020-05-12 22:00:00,28.033678
2020-05-12 23:00:00,27.778826
2020-05-13 00:00:00,27.92041
2020-05-13 01:00:00,27.325756
2020-05-13 02:00:00,27.92041
2020-05-13 03:00:00,27.552292
2020-05-13 04:00:00,27.552292
2020-05-13 05:00:00,27.212488
2020-05-13 06:00:00,27.92041
2020-05-13 07:00:00,27.92041
2020-05-13 08:00:00,27.439024
2020-05-13 09:00:00,27.665558
2020-05-13 10:00:00,27.92041
2020-05-13 11:00:00,28.260212
2020-05-13 12:00:00,27.92041
2020-05-13 13:00:00,27.665558
2020-05-13 14:00:00,27.552292
2020-05-13 15:00:00,27.665558
2020-05-13 16:00:00,27.439024
2020-05-13 17:00:00,26.3913
2020-05-13 18:00:00,27.212488
2020-05-13 19:00:00,26.872686
2020-05-13 20:00:00,27.212488
2020-05-13 21:00:00,26.985954
2020-05-13 22:00:00,26.646152
2020-05-13 23:00:00,26.3913
2020-05-14 00:00:00,26.278032
2020-05-14 01:00:00,26.278032
2020-05-14 02:00:00,26.532885
2020-05-14 03:00:00,26.164766
2020-05-14 04:00:00,25.824965
2020-05-14 05:00:00,26.164766
2020-05-14 06:00:00,26.051498
2020-05-14 07:00:00,26.3913
2020-05-14 08:00:00,26.532885
2020-05-14 09:00:00,26.75942
2020-05-14 10:00:00,26.164766
2020-05-14 11:00:00,26.3913
2020-05-14 12:00:00,26.278032
2020-05-14 13:00:00,25.598429
2020-05-14 14:00:00,25.824965
2020-05-14 15:00:00,26.051498
2020-05-14 16:00:00,25.824965
2020-05-14 17:00:00,25.48516
2020-05-14 18:00:00,25.48516
2020-05-14 19:00:00,25.173676
2020-05-14 20:00:00,25.400211
2020-05-14 21:00:00,25.400211
2020-05-14 22:00:00,25.286943
2020-05-14 23:00:00,25.06041
2020-05-15 00:00:00,24.720606
2020-05-15 01:00:00,24.720606
2020-05-15 02:00:00,24.720606
2020-05-15 03:00:00,24.833874
2020-05-15 04:00:00,24.947142
2020-05-15 05:00:00,24.947142
2020-05-15 06:00:00,25.173676
2020-05-15 07:00:00,24.833874
2020-05-15 08:00:00,25.06041
2020-05-15 09:00:00,25.286943
2020-05-15 10:00:00,25.400211
2020-05-15 11:00:00,25.173676
2020-05-15 12:00:00,25.173676
2020-05-15 13:00:00,25.286943
2020-05-15 14:00:00,25.598429
2020-05-15 15:00:00,25.48516
2020-05-15 16:00:00,25.173676
2020-05-15 17:00:00,24.947142
2020-05-15 18:00:00,24.494072
2020-05-15 19:00:00,24.15427
2020-05-15 20:00:00,24.15427
2020-05-15 21:00:00,24.267538
2020-05-15 22:00:00,23.729517
2020-05-15 23:00:00,23.842785
2020-05-16 00:00:00,23.5313
2020-05-16 01:00:00,23.729517
2020-05-16 02:00:00,23.729517
2020-05-16 03:00:00,23.842785
2020-05-16 04:00:00,23.644566
2020-05-16 05:00:00,24.380804
2020-05-16 06:00:00,24.15427
2020-05-16 07:00:00,23.842785
2020-05-16 08:00:00,24.069319
2020-05-16 09:00:00,23.95605
2020-05-16 10:00:00,24.15427
2020-05-16 11:00:00,24.15427
2020-05-16 12:00:00,24.15427
2020-05-16 13:00:00,24.069319
2020-05-16 14:00:00,23.95605
2020-05-16 15:00:00,23.842785
2020-05-16 16:00:00,23.418032
2020-05-16 17:00:00,23.33308
2020-05-16 18:00:00,23.219814
2020-05-16 19:00:00,22.993279
2020-05-16 20:00:00,22.568527
2020-05-16 21:00:00,22.681793
2020-05-16 22:00:00,22.370308
2020-05-16 23:00:00,22.143774
2020-05-17 00:00:00,22.257042
2020-05-17 01:00:00,22.143774
2020-05-17 02:00:00,22.058823
2020-05-17 03:00:00,21.832289
2020-05-17 04:00:00,21.634071
2020-05-17 05:00:00,21.832289
2020-05-17 06:00:00,22.058823
2020-05-17 07:00:00,21.832289
2020-05-17 08:00:00,22.058823
2020-05-17 09:00:00,21.945557
2020-05-17 10:00:00,21.832289
2020-05-17 11:00:00,22.370308
2020-05-17 12:00:00,22.143774
2020-05-17 13:00:00,21.945557
2020-05-17 14:00:00,22.058823
2020-05-17 15:00:00,22.143774
2020-05-17 16:00:00,22.370308
2020-05-17 17:00:00,22.143774
2020-05-17 18:00:00,22.257042
2020-05-17 19:00:00,22.257042
2020-05-17 20:00:00,22.058823
2020-05-17 21:00:00,22.143774
2020-05-17 22:00:00,22.257042
2020-05-17 23:00:00,22.143774
2020-05-18 00:00:00,22.370308
2020-05-18 01:00:00,22.370308
2020-05-18 02:00:00,22.143774
2020-05-18 03:00:00,22.908329
2020-05-18 04:00:00,22.993279
2020-05-18 05:00:00,23.33308
2020-05-18 06:00:00,23.418032
2020-05-18 07:00:00,23.5313
2020-05-18 08:00:00,23.95605
2020-05-18 09:00:00,24.15427
2020-05-18 10:00:00,24.267538
2020-05-18 11:00:00,24.60734
2020-05-18 12:00:00,25.48516
2020-05-18 13:00:00,26.051498
2020-05-18 14:00:00,26.3913
2020-05-18 15:00:00,26.532885
2020-05-18 16:00:00,27.212488
2020-05-18 17:00:00,26.872686
2020-05-18 18:00:00,27.92041
2020-05-18 19:00:00,28.600014
2020-05-18 20:00:00,30.015858
2020-05-18 21:00:00,31.148531
2020-05-18 22:00:00,31.148531
2020-05-18 23:00:00,31.998035
2020-05-19 00:00:00,31.714869
2020-05-19 01:00:00,32.281204
2020-05-19 02:00:00,32.281204
2020-05-19 03:00:00,30.865362
2020-05-19 04:00:00,31.4317
2020-05-19 05:00:00,30.865362
2020-05-19 06:00:00,31.4317
2020-05-19 07:00:00,31.148531
2020-05-19 08:00:00,30.865362
2020-05-19 09:00:00,30.865362
2020-05-19 10:00:00,31.148531
2020-05-19 11:00:00,30.865362
2020-05-19 12:00:00,31.148531
2020-05-19 13:00:00,30.865362
2020-05-19 14:00:00,30.865362
2020-05-19 15:00:00,29.732689
2020-05-19 16:00:00,29.732689
2020-05-19 17:00:00,30.015858
2020-05-19 18:00:00,30.299025
2020-05-19 19:00:00,28.033678
2020-05-19 20:00:00,29.166351
2020-05-19 21:00:00,29.166351
2020-05-19 22:00:00,28.883183
2020-05-19 23:00:00,29.44952
2020-05-20 00:00:00,29.732689
2020-05-20 01:00:00,28.883183
2020-05-20 02:00:00,28.600014
2020-05-20 03:00:00,28.883183
2020-05-20 04:00:00,29.166351
2020-05-20 05:00:00,29.166351
2020-05-20 06:00:00,29.44952
2020-05-20 07:00:00,28.600014
2020-05-20 08:00:00,29.44952
2020-05-20 09:00:00,29.732689
2020-05-20 10:00:00,29.732689
2020-05-20 11:00:00,30.299025
2020-05-20 12:00:00,30.299025
2020-05-20 13:00:00,30.582193
2020-05-20 14:00:00,30.582193
2020-05-20 15:00:00,30.865362
2020-05-20 16:00:00,30.582193
2020-05-20 17:00:00,30.582193
2020-05-20 18:00:00,30.582193
2020-05-20 19:00:00,30.582193
2020-05-20 20:00:00,30.299025
2020-05-20 21:00:00,30.299025
2020-05-20 22:00:00,29.732689
2020-05-20 23:00:00,29.166351
2020-05-21 00:00:00,30.299025
2020-05-21 01:00:00,29.44952
2020-05-21 02:00:00,30.015858
2020-05-21 03:00:00,29.44952
2020-05-21 04:00:00,29.732689
2020-05-21 05:00:00,29.732689
2020-05-21 06:00:00,30.015858
2020-05-21 07:00:00,30.015858
2020-05-21 08:00:00,29.44952
2020-05-21 09:00:00,30.299025
2020-05-21 10:00:00,29.44952
2020-05-21 11:00:00,30.299025
2020-05-21 12:00:00,30.299025
2020-05-21 13:00:00,30.299025
2020-05-21 14:00:00,29.44952
2020-05-21 15:00:00,30.582193
2020-05-21 16:00:00,31.148531
2020-05-21 17:00:00,31.148531
2020-05-21 18:00:00,30.299025
2020-05-21 19:00:00,30.299025
2020-05-21 20:00:00,30.299025
2020-05-21 21:00:00,30.015858
2020-05-21 22:00:00,30.582193
2020-05-21 23:00:00,29.732689
2020-05-22 00:00:00,28.883183
2020-05-22 01:00:00,29.44952
2020-05-22 02:00:00,28.883183
2020-05-22 03:00:00,28.883183
2020-05-22 04:00:00,28.883183
2020-05-22 05:00:00,29.166351
2020-05-22 06:00:00,28.883183
2020-05-22 07:00:00,28.883183
2020-05-22 08:00:00,28.883183
2020-05-22 09:00:00,28.146946
2020-05-22 10:00:00,28.600014
2020-05-22 11:00:00,27.778826
2020-05-22 12:00:00,28.600014
2020-05-22 13:00:00,28.883183
2020-05-22 14:00:00,28.600014
2020-05-22 15:00:00,27.665558
2020-05-22 16:00:00,27.665558
2020-05-22 17:00:00,27.665558
2020-05-22 18:00:00,27.665558
2020-05-22 19:00:00,27.778826
2020-05-22 20:00:00,28.260212
2020-05-22 21:00:00,27.325756
2020-05-22 22:00:00,27.778826
2020-05-22 23:00:00,26.872686
2020-05-23 00:00:00,26.872686
2020-05-23 01:00:00,27.552292
2020-05-23 02:00:00,26.985954
2020-05-23 03:00:00,27.099222
2020-05-23 04:00:00,27.099222
2020-05-23 05:00:00,27.212488
2020-05-23 06:00:00,26.75942
2020-05-23 07:00:00,26.646152
2020-05-23 08:00:00,27.099222
2020-05-23 09:00:00,26.872686
2020-05-23 10:00:00,26.985954
2020-05-23 11:00:00,26.051498
2020-05-23 12:00:00,26.532885
2020-05-23 13:00:00,26.051498
2020-05-23 14:00:00,26.532885
2020-05-23 15:00:00,26.164766
2020-05-23 16:00:00,26.278032
2020-05-23 17:00:00,25.711697
2020-05-23 18:00:00,25.824965
2020-05-23 19:00:00,25.48516
2020-05-23 20:00:00,25.173676
2020-05-23 21:00:00,25.173676
2020-05-23 22:00:00,25.400211
2020-05-23 23:00:00,25.173676
2020-05-24 00:00:00,25.06041
2020-05-24 01:00:00,25.173676
2020-05-24 02:00:00,24.947142
2020-05-24 03:00:00,24.380804
2020-05-24 04:00:00,25.06041
2020-05-24 05:00:00,24.720606
2020-05-24 06:00:00,24.494072
2020-05-24 07:00:00,24.720606
2020-05-24 08:00:00,24.494072
2020-05-24 09:00:00,24.494072
2020-05-24 10:00:00,24.15427
2020-05-24 11:00:00,24.069319
2020-05-24 12:00:00,24.494072
2020-05-24 13:00:00,24.494072
2020-05-24 14:00:00,24.267538
2020-05-24 15:00:00,24.15427
2020-05-24 16:00:00,23.729517
2020-05-24 17:00:00,23.95605
2020-05-24 18:00:00,24.069319
2020-05-24 19:00:00,24.267538
2020-05-24 20:00:00,23.95605
2020-05-24 21:00:00,23.842785
2020-05-24 22:00:00,23.5313
2020-05-24 23:00:00,23.729517
2020-05-25 00:00:00,23.729517
2020-05-25 01:00:00,23.5313
2020-05-25 02:00:00,22.993279
2020-05-25 03:00:00,22.908329
2020-05-25 04:00:00,23.219814
2020-05-25 05:00:00,23.106546
2020-05-25 06:00:00,23.106546
2020-05-25 07:00:00,23.33308
2020-05-25 08:00:00,22.993279
2020-05-25 09:00:00,23.5313
2020-05-25 10:00:00,23.219814
2020-05-25 11:00:00,23.644566
2020-05-25 12:00:00,23.644566
2020-05-25 13:00:00,23.842785
2020-05-25 14:00:00,23.842785
2020-05-25 15:00:00,23.5313
2020-05-25 16:00:00,23.5313
2020-05-25 17:00:00,23.5313
2020-05-25 18:00:00,23.33308
2020-05-25 19:00:00,23.418032
2020-05-25 20:00:00,23.219814
2020-05-25 21:00:00,23.106546
2020-05-25 22:00:00,22.993279
2020-05-25 23:00:00,22.681793
2020-05-26 00:00:00,22.568527
2020-05-26 01:00:00,22.568527
2020-05-26 02:00:00,22.483576
2020-05-26 03:00:00,22.681793
2020-05-26 04:00:00,22.568527
2020-05-26 05:00:00,22.568527
2020-05-26 06:00:00,22.993279
2020-05-26 07:00:00,22.795061
2020-05-26 08:00:00,23.33308
2020-05-26 09:00:00,23.644566
2020-05-26 10:00:00,24.069319
2020-05-26 11:00:00,24.380804
2020-05-26 12:00:00,24.494072
2020-05-26 13:00:00,24.720606
2020-05-26 14:00:00,25.06041
2020-05-26 15:00:00,25.06041
2020-05-26 16:00:00,24.947142
2020-05-26 17:00:00,24.494072
2020-05-26 18:00:00,24.720606
2020-05-26 19:00:00,24.380804
2020-05-26 20:00:00,24.380804
2020-05-26 21:00:00,24.15427
2020-05-26 22:00:00,23.95605
2020-05-26 23:00:00,23.842785
2020-05-27 00:00:00,23.644566
2020-05-27 01:00:00,23.644566
2020-05-27 02:00:00,23.729517
2020-05-27 03:00:00,23.842785
2020-05-27 04:00:00,23.95605
2020-05-27 05:00:00,23.729517
2020-05-27 06:00:00,24.069319
2020-05-27 07:00:00,24.069319
2020-05-27 08:00:00,24.267538
2020-05-27 09:00:00,24.267538
2020-05-27 10:00:00,24.494072
2020-05-27 11:00:00,24.833874
2020-05-27 12:00:00,24.720606
2020-05-27 13:00:00,25.173676
2020-05-27 14:00:00,25.06041
2020-05-27 15:00:00,25.598429
2020-05-27 16:00:00,25.400211
2020-05-27 17:00:00,25.286943
2020-05-27 18:00:00,25.173676
2020-05-27 19:00:00,24.947142
2020-05-27 20:00:00,24.833874
2020-05-27 21:00:00,24.833874
2020-05-27 22:00:00,24.494072
2020-05-27 23:00:00,24.494072
2020-05-28 00:00:00,24.494072
2020-05-28 01:00:00,24.380804
2020-05-28 02:00:00,24.494072
2020-05-28 03:00:00,24.15427
2020-05-28 04:00:00,24.494072
2020-05-28 05:00:00,24.720606
2020-05-28 06:00:00,24.720606
2020-05-28 07:00:00,25.06041
2020-05-28 08:00:00,25.598429
2020-05-28 09:00:00,26.532885
2020-05-28 10:00:00,26.3913
2020-05-28 11:00:00,27.552292
2020-05-28 12:00:00,27.92041
2020-05-28 13:00:00,28.033678
2020-05-28 14:00:00,27.778826
2020-05-28 15:00:00,28.033678
2020-05-28 16:00:00,27.778826
2020-05-28 17:00:00,27.439024
2020-05-28 18:00:00,27.212488
2020-05-28 19:00:00,27.325756
2020-05-28 20:00:00,26.872686
2020-05-28 21:00:00,26.646152
2020-05-28 22:00:00,26.532885
2020-05-28 23:00:00,26.532885
2020-05-29 00:00:00,26.051498
2020-05-29 01:00:00,26.3913
2020-05-29 02:00:00,26.051498
2020-05-29 03:00:00,25.93823
2020-05-29 04:00:00,26.872686
2020-05-29 05:00:00,26.872686
2020-05-29 06:00:00,26.872686
2020-05-29 07:00:00,27.92041
2020-05-29 08:00:00,28.316847
2020-05-29 09:00:00,29.732689
2020-05-29 10:00:00,30.015858
2020-05-29 11:00:00,30.299025
2020-05-29 12:00:00,30.865362
2020-05-29 13:00:00,30.865362
2020-05-29 14:00:00,31.148531
2020-05-29 15:00:00,30.582193
2020-05-29 16:00:00,30.015858
2020-05-29 17:00:00,30.582193
2020-05-29 18:00:00,30.015858
2020-05-29 19:00:00,30.299025
2020-05-29 20:00:00,29.732689
2020-05-29 21:00:00,29.44952
2020-05-29 22:00:00,29.732689
2020-05-29 23:00:00,29.732689
2020-05-30 00:00:00,30.299025
2020-05-30 01:00:00,30.015858
2020-05-30 02:00:00,30.015858
2020-05-30 03:00:00,30.015858
2020-05-30 04:00:00,31.4317
2020-05-30 05:00:00,31.148531
2020-05-30 06:00:00,31.714869
2020-05-30 07:00:00,33.13071
2020-05-30 08:00:00,33.980217
2020-05-30 09:00:00,35.11289
2020-05-30 10:00:00,36.528732
2020-05-30 11:00:00,36.8119
2020-05-30 12:00:00,36.8119
2020-05-30 13:00:00,35.962395
2020-05-30 14:00:00,36.8119
2020-05-30 15:00:00,36.245564
2020-05-30 16:00:00,35.679226
2020-05-30 17:00:00,35.11289
2020-05-30 18:00:00,35.396057
2020-05-30 19:00:00,35.11289
2020-05-30 20:00:00,34.263382
2020-05-30 21:00:00,34.54655
2020-05-30 22:00:00,34.54655
2020-05-30 23:00:00,34.263382
2020-05-31 00:00:00,33.980217
2020-05-31 01:00:00,33.980217
2020-05-31 02:00:00,34.263382
2020-05-31 03:00:00,34.263382
2020-05-31 04:00:00,34.54655
2020-05-31 05:00:00,34.82972
2020-05-31 06:00:00,35.396057
2020-05-31 07:00:00,35.962395
2020-05-31 08:00:00,37.37824
2020-05-31 09:00:00,37.09507
2020-05-31 10:00:00,38.51091
2020-05-31 11:00:00,38.79408
2020-05-31 12:00:00,38.51091
2020-05-31 13:00:00,39.077248
2020-05-31 14:00:00,38.51091
2020-05-31 15:00:00,38.51091
2020-05-31 16:00:00,38.22774
2020-05-31 17:00:00,37.661404
2020-05-31 18:00:00,38.22774
2020-05-31 19:00:00,37.944572
2020-05-31 20:00:00,37.661404
2020-05-31 21:00:00,37.09507
2020-05-31 22:00:00,37.944572
2020-05-31 23:00:00,37.09507
2020-06-01 00:00:00,37.09507
2020-06-01 01:00:00,35.962395
2020-06-01 02:00:00,35.11289
2020-06-01 03:00:00,35.396057
2020-06-01 04:00:00,35.396057
2020-06-01 05:00:00,35.679226
2020-06-01 06:00:00,35.396057
2020-06-01 07:00:00,35.679226
2020-06-01 08:00:00,36.8119
2020-06-01 09:00:00,35.962395
2020-06-01 10:00:00,37.09507
2020-06-01 11:00:00,36.8119
2020-06-01 12:00:00,37.09507
2020-06-01 13:00:00,35.679226
2020-06-01 14:00:00,36.245564
2020-06-01 15:00:00,35.11289
2020-06-01 16:00:00,34.82972
2020-06-01 17:00:00,33.69705
2020-06-01 18:00:00,33.980217
2020-06-01 19:00:00,32.84754
2020-06-01 20:00:00,32.84754
2020-06-01 21:00:00,32.564373
2020-06-01 22:00:00,32.84754
2020-06-01 23:00:00,32.281204
2020-06-02 00:00:00,31.4317
2020-06-02 01:00:00,31.148531
2020-06-02 02:00:00,31.714869
2020-06-02 03:00:00,31.148531
2020-06-02 04:00:00,31.714869
2020-06-02 05:00:00,31.148531
2020-06-02 06:00:00,31.148531
2020-06-02 07:00:00,31.148531
2020-06-02 08:00:00,30.865362
2020-06-02 09:00:00,30.582193
2020-06-02 10:00:00,30.865362
2020-06-02 11:00:00,30.865362
2020-06-02 12:00:00,30.582193
2020-06-02 13:00:00,30.865362
2020-06-02 14:00:00,30.865362
2020-06-02 15:00:00,30.299025
2020-06-02 16:00:00,30.015858
2020-06-02 17:00:00,30.299025
2020-06-02 18:00:00,29.732689
2020-06-02 19:00:00,29.732689
2020-06-02 20:00:00,29.166351
2020-06-02 21:00:00,28.883183
2020-06-02 22:00:00,27.92041
2020-06-02 23:00:00,27.439024
2020-06-03 00:00:00,27.778826
2020-06-03 01:00:00,27.439024
2020-06-03 02:00:00,27.099222
2020-06-03 03:00:00,27.552292
2020-06-03 04:00:00,26.75942
2020-06-03 05:00:00,27.325756
2020-06-03 06:00:00,27.439024
2020-06-03 07:00:00,27.552292
2020-06-03 08:00:00,27.099222
2020-06-03 09:00:00,27.099222
2020-06-03 10:00:00,28.033678
2020-06-03 11:00:00,28.883183
2020-06-03 12:00:00,28.260212
2020-06-03 13:00:00,28.600014
2020-06-03 14:00:00,28.033678
2020-06-03 15:00:00,28.146946
2020-06-03 16:00:00,28.033678
2020-06-03 17:00:00,27.778826
2020-06-03 18:00:00,27.439024
2020-06-03 19:00:00,27.212488
2020-06-03 20:00:00,26.872686
2020-06-03 21:00:00,26.646152
2020-06-03 22:00:00,26.164766
2020-06-03 23:00:00,26.164766
2020-06-04 00:00:00,26.278032
2020-06-04 01:00:00,26.164766
2020-06-04 02:00:00,25.93823
2020-06-04 03:00:00,25.824965
2020-06-04 04:00:00,25.400211
2020-06-04 05:00:00,25.598429
2020-06-04 06:00:00,26.051498
2020-06-04 07:00:00,26.051498
2020-06-04 08:00:00,25.93823
2020-06-04 09:00:00,26.278032
2020-06-04 10:00:00,26.75942
2020-06-04 11:00:00,27.212488
2020-06-04 12:00:00,26.985954
2020-06-04 13:00:00,26.278032
2020-06-04 14:00:00,26.532885
2020-06-04 15:00:00,26.3913
2020-06-04 16:00:00,26.164766
2020-06-04 17:00:00,26.051498
2020-06-04 18:00:00,25.93823
2020-06-04 19:00:00,25.824965
2020-06-04 20:00:00,25.824965
2020-06-04 21:00:00,25.711697
2020-06-04 22:00:00,25.48516
2020-06-04 23:00:00,24.947142
2020-06-05 00:00:00,24.833874
2020-06-05 01:00:00,24.494072
2020-06-05 02:00:00,24.494072
2020-06-05 03:00:00,24.494072
2020-06-05 04:00:00,24.267538
2020-06-05 05:00:00,24.720606
2020-06-05 06:00:00,24.60734
2020-06-05 07:00:00,24.720606
2020-06-05 08:00:00,24.60734
2020-06-05 09:00:00,24.720606
2020-06-05 10:00:00,25.06041
2020-06-05 11:00:00,24.833874
2020-06-05 12:00:00,25.06041
2020-06-05 13:00:00,25.48516
2020-06-05 14:00:00,25.06041
2020-06-05 15:00:00,24.380804
2020-06-05 16:00:00,24.833874
2020-06-05 17:00:00,24.833874
2020-06-05 18:00:00,24.380804
2020-06-05 19:00:00,24.069319
2020-06-05 20:00:00,23.842785
2020-06-05 21:00:00,23.644566
2020-06-05 22:00:00,23.644566
2020-06-05 23:00:00,23.729517
2020-06-06 00:00:00,23.5313
2020-06-06 01:00:00,23.106546
2020-06-06 02:00:00,23.106546
2020-06-06 03:00:00,23.219814
2020-06-06 04:00:00,23.418032
2020-06-06 05:00:00,22.908329
2020-06-06 06:00:00,23.219814
2020-06-06 07:00:00,22.795061
2020-06-06 08:00:00,23.106546
2020-06-06 09:00:00,23.33308
2020-06-06 10:00:00,23.644566
2020-06-06 11:00:00,23.5313
2020-06-06 12:00:00,23.418032
2020-06-06 13:00:00,23.5313
2020-06-06 14:00:00,23.644566
2020-06-06 15:00:00,23.5313
2020-06-06 16:00:00,23.33308
2020-06-06 17:00:00,23.5313
2020-06-06 18:00:00,23.644566
2020-06-06 19:00:00,23.5313
2020-06-06 20:00:00,23.644566
2020-06-06 21:00:00,23.729517
2020-06-06 22:00:00,24.069319
2020-06-06 23:00:00,24.15427
2020-06-07 00:00:00,24.069319
2020-06-07 01:00:00,24.15427
2020-06-07 02:00:00,24.267538
2020-06-07 03:00:00,24.494072
2020-06-07 04:00:00,24.947142
2020-06-07 05:00:00,24.947142
2020-06-07 06:00:00,25.173676
2020-06-07 07:00:00,24.720606
2020-06-07 08:00:00,25.173676
2020-06-07 09:00:00,25.598429
2020-06-07 10:00:00,25.06041
2020-06-07 11:00:00,25.598429
2020-06-07 12:00:00,25.711697
2020-06-07 13:00:00,26.164766
2020-06-07 14:00:00,25.286943
2020-06-07 15:00:00,25.598429
2020-06-07 16:00:00,25.93823
2020-06-07 17:00:00,26.164766
2020-06-07 18:00:00,26.051498
2020-06-07 19:00:00,26.3913
2020-06-07 20:00:00,26.051498
2020-06-07 21:00:00,25.598429
2020-06-07 22:00:00,25.400211
2020-06-07 23:00:00,24.833874
2020-06-08 00:00:00,24.833874
2020-06-08 01:00:00,24.60734
2020-06-08 02:00:00,24.15427
2020-06-08 03:00:00,24.380804
2020-06-08 04:00:00,24.267538
2020-06-08 05:00:00,24.069319
2020-06-08 06:00:00,24.494072
2020-06-08 07:00:00,23.644566
2020-06-08 08:00:00,24.069319
2020-06-08 09:00:00,23.842785
2020-06-08 10:00:00,23.95605
2020-06-08 11:00:00,23.729517
2020-06-08 12:00:00,23.5313
2020-06-08 13:00:00,23.418032
2020-06-08 14:00:00,22.795061
2020-06-08 15:00:00,23.219814
2020-06-08 16:00:00,23.106546
2020-06-08 17:00:00,22.795061
2020-06-08 18:00:00,22.568527
2020-06-08 19:00:00,22.568527
2020-06-08 20:00:00,22.568527
2020-06-08 21:00:00,22.370308
2020-06-08 22:00:00,22.058823
2020-06-08 23:00:00,22.058823
2020-06-09 00:00:00,21.832289
2020-06-09 01:00:00,21.747337
2020-06-09 02:00:00,21.832289
2020-06-09 03:00:00,21.747337
2020-06-09 04:00:00,22.058823
2020-06-09 05:00:00,21.945557
2020-06-09 06:00:00,22.143774
2020-06-09 07:00:00,21.945557
2020-06-09 08:00:00,22.257042
2020-06-09 09:00:00,22.483576
2020-06-09 10:00:00,22.483576
2020-06-09 11:00:00,22.143774
2020-06-09 12:00:00,22.143774
2020-06-09 13:00:00,22.257042
2020-06-09 14:00:00,21.945557
2020-06-09 15:00:00,21.520803
2020-06-09 16:00:00,21.407536
2020-06-09 17:00:00,21.209318
2020-06-09 18:00:00,21.0111
2020-06-09 19:00:00,21.0111
2020-06-09 20:00:00,20.784565
2020-06-09 21:00:00,20.671297
2020-06-09 22:00:00,20.586348
2020-06-09 23:00:00,20.274862
2020-06-10 00:00:00,20.359812
2020-06-10 01:00:00,19.93506
2020-06-10 02:00:00,20.161594
2020-06-10 03:00:00,20.048326
2020-06-10 04:00:00,20.274862
2020-06-10 05:00:00,20.048326
2020-06-10 06:00:00,20.274862
2020-06-10 07:00:00,20.47308
2020-06-10 08:00:00,20.47308
2020-06-10 09:00:00,20.671297
2020-06-10 10:00:00,20.586348
2020-06-10 11:00:00,20.784565
2020-06-10 12:00:00,20.784565
2020-06-10 13:00:00,20.784565
2020-06-10 14:00:00,20.784565
2020-06-10 15:00:00,20.784565
2020-06-10 16:00:00,20.586348
2020-06-10 17:00:00,20.586348
2020-06-10 18:00:00,20.274862
2020-06-10 19:00:00,20.161594
2020-06-10 20:00:00,20.161594
2020-06-10 21:00:00,19.93506
2020-06-10 22:00:00,19.85011
2020-06-10 23:00:00,19.538624
2020-06-11 00:00:00,19.31209
2020-06-11 01:00:00,19.425356
2020-06-11 02:00:00,19.623575
2020-06-11 03:00:00,19.227139
2020-06-11 04:00:00,19.000605
2020-06-11 05:00:00,19.31209
2020-06-11 06:00:00,19.11387
2020-06-11 07:00:00,18.802385
2020-06-11 08:00:00,19.227139
2020-06-11 09:00:00,19.11387
2020-06-11 10:00:00,19.623575
2020-06-11 11:00:00,19.425356
2020-06-11 12:00:00,19.623575
2020-06-11 13:00:00,19.623575
2020-06-11 14:00:00,19.623575
2020-06-11 15:00:00,19.623575
2020-06-11 16:00:00,19.425356
2020-06-11 17:00:00,19.31209
2020-06-11 18:00:00,19.11387
2020-06-11 19:00:00,19.227139
2020-06-11 20:00:00,18.802385
2020-06-11 21:00:00,18.802385
2020-06-11 22:00:00,18.68912
2020-06-11 23:00:00,18.68912
2020-06-12 00:00:00,18.802385
2020-06-12 01:00:00,18.377634
2020-06-12 02:00:00,18.264366
2020-06-12 03:00:00,17.95288
2020-06-12 04:00:00,17.95288
2020-06-12 05:00:00,18.066149
2020-06-12 06:00:00,17.754663
2020-06-12 07:00:00,17.95288
2020-06-12 08:00:00,17.86793
2020-06-12 09:00:00,17.86793
2020-06-12 10:00:00,17.86793
2020-06-12 11:00:00,17.754663
2020-06-12 12:00:00,17.95288
2020-06-12 13:00:00,18.066149
2020-06-12 14:00:00,17.95288
2020-06-12 15:00:00,18.179415
2020-06-12 16:00:00,18.179415
2020-06-12 17:00:00,18.264366
2020-06-12 18:00:00,17.86793
2020-06-12 19:00:00,17.754663
2020-06-12 20:00:00,17.86793
2020-06-12 21:00:00,17.95288
2020-06-12 22:00:00,17.95288
2020-06-12 23:00:00,17.754663
2020-06-13 00:00:00,17.556444
2020-06-13 01:00:00,17.641396
2020-06-13 02:00:00,17.443176
2020-06-13 03:00:00,17.244959
2020-06-13 04:00:00,17.32991
2020-06-13 05:00:00,17.244959
2020-06-13 06:00:00,17.131691
2020-06-13 07:00:00,17.244959
2020-06-13 08:00:00,17.018425
2020-06-13 09:00:00,17.244959
2020-06-13 10:00:00,17.443176
2020-06-13 11:00:00,17.244959
2020-06-13 12:00:00,17.32991
2020-06-13 13:00:00,17.32991
2020-06-13 14:00:00,17.131691
2020-06-13 15:00:00,17.244959
2020-06-13 16:00:00,17.443176
2020-06-13 17:00:00,17.443176
2020-06-13 18:00:00,17.556444
2020-06-13 19:00:00,17.641396
2020-06-13 20:00:00,17.754663
2020-06-13 21:00:00,17.95288
2020-06-13 22:00:00,18.066149
2020-06-13 23:00:00,18.68912
2020-06-14 00:00:00,18.887337
2020-06-14 01:00:00,19.31209
2020-06-14 02:00:00,19.93506
2020-06-14 03:00:00,19.85011
2020-06-14 04:00:00,19.85011
2020-06-14 05:00:00,20.161594
2020-06-14 06:00:00,20.586348
2020-06-14 07:00:00,20.897833
2020-06-14 08:00:00,21.09605
2020-06-14 09:00:00,21.634071
2020-06-14 10:00:00,21.209318
2020-06-14 11:00:00,21.09605
2020-06-14 12:00:00,21.09605
2020-06-14 13:00:00,20.671297
2020-06-14 14:00:00,20.671297
2020-06-14 15:00:00,20.47308
2020-06-14 16:00:00,20.47308
2020-06-14 17:00:00,20.274862
2020-06-14 18:00:00,20.048326
2020-06-14 19:00:00,20.161594
2020-06-14 20:00:00,20.161594
2020-06-14 21:00:00,20.359812
2020-06-14 22:00:00,20.048326
2020-06-14 23:00:00,20.048326
2020-06-15 00:00:00,19.93506
2020-06-15 01:00:00,19.538624
2020-06-15 02:00:00,19.538624
2020-06-15 03:00:00,19.538624
2020-06-15 04:00:00,19.736841
2020-06-15 05:00:00,19.736841
2020-06-15 06:00:00,19.736841
2020-06-15 07:00:00,19.538624
2020-06-15 08:00:00,19.85011
2020-06-15 09:00:00,19.538624
2020-06-15 10:00:00,19.736841
2020-06-15 11:00:00,19.425356
2020-06-15 12:00:00,19.31209
2020-06-15 13:00:00,19.227139
2020-06-15 14:00:00,18.887337
2020-06-15 15:00:00,18.68912
2020-06-15 16:00:00,18.802385
2020-06-15 17:00:00,18.4909
2020-06-15 18:00:00,18.4909
2020-06-15 19:00:00,18.377634
2020-06-15 20:00:00,18.179415
2020-06-15 21:00:00,18.264366
2020-06-15 22:00:00,18.179415
2020-06-15 23:00:00,17.95288
2020-06-16 00:00:00,17.86793
2020-06-16 01:00:00,17.95288
2020-06-16 02:00:00,18.066149
2020-06-16 03:00:00,18.066149
2020-06-16 04:00:00,18.179415
2020-06-16 05:00:00,18.377634
2020-06-16 06:00:00,18.4909
2020-06-16 07:00:00,18.802385
2020-06-16 08:00:00,19.11387
2020-06-16 09:00:00,19.11387
2020-06-16 10:00:00,19.31209
2020-06-16 11:00:00,19.538624
2020-06-16 12:00:00,19.85011
2020-06-16 13:00:00,20.586348
2020-06-16 14:00:00,20.671297
2020-06-16 15:00:00,20.586348
2020-06-16 16:00:00,20.586348
2020-06-16 17:00:00,20.274862
2020-06-16 18:00:00,20.586348
2020-06-16 19:00:00,20.161594
2020-06-16 20:00:00,19.85011
2020-06-16 21:00:00,20.161594
2020-06-16 22:00:00,19.736841
2020-06-16 23:00:00,19.623575
2020-06-17 00:00:00,19.538624
2020-06-17 01:00:00,19.623575
2020-06-17 02:00:00,19.623575
2020-06-17 03:00:00,19.425356
2020-06-17 04:00:00,19.538624
2020-06-17 05:00:00,19.11387
2020-06-17 06:00:00,19.538624
2020-06-17 07:00:00,19.736841
2020-06-17 08:00:00,19.623575
2020-06-17 09:00:00,19.538624
2020-06-17 10:00:00,19.538624
2020-06-17 11:00:00,19.85011
2020-06-17 12:00:00,20.161594
2020-06-17 13:00:00,20.586348
2020-06-17 14:00:00,21.407536
2020-06-17 15:00:00,21.832289
2020-06-17 16:00:00,22.370308
2020-06-17 17:00:00,22.483576
2020-06-17 18:00:00,22.993279
2020-06-17 19:00:00,22.993279
2020-06-17 20:00:00,23.33308
2020-06-17 21:00:00,23.729517
2020-06-17 22:00:00,24.380804
2020-06-17 23:00:00,24.60734
2020-06-18 00:00:00,24.833874
2020-06-18 01:00:00,24.947142
2020-06-18 02:00:00,24.947142
2020-06-18 03:00:00,25.286943
2020-06-18 04:00:00,25.286943
2020-06-18 05:00:00,24.833874
2020-06-18 06:00:00,24.833874
2020-06-18 07:00:00,25.06041
2020-06-18 08:00:00,24.720606
2020-06-18 09:00:00,24.494072
2020-06-18 10:00:00,25.06041
2020-06-18 11:00:00,24.833874
2020-06-18 12:00:00,24.069319
2020-06-18 13:00:00,24.380804
2020-06-18 14:00:00,24.069319
2020-06-18 15:00:00,23.644566
2020-06-18 16:00:00,23.219814
2020-06-18 17:00:00,23.106546
2020-06-18 18:00:00,22.880013
2020-06-18 19:00:00,23.219814
2020-06-18 20:00:00,22.795061
2020-06-18 21:00:00,22.370308
2020-06-18 22:00:00,22.370308
2020-06-18 23:00:00,22.143774
2020-06-19 00:00:00,22.058823
2020-06-19 01:00:00,22.143774
2020-06-19 02:00:00,21.945557
2020-06-19 03:00:00,21.71902
2020-06-19 04:00:00,21.634071
2020-06-19 05:00:00,21.520803
2020-06-19 06:00:00,21.407536
2020-06-19 07:00:00,21.294268
2020-06-19 08:00:00,21.407536
2020-06-19 09:00:00,21.294268
2020-06-19 10:00:00,21.294268
2020-06-19 11:00:00,21.407536
2020-06-19 12:00:00,21.209318
2020-06-19 13:00:00,21.09605
2020-06-19 14:00:00,21.209318
2020-06-19 15:00:00,21.209318
2020-06-19 16:00:00,20.869516
2020-06-19 17:00:00,20.982782
2020-06-19 18:00:00,20.982782
2020-06-19 19:00:00,20.982782
2020-06-19 20:00:00,20.869516
2020-06-19 21:00:00,20.671297
2020-06-19 22:00:00,20.47308
2020-06-19 23:00:00,20.558031
2020-06-20 00:00:00,20.558031
2020-06-20 01:00:00,20.47308
2020-06-20 02:00:00,20.359812
2020-06-20 03:00:00,20.246546
2020-06-20 04:00:00,19.93506
2020-06-20 05:00:00,20.048326
2020-06-20 06:00:00,19.93506
2020-06-20 07:00:00,19.821793
2020-06-20 08:00:00,19.623575
2020-06-20 09:00:00,19.510307
2020-06-20 10:00:00,19.623575
2020-06-20 11:00:00,19.623575
2020-06-20 12:00:00,19.708525
2020-06-20 13:00:00,19.623575
2020-06-20 14:00:00,19.510307
2020-06-20 15:00:00,19.623575
2020-06-20 16:00:00,19.510307
2020-06-20 17:00:00,19.623575
2020-06-20 18:00:00,19.31209
2020-06-20 19:00:00,19.198822
2020-06-20 20:00:00,19.623575
2020-06-20 21:00:00,19.510307
2020-06-20 22:00:00,19.623575
2020-06-20 23:00:00,19.39704
2020-06-21 00:00:00,19.198822
2020-06-21 01:00:00,18.972286
2020-06-21 02:00:00,18.972286
2020-06-21 03:00:00,18.774069
2020-06-21 04:00:00,18.972286
2020-06-21 05:00:00,18.972286
2020-06-21 06:00:00,18.887337
2020-06-21 07:00:00,18.6608
2020-06-21 08:00:00,18.547535
2020-06-21 09:00:00,18.547535
2020-06-21 10:00:00,18.6608
2020-06-21 11:00:00,18.6608
2020-06-21 12:00:00,18.547535
2020-06-21 13:00:00,18.6608
2020-06-21 14:00:00,18.6608
2020-06-21 15:00:00,18.349316
2020-06-21 16:00:00,18.23605
2020-06-21 17:00:00,18.462584
2020-06-21 18:00:00,18.462584
2020-06-21 19:00:00,18.547535
2020-06-21 20:00:00,18.462584
2020-06-21 21:00:00,18.462584
2020-06-21 22:00:00,18.462584
2020-06-21 23:00:00,18.349316
2020-06-22 00:00:00,18.122782
2020-06-22 01:00:00,17.924564
2020-06-22 02:00:00,18.122782
2020-06-22 03:00:00,18.03783
2020-06-22 04:00:00,17.726345
2020-06-22 05:00:00,17.924564
2020-06-22 06:00:00,17.726345
2020-06-22 07:00:00,17.499811
2020-06-22 08:00:00,17.61308
2020-06-22 09:00:00,17.499811
2020-06-22 10:00:00,17.386543
2020-06-22 11:00:00,17.61308
2020-06-22 12:00:00,17.499811
2020-06-22 13:00:00,17.301594
2020-06-22 14:00:00,17.188326
2020-06-22 15:00:00,17.386543
2020-06-22 16:00:00,17.499811
2020-06-22 17:00:00,17.301594
2020-06-22 18:00:00,17.386543
2020-06-22 19:00:00,17.386543
2020-06-22 20:00:00,17.499811
2020-06-22 21:00:00,17.386543
2020-06-22 22:00:00,17.301594
2020-06-22 23:00:00,17.386543
2020-06-23 00:00:00,17.188326
2020-06-23 01:00:00,17.301594
2020-06-23 02:00:00,17.188326
2020-06-23 03:00:00,16.87684
2020-06-23 04:00:00,16.763573
2020-06-23 05:00:00,16.565355
2020-06-23 06:00:00,16.763573
2020-06-23 07:00:00,16.650305
2020-06-23 08:00:00,16.452087
2020-06-23 09:00:00,16.565355
2020-06-23 10:00:00,16.33882
2020-06-23 11:00:00,16.33882
2020-06-23 12:00:00,16.452087
2020-06-23 13:00:00,16.565355
2020-06-23 14:00:00,16.452087
2020-06-23 15:00:00,16.565355
2020-06-23 16:00:00,16.25387
2020-06-23 17:00:00,16.452087
2020-06-23 18:00:00,16.452087
2020-06-23 19:00:00,16.565355
2020-06-23 20:00:00,16.452087
2020-06-23 21:00:00,16.33882
2020-06-23 22:00:00,16.452087
2020-06-23 23:00:00,16.225554
2020-06-24 00:00:00,16.33882
2020-06-24 01:00:00,16.225554
2020-06-24 02:00:00,16.225554
2020-06-24 03:00:00,16.225554
2020-06-24 04:00:00,15.914067
2020-06-24 05:00:00,16.027334
2020-06-24 06:00:00,16.027334
2020-06-24 07:00:00,15.71585
2020-06-24 08:00:00,15.602582
2020-06-24 09:00:00,15.404365
2020-06-24 10:00:00,15.404365
2020-06-24 11:00:00,15.404365
2020-06-24 12:00:00,15.291097
2020-06-24 13:00:00,15.489315
2020-06-24 14:00:00,15.602582
2020-06-24 15:00:00,15.291097
2020-06-24 16:00:00,15.489315
2020-06-24 17:00:00,15.404365
2020-06-24 18:00:00,15.291097
2020-06-24 19:00:00,15.602582
2020-06-24 20:00:00,15.71585
2020-06-24 21:00:00,15.489315
2020-06-24 22:00:00,15.602582
2020-06-24 23:00:00,15.404365
2020-06-25 00:00:00,15.291097
2020-06-25 01:00:00,15.489315
2020-06-25 02:00:00,15.092879
2020-06-25 03:00:00,15.291097
2020-06-25 04:00:00,15.291097
2020-06-25 05:00:00,14.979611
2020-06-25 06:00:00,14.979611
2020-06-25 07:00:00,14.781394
2020-06-25 08:00:00,14.781394
2020-06-25 09:00:00,14.554859
2020-06-25 10:00:00,14.554859
2020-06-25 11:00:00,14.668126
2020-06-25 12:00:00,14.668126
2020-06-25 13:00:00,14.668126
2020-06-25 14:00:00,14.668126
2020-06-25 15:00:00,14.441591
2020-06-25 16:00:00,14.441591
2020-06-25 17:00:00,14.554859
2020-06-25 18:00:00,14.753077
2020-06-25 19:00:00,14.668126
2020-06-25 20:00:00,14.668126
2020-06-25 21:00:00,14.668126
2020-06-25 22:00:00,14.753077
2020-06-25 23:00:00,14.554859
2020-06-26 00:00:00,14.753077
2020-06-26 01:00:00,14.668126
2020-06-26 02:00:00,14.356641
2020-06-26 03:00:00,14.554859
2020-06-26 04:00:00,14.356641
2020-06-26 05:00:00,14.130106
2020-06-26 06:00:00,13.931889
2020-06-26 07:00:00,14.016839
2020-06-26 08:00:00,14.016839
2020-06-26 09:00:00,13.818621
2020-06-26 10:00:00,13.818621
2020-06-26 11:00:00,13.705354
2020-06-26 12:00:00,13.592086
2020-06-26 13:00:00,13.507135
2020-06-26 14:00:00,13.818621
2020-06-26 15:00:00,13.705354
2020-06-26 16:00:00,13.592086
2020-06-26 17:00:00,13.592086
2020-06-26 18:00:00,13.705354
2020-06-26 19:00:00,13.705354
2020-06-26 20:00:00,13.903571
2020-06-26 21:00:00,13.818621
2020-06-26 22:00:00,14.016839
2020-06-26 23:00:00,13.903571
2020-06-27 00:00:00,13.705354
2020-06-27 01:00:00,13.592086
2020-06-27 02:00:00,13.393868
2020-06-27 03:00:00,13.393868
2020-06-27 04:00:00,13.393868
2020-06-27 05:00:00,13.054066
2020-06-27 06:00:00,13.167334
2020-06-27 07:00:00,13.167334
2020-06-27 08:00:00,13.167334
2020-06-27 09:00:00,12.855848
2020-06-27 10:00:00,12.74258
2020-06-27 11:00:00,12.74258
2020-06-27 12:00:00,12.940799
2020-06-27 13:00:00,12.855848
2020-06-27 14:00:00,12.629313
2020-06-27 15:00:00,12.855848
2020-06-27 16:00:00,12.629313
2020-06-27 17:00:00,12.74258
2020-06-27 18:00:00,12.629313
2020-06-27 19:00:00,12.940799
2020-06-27 20:00:00,12.855848
2020-06-27 21:00:00,12.74258
2020-06-27 22:00:00,12.629313
2020-06-27 23:00:00,12.940799
2020-06-28 00:00:00,12.855848
2020-06-28 01:00:00,12.74258
2020-06-28 02:00:00,12.855848
2020-06-28 03:00:00,12.431095
2020-06-28 04:00:00,12.74258
2020-06-28 05:00:00,12.516046
2020-06-28 06:00:00,12.516046
2020-06-28 07:00:00,12.317828
2020-06-28 08:00:00,12.516046
2020-06-28 09:00:00,12.431095
2020-06-28 10:00:00,12.20456
2020-06-28 11:00:00,12.20456
2020-06-28 12:00:00,12.20456
2020-06-28 13:00:00,12.091293
2020-06-28 14:00:00,12.20456
2020-06-28 15:00:00,12.006343
2020-06-28 16:00:00,12.091293
2020-06-28 17:00:00,12.20456
2020-06-28 18:00:00,12.20456
2020-06-28 19:00:00,12.402779
2020-06-28 20:00:00,12.317828
2020-06-28 21:00:00,12.402779
2020-06-28 22:00:00,12.317828
2020-06-28 23:00:00,12.402779
2020-06-29 00:00:00,12.20456
2020-06-29 01:00:00,12.20456
2020-06-29 02:00:00,12.20456
2020-06-29 03:00:00,12.317828
2020-06-29 04:00:00,12.20456
2020-06-29 05:00:00,12.091293
2020-06-29 06:00:00,12.091293
2020-06-29 07:00:00,11.893075
2020-06-29 08:00:00,11.893075
2020-06-29 09:00:00,11.978025
2020-06-29 10:00:00,11.779808
2020-06-29 11:00:00,11.893075
2020-06-29 12:00:00,11.893075
2020-06-29 13:00:00,11.893075
2020-06-29 14:00:00,11.8647585
2020-06-29 15:00:00,12.20456
2020-06-29 16:00:00,12.091293
2020-06-29 17:00:00,11.978025
2020-06-29 18:00:00,12.091293
2020-06-29 19:00:00,12.516046
2020-06-29 20:00:00,12.714264
2020-06-29 21:00:00,12.827531
2020-06-29 22:00:00,12.827531
2020-06-29 23:00:00,12.912482
2020-06-30 00:00:00,13.025749
2020-06-30 01:00:00,13.252284
2020-06-30 02:00:00,13.450501
2020-06-30 03:00:00,13.450501
2020-06-30 04:00:00,13.64872
2020-06-30 05:00:00,13.450501
2020-06-30 06:00:00,13.64872
2020-06-30 07:00:00,13.563769
2020-06-30 08:00:00,13.64872
2020-06-30 09:00:00,13.64872
2020-06-30 10:00:00,13.563769
2020-06-30 11:00:00,13.64872
2020-06-30 12:00:00,13.563769
2020-06-30 13:00:00,13.450501
2020-06-30 14:00:00,13.563769
2020-06-30 15:00:00,13.450501
2020-06-30 16:00:00,13.223968
2020-06-30 17:00:00,13.139016
2020-06-30 18:00:00,13.025749
2020-06-30 19:00:00,13.223968
2020-06-30 20:00:00,13.139016
2020-06-30 21:00:00,13.3372345
2020-06-30 22:00:00,13.450501
2020-06-30 23:00:00,13.223968
2020-07-01 00:00:00,13.025749
2020-07-01 01:00:00,13.223968
2020-07-01 02:00:00,13.223968
2020-07-01 03:00:00,13.025749
2020-07-01 04:00:00,13.3372345
2020-07-01 05:00:00,13.1107
2020-07-01 06:00:00,13.1107
2020-07-01 07:00:00,12.912482
2020-07-01 08:00:00,12.799214
2020-07-01 09:00:00,12.600997
2020-07-01 10:00:00,12.685947
2020-07-01 11:00:00,12.685947
2020-07-01 12:00:00,12.374462
2020-07-01 13:00:00,12.374462
2020-07-01 14:00:00,12.176244
2020-07-01 15:00:00,12.176244
2020-07-01 16:00:00,12.176244
2020-07-01 17:00:00,12.374462
2020-07-01 18:00:00,11.949709
2020-07-01 19:00:00,12.062977
2020-07-01 20:00:00,12.062977
2020-07-01 21:00:00,11.949709
2020-07-01 22:00:00,11.949709
2020-07-01 23:00:00,11.836442
2020-07-02 00:00:00,11.751492
2020-07-02 01:00:00,11.638224
2020-07-02 02:00:00,11.524957
2020-07-02 03:00:00,11.524957
2020-07-02 04:00:00,11.524957
2020-07-02 05:00:00,11.524957
2020-07-02 06:00:00,11.326738
2020-07-02 07:00:00,11.326738
2020-07-02 08:00:00,11.1002035
2020-07-02 09:00:00,11.1002035
2020-07-02 10:00:00,11.015253
2020-07-02 11:00:00,10.901986
2020-07-02 12:00:00,11.015253
2020-07-02 13:00:00,11.015253
2020-07-02 14:00:00,10.901986
2020-07-02 15:00:00,10.703768
2020-07-02 16:00:00,10.901986
2020-07-02 17:00:00,10.703768
2020-07-02 18:00:00,10.901986
2020-07-02 19:00:00,10.901986
2020-07-02 20:00:00,11.015253
2020-07-02 21:00:00,11.015253
2020-07-02 22:00:00,10.788718
2020-07-02 23:00:00,10.675451
2020-07-03 00:00:00,10.590501
2020-07-03 01:00:00,10.675451
2020-07-03 02:00:00,10.675451
2020-07-03 03:00:00,10.788718
2020-07-03 04:00:00,10.590501
2020-07-03 05:00:00,10.590501
2020-07-03 06:00:00,10.477233
2020-07-03 07:00:00,10.590501
2020-07-03 08:00:00,10.363966
2020-07-03 09:00:00,10.363966
2020-07-03 10:00:00,10.279016
2020-07-03 11:00:00,10.363966
2020-07-03 12:00:00,10.279016
2020-07-03 13:00:00,9.96753
2020-07-03 14:00:00,10.250698
2020-07-03 15:00:00,10.052481
2020-07-03 16:00:00,10.165748
2020-07-03 17:00:00,10.165748
2020-07-03 18:00:00,10.165748
2020-07-03 19:00:00,10.052481
2020-07-03 20:00:00,10.165748
2020-07-03 21:00:00,9.939213
2020-07-03 22:00:00,10.052481
2020-07-03 23:00:00,10.250698
2020-07-04 00:00:00,10.250698
2020-07-04 01:00:00,10.165748
2020-07-04 02:00:00,10.052481
2020-07-04 03:00:00,9.939213
2020-07-04 04:00:00,9.939213
2020-07-04 05:00:00,10.052481
2020-07-04 06:00:00,9.854262
2020-07-04 07:00:00,9.6277275
2020-07-04 08:00:00,9.740995
2020-07-04 09:00:00,9.740995
2020-07-04 10:00:00,9.6277275
2020-07-04 11:00:00,9.6277275
2020-07-04 12:00:00,9.42951
2020-07-04 13:00:00,9.42951
2020-07-04 14:00:00,9.6277275
2020-07-04 15:00:00,9.514461
2020-07-04 16:00:00,9.514461
2020-07-04 17:00:00,9.514461
2020-07-04 18:00:00,9.514461
2020-07-04 19:00:00,9.6277275
2020-07-04 20:00:00,9.6277275
2020-07-04 21:00:00,9.740995
2020-07-04 22:00:00,9.6277275
2020-07-04 23:00:00,9.6277275
2020-07-05 00:00:00,9.42951
2020-07-05 01:00:00,9.42951
2020-07-05 02:00:00,9.42951
2020-07-05 03:00:00,9.514461
2020-07-05 04:00:00,9.514461
2020-07-05 05:00:00,9.6277275
2020-07-05 06:00:00,9.42951
2020-07-05 07:00:00,9.316242
2020-07-05 08:00:00,9.316242
2020-07-05 09:00:00,9.202975
2020-07-05 10:00:00,9.004757
2020-07-05 11:00:00,9.089707
2020-07-05 12:00:00,9.089707
2020-07-05 13:00:00,9.004757
2020-07-05 14:00:00,9.004757
2020-07-05 15:00:00,8.89149
2020-07-05 16:00:00,8.89149
2020-07-05 17:00:00,9.004757
2020-07-05 18:00:00,9.004757
2020-07-05 19:00:00,9.004757
2020-07-05 20:00:00,9.202975
2020-07-05 21:00:00,9.089707
2020-07-05 22:00:00,9.202975
2020-07-05 23:00:00,9.316242
2020-07-06 00:00:00,9.089707
2020-07-06 01:00:00,9.202975
2020-07-06 02:00:00,9.004757
2020-07-06 03:00:00,9.004757
2020-07-06 04:00:00,9.089707
2020-07-06 05:00:00,9.004757
2020-07-06 06:00:00,8.89149
2020-07-06 07:00:00,8.97644
2020-07-06 08:00:00,8.693272
2020-07-06 09:00:00,8.693272
2020-07-06 10:00:00,8.693272
2020-07-06 11:00:00,8.580005
2020-07-06 12:00:00,8.580005
2020-07-06 13:00:00,8.580005
2020-07-06 14:00:00,8.466737
2020-07-06 15:00:00,8.268519
2020-07-06 16:00:00,8.466737
2020-07-06 17:00:00,8.466737
2020-07-06 18:00:00,8.580005
2020-07-06 19:00:00,8.466737
2020-07-06 20:00:00,8.466737
2020-07-06 21:00:00,8.580005
2020-07-06 22:00:00,8.580005
2020-07-06 23:00:00,8.664955
2020-07-07 00:00:00,8.778222
2020-07-07 01:00:00,8.580005
2020-07-07 02:00:00,8.466737
2020-07-07 03:00:00,8.778222
2020-07-07 04:00:00,8.580005
2020-07-07 05:00:00,8.466737
2020-07-07 06:00:00,8.580005
2020-07-07 07:00:00,8.466737
2020-07-07 08:00:00,8.35347
2020-07-07 09:00:00,8.466737
2020-07-07 10:00:00,8.35347
2020-07-07 11:00:00,8.268519
2020-07-07 12:00:00,8.35347
2020-07-07 13:00:00,8.1552515
2020-07-07 14:00:00,8.1552515
2020-07-07 15:00:00,8.1552515
2020-07-07 16:00:00,8.041985
2020-07-07 17:00:00,8.1552515
2020-07-07 18:00:00,8.240202
2020-07-07 19:00:00,8.35347
2020-07-07 20:00:00,8.240202
2020-07-07 21:00:00,8.240202
2020-07-07 22:00:00,8.240202
2020-07-07 23:00:00,8.466737
2020-07-08 00:00:00,7.9570336
2020-07-08 01:00:00,8.240202
2020-07-08 02:00:00,8.1552515
2020-07-08 03:00:00,8.466737
2020-07-08 04:00:00,8.240202
2020-07-08 05:00:00,8.35347
2020-07-08 06:00:00,8.041985
2020-07-08 07:00:00,8.041985
2020-07-08 08:00:00,8.041985
2020-07-08 09:00:00,8.041985
2020-07-08 10:00:00,8.041985
2020-07-08 11:00:00,7.928717
2020-07-08 12:00:00,7.928717
2020-07-08 13:00:00,7.843766
2020-07-08 14:00:00,7.6172314
2020-07-08 15:00:00,7.730499
2020-07-08 16:00:00,7.843766
2020-07-08 17:00:00,8.041985
2020-07-08 18:00:00,7.928717
2020-07-08 19:00:00,7.843766
2020-07-08 20:00:00,8.041985
2020-07-08 21:00:00,7.928717
2020-07-08 22:00:00,8.126935
2020-07-08 23:00:00,7.928717
2020-07-09 00:00:00,7.928717
2020-07-09 01:00:00,8.126935
2020-07-09 02:00:00,8.041985
2020-07-09 03:00:00,8.041985
2020-07-09 04:00:00,8.041985
2020-07-09 05:00:00,8.041985
2020-07-09 06:00:00,7.8154497
2020-07-09 07:00:00,7.8154497
2020-07-09 08:00:00,7.6172314
2020-07-09 09:00:00,7.730499
2020-07-09 10:00:00,7.6172314
2020-07-09 11:00:00,7.6172314
2020-07-09 12:00:00,7.6172314
2020-07-09 13:00:00,7.8154497
2020-07-09 14:00:00,7.4190135
2020-07-09 15:00:00,7.6172314
2020-07-09 16:00:00,7.6172314
2020-07-09 17:00:00,7.5039644
2020-07-09 18:00:00,7.730499
2020-07-09 19:00:00,7.6172314
2020-07-09 20:00:00,7.730499
2020-07-09 21:00:00,7.7021823
2020-07-09 22:00:00,7.7021823
2020-07-09 23:00:00,7.8154497
2020-07-10 00:00:00,7.5039644
2020-07-10 01:00:00,7.5039644
2020-07-10 02:00:00,7.8154497
2020-07-10 03:00:00,7.8154497
2020-07-10 04:00:00,7.6172314
2020-07-10 05:00:00,7.5039644
2020-07-10 06:00:00,7.305746
2020-07-10 07:00:00,7.4190135
2020-07-10 08:00:00,7.4190135
2020-07-10 09:00:00,7.390697
2020-07-10 10:00:00,7.107528
2020-07-10 11:00:00,7.192479
2020-07-10 12:00:00,7.192479
2020-07-10 13:00:00,7.192479
2020-07-10 14:00:00,7.192479
2020-07-10 15:00:00,7.107528
2020-07-10 16:00:00,7.107528
2020-07-10 17:00:00,6.994261
2020-07-10 18:00:00,7.192479
2020-07-10 19:00:00,7.192479
2020-07-10 20:00:00,7.192479
2020-07-10 21:00:00,7.192479
2020-07-10 22:00:00,7.0792117
2020-07-10 23:00:00,7.390697
2020-07-11 00:00:00,7.390697
2020-07-11 01:00:00,7.192479
2020-07-11 02:00:00,7.305746
2020-07-11 03:00:00,7.390697
2020-07-11 04:00:00,7.305746
2020-07-11 05:00:00,7.390697
2020-07-11 06:00:00,7.305746
2020-07-11 07:00:00,6.994261
2020-07-11 08:00:00,7.0792117
2020-07-11 09:00:00,6.994261
2020-07-11 10:00:00,7.0792117
2020-07-11 11:00:00,6.880994
2020-07-11 12:00:00,6.7677264
2020-07-11 13:00:00,6.7677264
2020-07-11 14:00:00,6.7677264
2020-07-11 15:00:00,6.6827755
2020-07-11 16:00:00,6.880994
2020-07-11 17:00:00,6.7677264
2020-07-11 18:00:00,6.7677264
2020-07-11 19:00:00,6.6827755
2020-07-11 20:00:00,6.6827755
2020-07-11 21:00:00,6.880994
2020-07-11 22:00:00,6.9659443
2020-07-11 23:00:00,6.880994
2020-07-12 00:00:00,7.0792117
2020-07-12 01:00:00,6.9659443
2020-07-12 02:00:00,6.7677264
2020-07-12 03:00:00,6.880994
2020-07-12 04:00:00,6.9659443
2020-07-12 05:00:00,6.9659443
2020-07-12 06:00:00,6.880994
2020-07-12 07:00:00,6.880994
2020-07-12 08:00:00,6.7677264
2020-07-12 09:00:00,6.569508
2020-07-12 10:00:00,6.569508
2020-07-12 11:00:00,6.456241
2020-07-12 12:00:00,6.37129
2020-07-12 13:00:00,6.569508
2020-07-12 14:00:00,6.569508
2020-07-12 15:00:00,6.569508
2020-07-12 16:00:00,6.569508
2020-07-12 17:00:00,6.37129
2020-07-12 18:00:00,6.569508
2020-07-12 19:00:00,6.456241
2020-07-12 20:00:00,6.456241
2020-07-12 21:00:00,6.456241
2020-07-12 22:00:00,6.569508
2020-07-12 23:00:00,6.654459
2020-07-13 00:00:00,6.456241
2020-07-13 01:00:00,6.258023
2020-07-13 02:00:00,6.569508
2020-07-13 03:00:00,6.569508
2020-07-13 04:00:00,6.456241
2020-07-13 05:00:00,6.654459
2020-07-13 06:00:00,6.569508
2020-07-13 07:00:00,6.456241
2020-07-13 08:00:00,6.3429737
2020-07-13 09:00:00,6.569508
2020-07-13 10:00:00,6.258023
2020-07-13 11:00:00,6.3429737
2020-07-13 12:00:00,6.258023
2020-07-13 13:00:00,6.258023
2020-07-13 14:00:00,6.258023
2020-07-13 15:00:00,6.059805
2020-07-13 16:00:00,6.144756
2020-07-13 17:00:00,6.3429737
2020-07-13 18:00:00,6.144756
2020-07-13 19:00:00,6.144756
2020-07-13 20:00:00,6.3429737
2020-07-13 21:00:00,6.3429737
2020-07-13 22:00:00,6.3429737
2020-07-13 23:00:00,6.3429737
2020-07-14 00:00:00,6.3429737
2020-07-14 01:00:00,6.3429737
2020-07-14 02:00:00,6.3429737
2020-07-14 03:00:00,6.3429737
2020-07-14 04:00:00,6.3429737
2020-07-14 05:00:00,6.3429737
2020-07-14 06:00:00,6.3429737
2020-07-14 07:00:00,6.2297063
2020-07-14 08:00:00,6.3429737
2020-07-14 09:00:00,6.0314884
2020-07-14 10:00:00,6.144756
2020-07-14 11:00:00,6.144756
2020-07-14 12:00:00,6.0314884
2020-07-14 13:00:00,6.0314884
2020-07-14 14:00:00,6.0314884
2020-07-14 15:00:00,5.9465375
2020-07-14 16:00:00,6.144756
2020-07-14 17:00:00,5.861587
2020-07-14 18:00:00,5.7483196
2020-07-14 19:00:00,5.861587
2020-07-14 20:00:00,5.9465375
2020-07-14 21:00:00,6.0314884
2020-07-14 22:00:00,6.144756
2020-07-14 23:00:00,5.9465375
2020-07-15 00:00:00,6.144756
2020-07-15 01:00:00,6.144756
2020-07-15 02:00:00,6.144756
2020-07-15 03:00:00,6.144756
2020-07-15 04:00:00,6.0314884
2020-07-15 05:00:00,6.144756
2020-07-15 06:00:00,6.144756
2020-07-15 07:00:00,6.2297063
2020-07-15 08:00:00,5.9465375
2020-07-15 09:00:00,5.83327
2020-07-15 10:00:00,5.9465375
2020-07-15 11:00:00,5.83327
2020-07-15 12:00:00,5.9465375
2020-07-15 13:00:00,5.83327
2020-07-15 14:00:00,5.7483196
2020-07-15 15:00:00,5.7483196
2020-07-15 16:00:00,5.7483196
2020-07-15 17:00:00,5.83327
2020-07-15 18:00:00,5.83327
2020-07-15 19:00:00,5.83327
2020-07-15 20:00:00,5.7483196
2020-07-15 21:00:00,5.918221
2020-07-15 22:00:00,6.0314884
2020-07-15 23:00:00,5.83327
2020-07-16 00:00:00,5.7483196
2020-07-16 01:00:00,5.918221
2020-07-16 02:00:00,5.918221
2020-07-16 03:00:00,5.918221
2020-07-16 04:00:00,5.918221
2020-07-16 05:00:00,5.7483196
2020-07-16 06:00:00,5.83327
2020-07-16 07:00:00,5.918221
2020-07-16 08:00:00,5.7483196
2020-07-16 09:00:00,5.83327
2020-07-16 10:00:00,5.663369
2020-07-16 11:00:00,5.663369
2020-07-16 12:00:00,5.4651513
2020-07-16 13:00:00,5.663369
2020-07-16 14:00:00,5.4651513
2020-07-16 15:00:00,5.5501018
2020-07-16 16:00:00,5.380201
2020-07-16 17:00:00,5.5501018
2020-07-16 18:00:00,5.4651513
2020-07-16 19:00:00,5.635052
2020-07-16 20:00:00,5.635052
2020-07-16 21:00:00,5.635052
2020-07-16 22:00:00,5.635052
2020-07-16 23:00:00,5.7483196
2020-07-17 00:00:00,5.635052
2020-07-17 01:00:00,5.635052
2020-07-17 02:00:00,5.4651513
2020-07-17 03:00:00,5.83327
2020-07-17 04:00:00,5.5501018
2020-07-17 05:00:00,5.720003
2020-07-17 06:00:00,5.635052
2020-07-17 07:00:00,5.635052
2020-07-17 08:00:00,5.635052
2020-07-17 09:00:00,5.635052
2020-07-17 10:00:00,5.380201
2020-07-17 11:00:00,5.4651513
2020-07-17 12:00:00,5.4651513
2020-07-17 13:00:00,5.4651513
2020-07-17 14:00:00,5.380201
2020-07-17 15:00:00,5.2952504
2020-07-17 16:00:00,5.380201
2020-07-17 17:00:00,5.2952504
2020-07-17 18:00:00,5.380201
2020-07-17 19:00:00,5.380201
2020-07-17 20:00:00,5.380201
2020-07-17 21:00:00,5.4651513
2020-07-17 22:00:00,5.4651513
2020-07-17 23:00:00,5.5501018
2020-07-18 00:00:00,5.4651513
2020-07-18 01:00:00,5.5501018
2020-07-18 02:00:00,5.5501018
2020-07-18 03:00:00,5.4651513
2020-07-18 04:00:00,5.4651513
2020-07-18 05:00:00,5.4651513
2020-07-18 06:00:00,5.380201
2020-07-18 07:00:00,5.380201
2020-07-18 08:00:00,5.4651513
2020-07-18 09:00:00,5.380201
2020-07-18 10:00:00,5.4651513
2020-07-18 11:00:00,5.181983
2020-07-18 12:00:00,5.351884
2020-07-18 13:00:00,5.2669334
2020-07-18 14:00:00,5.181983
2020-07-18 15:00:00,5.097032
2020-07-18 16:00:00,5.181983
2020-07-18 17:00:00,5.181983
2020-07-18 18:00:00,5.097032
2020-07-18 19:00:00,5.0120816
2020-07-18 20:00:00,5.181983
2020-07-18 21:00:00,5.0120816
2020-07-18 22:00:00,5.097032
2020-07-18 23:00:00,5.181983
2020-07-19 00:00:00,5.181983
2020-07-19 01:00:00,5.351884
2020-07-19 02:00:00,5.2669334
2020-07-19 03:00:00,5.351884
2020-07-19 04:00:00,5.351884
2020-07-19 05:00:00,5.351884
2020-07-19 06:00:00,5.181983
2020-07-19 07:00:00,5.097032
2020-07-19 08:00:00,5.351884
2020-07-19 09:00:00,5.2669334
2020-07-19 10:00:00,5.2669334
2020-07-19 11:00:00,5.097032
2020-07-19 12:00:00,5.181983
2020-07-19 13:00:00,5.181983
2020-07-19 14:00:00,5.097032
2020-07-19 15:00:00,5.097032
2020-07-19 16:00:00,4.927131
2020-07-19 17:00:00,4.8421807
2020-07-19 18:00:00,4.927131
2020-07-19 19:00:00,5.0120816
2020-07-19 20:00:00,5.0120816
2020-07-19 21:00:00,5.0120816
2020-07-19 22:00:00,5.181983
2020-07-19 23:00:00,5.097032
2020-07-20 00:00:00,5.097032
2020-07-20 01:00:00,5.181983
2020-07-20 02:00:00,5.097032
2020-07-20 03:00:00,5.097032
2020-07-20 04:00:00,5.097032
2020-07-20 05:00:00,5.181983
2020-07-20 06:00:00,5.097032
2020-07-20 07:00:00,5.097032
2020-07-20 08:00:00,5.097032
2020-07-20 09:00:00,5.0120816
2020-07-20 10:00:00,5.097032
2020-07-20 11:00:00,5.0120816
2020-07-20 12:00:00,5.0120816
2020-07-20 13:00:00,5.0120816
2020-07-20 14:00:00,4.8421807
2020-07-20 15:00:00,4.927131
2020-07-20 16:00:00,4.927131
2020-07-20 17:00:00,4.927131
2020-07-20 18:00:00,4.8421807
2020-07-20 19:00:00,4.8421807
2020-07-20 20:00:00,4.8421807
2020-07-20 21:00:00,4.8421807
2020-07-20 22:00:00,4.927131
2020-07-20 23:00:00,4.927131
2020-07-21 00:00:00,5.0120816
2020-07-21 01:00:00,5.0120816
2020-07-21 02:00:00,5.0120816
2020-07-21 03:00:00,5.0120816
2020-07-21 04:00:00,5.097032
2020-07-21 05:00:00,4.927131
2020-07-21 06:00:00,5.0120816
2020-07-21 07:00:00,5.0120816
2020-07-21 08:00:00,4.927131
2020-07-21 09:00:00,5.0120816
2020-07-21 10:00:00,4.927131
2020-07-21 11:00:00,4.8421807
2020-07-21 12:00:00,4.67228
2020-07-21 13:00:00,4.927131
2020-07-21 14:00:00,4.8421807
2020-07-21 15:00:00,4.67228
2020-07-21 16:00:00,4.7572303
2020-07-21 17:00:00,4.7572303
2020-07-21 18:00:00,4.67228
2020-07-21 19:00:00,4.587329
2020-07-21 20:00:00,4.7572303
2020-07-21 21:00:00,4.7572303
2020-07-21 22:00:00,4.7572303
2020-07-21 23:00:00,4.8421807
2020-07-22 00:00:00,4.67228
2020-07-22 01:00:00,4.8421807
2020-07-22 02:00:00,4.898814
2020-07-22 03:00:00,4.983765
2020-07-22 04:00:00,4.898814
2020-07-22 05:00:00,4.898814
2020-07-22 06:00:00,4.8421807
2020-07-22 07:00:00,4.8421807
2020-07-22 08:00:00,4.898814
2020-07-22 09:00:00,4.8421807
2020-07-22 10:00:00,4.898814
2020-07-22 11:00:00,4.7572303
2020-07-22 12:00:00,4.67228
2020-07-22 13:00:00,4.7572303
2020-07-22 14:00:00,4.67228
2020-07-22 15:00:00,4.7572303
2020-07-22 16:00:00,4.587329
2020-07-22 17:00:00,4.587329
2020-07-22 18:00:00,4.7572303
2020-07-22 19:00:00,4.67228
2020-07-22 20:00:00,4.67228
2020-07-22 21:00:00,4.7572303
2020-07-22 22:00:00,4.7572303
2020-07-22 23:00:00,4.67228
2020-07-23 00:00:00,4.8138638
2020-07-23 01:00:00,4.898814
2020-07-23 02:00:00,4.8138638
2020-07-23 03:00:00,4.8138638
2020-07-23 04:00:00,4.898814
2020-07-23 05:00:00,4.898814
2020-07-23 06:00:00,4.898814
2020-07-23 07:00:00,4.983765
2020-07-23 08:00:00,4.983765
2020-07-23 09:00:00,4.898814
2020-07-23 10:00:00,4.983765
2020-07-23 11:00:00,4.898814
2020-07-23 12:00:00,4.8138638
2020-07-23 13:00:00,4.8138638
2020-07-23 14:00:00,4.898814
2020-07-23 15:00:00,4.898814
2020-07-23 16:00:00,4.898814
2020-07-23 17:00:00,4.898814
2020-07-23 18:00:00,4.7572303
2020-07-23 19:00:00,4.8138638
2020-07-23 20:00:00,4.7572303
2020-07-23 21:00:00,4.898814
2020-07-23 22:00:00,4.983765
2020-07-23 23:00:00,4.8138638
2020-07-24 00:00:00,4.898814
2020-07-24 01:00:00,4.8138638
2020-07-24 02:00:00,4.8138638
2020-07-24 03:00:00,4.983765
2020-07-24 04:00:00,4.983765
2020-07-24 05:00:00,5.0687156
2020-07-24 06:00:00,4.983765
2020-07-24 07:00:00,4.983765
2020-07-24 08:00:00,4.898814
2020-07-24 09:00:00,4.898814
2020-07-24 10:00:00,4.898814
2020-07-24 11:00:00,4.983765
2020-07-24 12:00:00,5.0687156
2020-07-24 13:00:00,5.2386165
2020-07-24 14:00:00,5.2386165
2020-07-24 15:00:00,5.2386165
2020-07-24 16:00:00,5.153666
2020-07-24 17:00:00,5.153666
2020-07-24 18:00:00,5.0687156
2020-07-24 19:00:00,5.0687156
2020-07-24 20:00:00,5.0687156
2020-07-24 21:00:00,5.0687156
2020-07-24 22:00:00,4.983765
2020-07-24 23:00:00,5.0687156
2020-07-25 00:00:00,5.153666
2020-07-25 01:00:00,4.983765
2020-07-25 02:00:00,4.983765
2020-07-25 03:00:00,5.0687156
2020-07-25 04:00:00,4.983765
2020-07-25 05:00:00,5.0687156
2020-07-25 06:00:00,4.898814
2020-07-25 07:00:00,4.983765
2020-07-25 08:00:00,4.898814
2020-07-25 09:00:00,4.983765
2020-07-25 10:00:00,4.898814
2020-07-25 11:00:00,4.898814
2020-07-25 12:00:00,4.898814
2020-07-25 13:00:00,4.8138638
2020-07-25 14:00:00,4.8138638
2020-07-25 15:00:00,4.7572303
2020-07-25 16:00:00,4.67228
2020-07-25 17:00:00,4.7572303
2020-07-25 18:00:00,4.67228
2020-07-25 19:00:00,4.67228
2020-07-25 20:00:00,4.67228
2020-07-25 21:00:00,4.7572303
2020-07-25 22:00:00,4.8138638
2020-07-25 23:00:00,4.7572303
2020-07-26 00:00:00,4.67228
2020-07-26 01:00:00,4.8138638
2020-07-26 02:00:00,4.7572303
2020-07-26 03:00:00,4.67228
2020-07-26 04:00:00,4.67228
2020-07-26 05:00:00,4.7572303
2020-07-26 06:00:00,4.67228
2020-07-26 07:00:00,4.67228
2020-07-26 08:00:00,4.7572303
2020-07-26 09:00:00,4.67228
2020-07-26 10:00:00,4.67228
2020-07-26 11:00:00,4.67228
2020-07-26 12:00:00,4.67228
2020-07-26 13:00:00,4.5023785
2020-07-26 14:00:00,4.5023785
2020-07-26 15:00:00,4.445745
2020-07-26 16:00:00,4.445745
2020-07-26 17:00:00,4.445745
2020-07-26 18:00:00,4.5023785
2020-07-26 19:00:00,4.5023785
2020-07-26 20:00:00,4.445745
2020-07-26 21:00:00,4.360794
2020-07-26 22:00:00,4.360794
2020-07-26 23:00:00,4.445745
2020-07-27 00:00:00,4.445745
2020-07-27 01:00:00,4.5023785
2020-07-27 02:00:00,4.5023785
2020-07-27 03:00:00,4.5023785
2020-07-27 04:00:00,4.5023785
2020-07-27 05:00:00,4.587329
2020-07-27 06:00:00,4.587329
2020-07-27 07:00:00,4.587329
2020-07-27 08:00:00,4.5023785
2020-07-27 09:00:00,4.445745
2020-07-27 10:00:00,4.587329
2020-07-27 11:00:00,4.5023785
2020-07-27 12:00:00,4.360794
2020-07-27 13:00:00,4.445745
2020-07-27 14:00:00,4.445745
2020-07-27 15:00:00,4.445745
2020-07-27 16:00:00,4.360794
2020-07-27 17:00:00,4.2758436
2020-07-27 18:00:00,4.360794
2020-07-27 19:00:00,4.21921
2020-07-27 20:00:00,4.2758436
2020-07-27 21:00:00,4.2758436
2020-07-27 22:00:00,4.360794
2020-07-27 23:00:00,4.360794
2020-07-28 00:00:00,4.5023785
2020-07-28 01:00:00,4.445745
2020-07-28 02:00:00,4.5023785
2020-07-28 03:00:00,4.445745
2020-07-28 04:00:00,4.445745
2020-07-28 05:00:00,4.5023785
2020-07-28 06:00:00,4.5023785
2020-07-28 07:00:00,4.5023785
2020-07-28 08:00:00,4.445745
2020-07-28 09:00:00,4.445745
2020-07-28 10:00:00,4.5023785
2020-07-28 11:00:00,4.445745
2020-07-28 12:00:00,4.360794
2020-07-28 13:00:00,4.2758436
2020-07-28 14:00:00,4.360794
2020-07-28 15:00:00,4.2758436
2020-07-28 16:00:00,4.21921
2020-07-28 17:00:00,4.21921
2020-07-28 18:00:00,4.21921
2020-07-28 19:00:00,4.1342597
2020-07-28 20:00:00,4.2758436
2020-07-28 21:00:00,4.21921
2020-07-28 22:00:00,4.21921
2020-07-28 23:00:00,4.2758436
2020-07-29 00:00:00,4.360794
2020-07-29 01:00:00,4.360794
2020-07-29 02:00:00,4.445745
2020-07-29 03:00:00,4.360794
2020-07-29 04:00:00,4.445745
2020-07-29 05:00:00,4.360794
2020-07-29 06:00:00,4.5023785
2020-07-29 07:00:00,4.5023785
2020-07-29 08:00:00,4.445745
2020-07-29 09:00:00,4.445745
2020-07-29 10:00:00,4.5023785
2020-07-29 11:00:00,4.587329
2020-07-29 12:00:00,4.5023785
2020-07-29 13:00:00,4.445745
2020-07-29 14:00:00,4.360794
2020-07-29 15:00:00,4.445745
2020-07-29 16:00:00,4.2758436
2020-07-29 17:00:00,4.2758436
2020-07-29 18:00:00,4.2758436
2020-07-29 19:00:00,4.2758436
2020-07-29 20:00:00,4.360794
2020-07-29 21:00:00,4.2758436
2020-07-29 22:00:00,4.21921
2020-07-29 23:00:00,4.2758436
2020-07-30 00:00:00,4.360794
2020-07-30 01:00:00,4.360794
2020-07-30 02:00:00,4.360794
2020-07-30 03:00:00,4.445745
2020-07-30 04:00:00,4.445745
2020-07-30 05:00:00,4.445745
2020-07-30 06:00:00,4.360794
2020-07-30 07:00:00,4.445745
2020-07-30 08:00:00,4.445745
2020-07-30 09:00:00,4.360794
2020-07-30 10:00:00,4.360794
2020-07-30 11:00:00,4.2758436
2020-07-30 12:00:00,4.360794
2020-07-30 13:00:00,4.2758436
2020-07-30 14:00:00,4.21921
2020-07-30 15:00:00,4.21921
2020-07-30 16:00:00,4.1342597
2020-07-30 17:00:00,4.1342597
2020-07-30 18:00:00,4.0776258
2020-07-30 19:00:00,4.0776258
2020-07-30 20:00:00,4.0776258
2020-07-30 21:00:00,4.1342597
2020-07-30 22:00:00,4.1342597
2020-07-30 23:00:00,4.1342597
2020-07-31 00:00:00,4.1342597
2020-07-31 01:00:00,4.1342597
2020-07-31 02:00:00,4.21921
2020-07-31 03:00:00,4.2758436
2020-07-31 04:00:00,4.21921
2020-07-31 05:00:00,4.2758436
2020-07-31 06:00:00,4.21921
2020-07-31 07:00:00,4.21921
2020-07-31 08:00:00,4.21921
2020-07-31 09:00:00,4.21921
2020-07-31 10:00:00,4.21921
2020-07-31 11:00:00,4.1342597
2020-07-31 12:00:00,4.1342597
2020-07-31 13:00:00,4.1342597
2020-07-31 14:00:00,4.0776258
2020-07-31 15:00:00,4.1342597
2020-07-31 16:00:00,4.0776258
2020-07-31 17:00:00,3.9360416
2020-07-31 18:00:00,3.9926753
2020-07-31 19:00:00,3.9360416
2020-07-31 20:00:00,3.9926753
2020-07-31 21:00:00,3.9360416
2020-07-31 22:00:00,3.9360416
2020-07-31 23:00:00,3.9360416
2020-08-01 00:00:00,3.9360416
2020-08-01 01:00:00,3.9926753
2020-08-01 02:00:00,4.0776258
2020-08-01 03:00:00,4.0776258
2020-08-01 04:00:00,4.0776258
2020-08-01 05:00:00,4.1342597
2020-08-01 06:00:00,4.1342597
2020-08-01 07:00:00,4.0776258
2020-08-01 08:00:00,4.0776258
2020-08-01 09:00:00,4.0776258
2020-08-01 10:00:00,4.0776258
2020-08-01 11:00:00,3.9926753
2020-08-01 12:00:00,3.9926753
2020-08-01 13:00:00,3.9926753
2020-08-01 14:00:00,3.9926753
2020-08-01 15:00:00,3.9360416
2020-08-01 16:00:00,3.9360416
2020-08-01 17:00:00,3.879408
2020-08-01 18:00:00,3.879408
2020-08-01 19:00:00,3.879408
2020-08-01 20:00:00,3.7944574
2020-08-01 21:00:00,3.7944574
2020-08-01 22:00:00,3.7944574
2020-08-01 23:00:00,3.7944574
2020-08-02 00:00:00,3.879408
2020-08-02 01:00:00,3.9360416
2020-08-02 02:00:00,3.9360416
2020-08-02 03:00:00,3.9360416
2020-08-02 04:00:00,3.9926753
2020-08-02 05:00:00,4.0776258
2020-08-02 06:00:00,3.9926753
2020-08-02 07:00:00,4.0776258
2020-08-02 08:00:00,4.0776258
2020-08-02 09:00:00,3.9360416
2020-08-02 10:00:00,3.9360416
2020-08-02 11:00:00,3.9360416
2020-08-02 12:00:00,3.9360416
2020-08-02 13:00:00,3.9360416
2020-08-02 14:00:00,3.9360416
2020-08-02 15:00:00,3.879408
2020-08-02 16:00:00,3.879408
2020-08-02 17:00:00,3.879408
2020-08-02 18:00:00,3.879408
2020-08-02 19:00:00,3.7944574
2020-08-02 20:00:00,3.879408
2020-08-02 21:00:00,3.7944574
2020-08-02 22:00:00,3.7944574
2020-08-02 23:00:00,3.879408
2020-08-03 00:00:00,3.879408
2020-08-03 01:00:00,3.7944574
2020-08-03 02:00:00,3.879408
2020-08-03 03:00:00,3.879408
2020-08-03 04:00:00,3.879408
2020-08-03 05:00:00,3.9360416
2020-08-03 06:00:00,3.9360416
2020-08-03 07:00:00,3.9360416
2020-08-03 08:00:00,3.9926753
2020-08-03 09:00:00,3.9926753
2020-08-03 10:00:00,3.9360416
2020-08-03 11:00:00,3.879408
2020-08-03 12:00:00,3.9360416
2020-08-03 13:00:00,3.9360416
2020-08-03 14:00:00,3.879408
2020-08-03 15:00:00,3.879408
2020-08-03 16:00:00,3.7944574
2020-08-03 17:00:00,3.7944574
2020-08-03 18:00:00,3.7944574
2020-08-03 19:00:00,3.7944574
2020-08-03 20:00:00,3.7378237
2020-08-03 21:00:00,3.7378237
2020-08-03 22:00:00,3.7944574
2020-08-03 23:00:00,3.652873
2020-08-04 00:00:00,3.7378237
2020-08-04 01:00:00,3.7378237
2020-08-04 02:00:00,3.7378237
2020-08-04 03:00:00,3.7944574
2020-08-04 04:00:00,3.7944574
2020-08-04 05:00:00,3.7944574
2020-08-04 06:00:00,3.879408
2020-08-04 07:00:00,3.879408
2020-08-04 08:00:00,3.7944574
2020-08-04 09:00:00,3.879408
2020-08-04 10:00:00,3.7944574
2020-08-04 11:00:00,3.7944574
2020-08-04 12:00:00,3.7944574
2020-08-04 13:00:00,3.7944574
2020-08-04 14:00:00,3.7944574
2020-08-04 15:00:00,3.7378237
2020-08-04 16:00:00,3.7378237
2020-08-04 17:00:00,3.652873
2020-08-04 18:00:00,3.652873
2020-08-04 19:00:00,3.652873
2020-08-04 20:00:00,3.652873
2020-08-04 21:00:00,3.652873
2020-08-04 22:00:00,3.652873
2020-08-04 23:00:00,3.652873
2020-08-05 00:00:00,3.652873
2020-08-05 01:00:00,3.652873
2020-08-05 02:00:00,3.7378237
2020-08-05 03:00:00,3.7378237
2020-08-05 04:00:00,3.7944574
2020-08-05 05:00:00,3.7944574
2020-08-05 06:00:00,3.7944574
2020-08-05 07:00:00,3.879408
2020-08-05 08:00:00,3.879408
2020-08-05 09:00:00,3.7944574
2020-08-05 10:00:00,3.7944574
2020-08-05 11:00:00,3.7944574
2020-08-05 12:00:00,3.7378237
2020-08-05 13:00:00,3.7944574
2020-08-05 14:00:00,3.7378237
2020-08-05 15:00:00,3.652873
2020-08-05 16:00:00,3.652873
2020-08-05 17:00:00,3.5962396
2020-08-05 18:00:00,3.652873
2020-08-05 19:00:00,3.5962396
2020-08-05 20:00:00,3.5962396
2020-08-05 21:00:00,3.7378237
2020-08-05 22:00:00,3.5962396
2020-08-05 23:00:00,3.5962396
2020-08-06 00:00:00,3.652873
2020-08-06 01:00:00,3.5962396
2020-08-06 02:00:00,3.652873
2020-08-06 03:00:00,3.7378237
2020-08-06 04:00:00,3.7944574
2020-08-06 05:00:00,3.7378237
2020-08-06 06:00:00,3.7378237
2020-08-06 07:00:00,3.7944574
2020-08-06 08:00:00,3.7378237
2020-08-06 09:00:00,3.7944574
2020-08-06 10:00:00,3.7944574
2020-08-06 11:00:00,3.7944574
2020-08-06 12:00:00,3.7378237
2020-08-06 13:00:00,3.652873
2020-08-06 14:00:00,3.7378237
2020-08-06 15:00:00,3.652873
2020-08-06 16:00:00,3.652873
2020-08-06 17:00:00,3.5962396
2020-08-06 18:00:00,3.5962396
2020-08-06 19:00:00,3.652873
2020-08-06 20:00:00,3.652873
2020-08-06 21:00:00,3.5962396
2020-08-06 22:00:00,3.5396059
2020-08-06 23:00:00,3.5396059
2020-08-07 00:00:00,3.5396059
2020-08-07 01:00:00,3.5396059
2020-08-07 02:00:00,3.5962396
2020-08-07 03:00:00,3.652873
2020-08-07 04:00:00,3.5962396
2020-08-07 05:00:00,3.652873
2020-08-07 06:00:00,3.652873
2020-08-07 07:00:00,3.7378237
2020-08-07 08:00:00,3.7378237
2020-08-07 09:00:00,3.7378237
2020-08-07 10:00:00,3.652873
2020-08-07 11:00:00,3.652873
2020-08-07 12:00:00,3.652873
2020-08-07 13:00:00,3.652873
2020-08-07 14:00:00,3.5962396
2020-08-07 15:00:00,3.5962396
2020-08-07 16:00:00,3.5962396
2020-08-07 17:00:00,3.5962396
2020-08-07 18:00:00,3.5962396
2020-08-07 19:00:00,3.5396059
2020-08-07 20:00:00,3.5396059
2020-08-07 21:00:00,3.5396059
2020-08-07 22:00:00,3.5962396
2020-08-07 23:00:00,3.5396059
2020-08-08 00:00:00,3.652873
2020-08-08 01:00:00,3.5962396
2020-08-08 02:00:00,3.5396059
2020-08-08 03:00:00,3.5396059
2020-08-08 04:00:00,3.5962396
2020-08-08 05:00:00,3.5962396
2020-08-08 06:00:00,3.652873
2020-08-08 07:00:00,3.5962396
2020-08-08 08:00:00,3.652873
2020-08-08 09:00:00,3.652873
2020-08-08 10:00:00,3.5962396
2020-08-08 11:00:00,3.5962396
2020-08-08 12:00:00,3.5962396
2020-08-08 13:00:00,3.5962396
2020-08-08 14:00:00,3.5962396
2020-08-08 15:00:00,3.5396059
2020-08-08 16:00:00,3.5396059
2020-08-08 17:00:00,3.5396059
2020-08-08 18:00:00,3.5396059
2020-08-08 19:00:00,3.4829721
2020-08-08 20:00:00,3.4829721
2020-08-08 21:00:00,3.5396059
2020-08-08 22:00:00,3.4829721
2020-08-08 23:00:00,3.4829721
2020-08-09 00:00:00,3.3413877
2020-08-09 01:00:00,3.4829721
2020-08-09 02:00:00,3.4829721
2020-08-09 03:00:00,3.5396059
2020-08-09 04:00:00,3.4829721
2020-08-09 05:00:00,3.5396059
2020-08-09 06:00:00,3.5962396
2020-08-09 07:00:00,3.5962396
2020-08-09 08:00:00,3.5962396
2020-08-09 09:00:00,3.5962396
2020-08-09 10:00:00,3.5396059
2020-08-09 11:00:00,3.5396059
2020-08-09 12:00:00,3.5396059
2020-08-09 13:00:00,3.5396059
2020-08-09 14:00:00,3.4829721
2020-08-09 15:00:00,3.4829721
2020-08-09 16:00:00,3.3980215
2020-08-09 17:00:00,3.3980215
2020-08-09 18:00:00,3.3980215
2020-08-09 19:00:00,3.4829721
2020-08-09 20:00:00,3.5396059
2020-08-09 21:00:00,3.4829721
2020-08-09 22:00:00,3.4829721
2020-08-09 23:00:00,3.4829721
2020-08-10 00:00:00,3.3980215
2020-08-10 01:00:00,3.4829721
2020-08-10 02:00:00,3.3980215
2020-08-10 03:00:00,3.4829721
2020-08-10 04:00:00,3.5396059
2020-08-10 05:00:00,3.5396059
2020-08-10 06:00:00,3.5396059
2020-08-10 07:00:00,3.5396059
2020-08-10 08:00:00,3.5396059
2020-08-10 09:00:00,3.5396059
2020-08-10 10:00:00,3.5396059
2020-08-10 11:00:00,3.5396059
2020-08-10 12:00:00,3.5396059
2020-08-10 13:00:00,3.4829721
2020-08-10 14:00:00,3.5396059
2020-08-10 15:00:00,3.4829721
2020-08-10 16:00:00,3.3980215
2020-08-10 17:00:00,3.3980215
2020-08-10 18:00:00,3.3413877
2020-08-10 19:00:00,3.3413877
2020-08-10 20:00:00,3.3980215
2020-08-10 21:00:00,3.3980215
2020-08-10 22:00:00,3.3980215
2020-08-10 23:00:00,3.4829721
2020-08-11 00:00:00,3.3980215
2020-08-11 01:00:00,3.3980215
2020-08-11 02:00:00,3.3980215
2020-08-11 03:00:00,3.4829721
2020-08-11 04:00:00,3.4829721
2020-08-11 05:00:00,3.4829721
2020-08-11 06:00:00,3.5396059
2020-08-11 07:00:00,3.5396059
2020-08-11 08:00:00,3.5396059
2020-08-11 09:00:00,3.5396059
2020-08-11 10:00:00,3.5396059
2020-08-11 11:00:00,3.5396059
2020-08-11 12:00:00,3.4829721
2020-08-11 13:00:00,3.4829721
2020-08-11 14:00:00,3.4829721
2020-08-11 15:00:00,3.3980215
2020-08-11 16:00:00,3.3980215
2020-08-11 17:00:00,3.3413877
2020-08-11 18:00:00,3.3413877
2020-08-11 19:00:00,3.284754
2020-08-11 20:00:00,3.3413877
2020-08-11 21:00:00,3.284754
2020-08-11 22:00:00,3.284754
2020-08-11 23:00:00,3.284754
2020-08-12 00:00:00,3.3413877
2020-08-12 01:00:00,3.3413877
2020-08-12 02:00:00,3.3413877
2020-08-12 03:00:00,3.3413877
2020-08-12 04:00:00,3.3980215
2020-08-12 05:00:00,3.3980215
2020-08-12 06:00:00,3.3980215
2020-08-12 07:00:00,3.3980215
2020-08-12 08:00:00,3.4829721
2020-08-12 09:00:00,3.4829721
2020-08-12 10:00:00,3.4829721
2020-08-12 11:00:00,3.3980215
2020-08-12 12:00:00,3.3980215
2020-08-12 13:00:00,3.3980215
2020-08-12 14:00:00,3.3980215
2020-08-12 15:00:00,3.3413877
2020-08-12 16:00:00,3.3413877
2020-08-12 17:00:00,3.284754
2020-08-12 18:00:00,3.3413877
2020-08-12 19:00:00,3.284754
2020-08-12 20:00:00,3.284754
2020-08-12 21:00:00,3.284754
2020-08-12 22:00:00,3.284754
2020-08-12 23:00:00,3.284754
2020-08-13 00:00:00,3.2281206
2020-08-13 01:00:00,3.284754
2020-08-13 02:00:00,3.284754
2020-08-13 03:00:00,3.284754
2020-08-13 04:00:00,3.3413877
2020-08-13 05:00:00,3.3980215
2020-08-13 06:00:00,3.3980215
2020-08-13 07:00:00,3.3980215
2020-08-13 08:00:00,3.3980215
2020-08-13 09:00:00,3.4829721
2020-08-13 10:00:00,3.3980215
2020-08-13 11:00:00,3.3980215
2020-08-13 12:00:00,3.3413877
2020-08-13 13:00:00,3.3413877
2020-08-13 14:00:00,3.3980215
2020-08-13 15:00:00,3.3413877
2020-08-13 16:00:00,3.3413877
2020-08-13 17:00:00,3.3413877
2020-08-13 18:00:00,3.284754
2020-08-13 19:00:00,3.284754
2020-08-13 20:00:00,3.2281206
2020-08-13 21:00:00,3.2281206
2020-08-13 22:00:00,3.3413877
2020-08-13 23:00:00,3.284754
2020-08-14 00:00:00,3.284754
2020-08-14 01:00:00,3.284754
2020-08-14 02:00:00,3.284754
2020-08-14 03:00:00,3.3413877
2020-08-14 04:00:00,3.3413877
2020-08-14 05:00:00,3.3413877
2020-08-14 06:00:00,3.3980215
2020-08-14 07:00:00,3.3980215
2020-08-14 08:00:00,3.3980215
2020-08-14 09:00:00,3.3980215
2020-08-14 10:00:00,3.3980215
2020-08-14 11:00:00,3.3980215
2020-08-14 12:00:00,3.3413877
2020-08-14 13:00:00,3.3413877
2020-08-14 14:00:00,3.3413877
2020-08-14 15:00:00,3.3413877
2020-08-14 16:00:00,3.284754
2020-08-14 17:00:00,3.2281206
2020-08-14 18:00:00,3.2281206
2020-08-14 19:00:00,3.2281206
2020-08-14 20:00:00,3.2281206
2020-08-14 21:00:00,3.2281206
2020-08-14 22:00:00,3.2281206
2020-08-14 23:00:00,3.2281206
2020-08-15 00:00:00,3.2281206
2020-08-15 01:00:00,3.2281206
2020-08-15 02:00:00,3.2281206
2020-08-15 03:00:00,3.284754
2020-08-15 04:00:00,3.284754
2020-08-15 05:00:00,3.284754
2020-08-15 06:00:00,3.3413877
2020-08-15 07:00:00,3.3413877
2020-08-15 08:00:00,3.3413877
2020-08-15 09:00:00,3.3980215
2020-08-15 10:00:00,3.3980215
2020-08-15 11:00:00,3.3413877
2020-08-15 12:00:00,3.3980215
2020-08-15 13:00:00,3.284754
2020-08-15 14:00:00,3.3413877
2020-08-15 15:00:00,3.284754
2020-08-15 16:00:00,3.2281206
2020-08-15 17:00:00,3.2281206
2020-08-15 18:00:00,3.2281206
2020-08-15 19:00:00,3.2281206
2020-08-15 20:00:00,3.1714869
2020-08-15 21:00:00,3.1714869
2020-08-15 22:00:00,3.2281206
2020-08-15 23:00:00,3.1714869
2020-08-16 00:00:00,3.1714869
2020-08-16 01:00:00,3.1714869
2020-08-16 02:00:00,3.1714869
2020-08-16 03:00:00,3.2281206
2020-08-16 04:00:00,3.2281206
2020-08-16 05:00:00,3.2281206
2020-08-16 06:00:00,3.284754
2020-08-16 07:00:00,3.284754
2020-08-16 08:00:00,3.284754
2020-08-16 09:00:00,3.284754
2020-08-16 10:00:00,3.284754
2020-08-16 11:00:00,3.284754
2020-08-16 12:00:00,3.284754
2020-08-16 13:00:00,3.284754
2020-08-16 14:00:00,3.284754
2020-08-16 15:00:00,3.2281206
2020-08-16 16:00:00,3.2281206
2020-08-16 17:00:00,3.1714869
2020-08-16 18:00:00,3.1714869
2020-08-16 19:00:00,3.1148531
2020-08-16 20:00:00,3.1714869
2020-08-16 21:00:00,3.1148531
2020-08-16 22:00:00,3.1148531
2020-08-16 23:00:00,3.1148531
2020-08-17 00:00:00,3.1148531
2020-08-17 01:00:00,3.1148531
2020-08-17 02:00:00,3.1714869
2020-08-17 03:00:00,3.1714869
2020-08-17 04:00:00,3.2281206
2020-08-17 05:00:00,3.284754
2020-08-17 06:00:00,3.2281206
2020-08-17 07:00:00,3.284754
2020-08-17 08:00:00,3.3413877
2020-08-17 09:00:00,3.284754
2020-08-17 10:00:00,3.3413877
2020-08-17 11:00:00,3.284754
2020-08-17 12:00:00,3.284754
2020-08-17 13:00:00,3.2281206
2020-08-17 14:00:00,3.284754
2020-08-17 15:00:00,3.284754
2020-08-17 16:00:00,3.2281206
2020-08-17 17:00:00,3.2281206
2020-08-17 18:00:00,3.1714869
2020-08-17 19:00:00,3.2281206
2020-08-17 20:00:00,3.2281206
2020-08-17 21:00:00,3.1714869
2020-08-17 22:00:00,3.1714869
2020-08-17 23:00:00,3.1714869
2020-08-18 00:00:00,3.1714869
2020-08-18 01:00:00,3.284754
2020-08-18 02:00:00,3.2281206
2020-08-18 03:00:00,3.2281206
2020-08-18 04:00:00,3.284754
2020-08-18 05:00:00,3.2281206
2020-08-18 06:00:00,3.2281206
2020-08-18 07:00:00,3.284754
2020-08-18 08:00:00,3.284754
2020-08-18 09:00:00,3.2281206
2020-08-18 10:00:00,3.284754
2020-08-18 11:00:00,3.284754
2020-08-18 12:00:00,3.284754
2020-08-18 13:00:00,3.284754
2020-08-18 14:00:00,3.2281206
2020-08-18 15:00:00,3.1714869
2020-08-18 16:00:00,3.1714869
2020-08-18 17:00:00,3.1714869
2020-08-18 18:00:00,3.1148531
2020-08-18 19:00:00,3.0582194
2020-08-18 20:00:00,3.0582194
2020-08-18 21:00:00,3.0582194
2020-08-18 22:00:00,3.0582194
2020-08-18 23:00:00,3.0582194
2020-08-19 00:00:00,3.0582194
2020-08-19 01:00:00,3.0582194
2020-08-19 02:00:00,3.0582194
2020-08-19 03:00:00,3.1148531
2020-08-19 04:00:00,3.1714869
2020-08-19 05:00:00,3.1714869
2020-08-19 06:00:00,3.1148531
2020-08-19 07:00:00,3.1714869
2020-08-19 08:00:00,3.1714869
2020-08-19 09:00:00,3.2281206
2020-08-19 10:00:00,3.2281206
2020-08-19 11:00:00,3.2281206
2020-08-19 12:00:00,3.1714869
2020-08-19 13:00:00,3.1148531
2020-08-19 14:00:00,3.1714869
2020-08-19 15:00:00,3.1148531
2020-08-19 16:00:00,3.0582194
2020-08-19 17:00:00,3.0582194
2020-08-19 18:00:00,3.0582194
2020-08-19 19:00:00,3.0582194
2020-08-19 20:00:00,3.0582194
2020-08-19 21:00:00,3.0582194
2020-08-19 22:00:00,3.0582194
2020-08-19 23:00:00,3.0582194
2020-08-20 00:00:00,3.0015857
2020-08-20 01:00:00,3.0582194
2020-08-20 02:00:00,3.0015857
2020-08-20 03:00:00,3.0582194
2020-08-20 04:00:00,3.0582194
2020-08-20 05:00:00,3.0582194
2020-08-20 06:00:00,3.1714869
2020-08-20 07:00:00,3.1714869
2020-08-20 08:00:00,3.2281206
2020-08-20 09:00:00,3.1714869
2020-08-20 10:00:00,3.2281206
2020-08-20 11:00:00,3.1714869
2020-08-20 12:00:00,3.2281206
2020-08-20 13:00:00,3.1714869
2020-08-20 14:00:00,3.1714869
2020-08-20 15:00:00,3.1714869
2020-08-20 16:00:00,3.1714869
2020-08-20 17:00:00,3.1148531
2020-08-20 18:00:00,3.1148531
2020-08-20 19:00:00,3.1148531
2020-08-20 20:00:00,3.1148531
2020-08-20 21:00:00,3.1148531
2020-08-20 22:00:00,3.1148531
2020-08-20 23:00:00,3.1148531
2020-08-21 00:00:00,3.0582194
2020-08-21 01:00:00,3.0582194
2020-08-21 02:00:00,3.1148531
2020-08-21 03:00:00,3.1148531
2020-08-21 04:00:00,3.1148531
2020-08-21 05:00:00,3.1148531
2020-08-21 06:00:00,3.1148531
2020-08-21 07:00:00,3.1148531
2020-08-21 08:00:00,3.1714869
2020-08-21 09:00:00,3.1148531
2020-08-21 10:00:00,3.1714869
2020-08-21 11:00:00,3.1148531
2020-08-21 12:00:00,3.1148531
2020-08-21 13:00:00,3.1148531
2020-08-21 14:00:00,3.1148531
2020-08-21 15:00:00,3.0582194
2020-08-21 16:00:00,3.0582194
2020-08-21 17:00:00,3.0015857
2020-08-21 18:00:00,3.0015857
2020-08-21 19:00:00,2.944952
2020-08-21 20:00:00,3.0015857
2020-08-21 21:00:00,2.944952
2020-08-21 22:00:00,3.0015857
2020-08-21 23:00:00,2.944952
2020-08-22 00:00:00,3.0015857
2020-08-22 01:00:00,3.0015857
2020-08-22 02:00:00,2.944952
2020-08-22 03:00:00,3.0015857
2020-08-22 04:00:00,3.0582194
2020-08-22 05:00:00,3.0582194
2020-08-22 06:00:00,3.1148531
2020-08-22 07:00:00,3.1148531
2020-08-22 08:00:00,3.1148531
2020-08-22 09:00:00,3.1714869
2020-08-22 10:00:00,3.1714869
2020-08-22 11:00:00,3.1148531
2020-08-22 12:00:00,3.1148531
2020-08-22 13:00:00,3.1714869
2020-08-22 14:00:00,3.1148531
2020-08-22 15:00:00,3.1148531
2020-08-22 16:00:00,3.1148531
2020-08-22 17:00:00,3.0582194
2020-08-22 18:00:00,3.0582194
2020-08-22 19:00:00,3.0582194
2020-08-22 20:00:00,3.0015857
2020-08-22 21:00:00,2.944952
2020-08-22 22:00:00,3.0015857
2020-08-22 23:00:00,3.0015857
2020-08-23 00:00:00,3.0015857
2020-08-23 01:00:00,3.0015857
2020-08-23 02:00:00,3.0015857
2020-08-23 03:00:00,3.0582194
2020-08-23 04:00:00,3.0015857
2020-08-23 05:00:00,3.0015857
2020-08-23 06:00:00,3.0582194
2020-08-23 07:00:00,3.0582194
2020-08-23 08:00:00,3.1148531
2020-08-23 09:00:00,3.1148531
2020-08-23 10:00:00,3.1148531
2020-08-23 11:00:00,3.1148531
2020-08-23 12:00:00,3.1148531
2020-08-23 13:00:00,3.1148531
2020-08-23 14:00:00,3.0582194
2020-08-23 15:00:00,3.0582194
2020-08-23 16:00:00,3.0582194
2020-08-23 17:00:00,3.0582194
2020-08-23 18:00:00,3.0015857
2020-08-23 19:00:00,3.0015857
2020-08-23 20:00:00,2.944952
2020-08-23 21:00:00,3.0015857
2020-08-23 22:00:00,3.0015857
2020-08-23 23:00:00,3.0582194
2020-08-24 00:00:00,2.944952
2020-08-24 01:00:00,2.944952
2020-08-24 02:00:00,2.944952
2020-08-24 03:00:00,2.944952
2020-08-24 04:00:00,3.0015857
2020-08-24 05:00:00,3.0015857
2020-08-24 06:00:00,3.0582194
2020-08-24 07:00:00,3.0582194
2020-08-24 08:00:00,3.0582194
2020-08-24 09:00:00,3.0582194
2020-08-24 10:00:00,3.0582194
2020-08-24 11:00:00,3.0582194
2020-08-24 12:00:00,3.0582194
2020-08-24 13:00:00,3.0582194
2020-08-24 14:00:00,3.0582194
2020-08-24 15:00:00,3.0015857
2020-08-24 16:00:00,3.0015857
2020-08-24 17:00:00,2.944952
2020-08-24 18:00:00,2.944952
2020-08-24 19:00:00,2.944952
2020-08-24 20:00:00,3.0015857
2020-08-24 21:00:00,2.944952
2020-08-24 22:00:00,2.944952
2020-08-24 23:00:00,2.944952
2020-08-25 00:00:00,2.944952
2020-08-25 01:00:00,2.944952
2020-08-25 02:00:00,2.944952
2020-08-25 03:00:00,3.0015857
2020-08-25 04:00:00,2.944952
2020-08-25 05:00:00,3.0582194
2020-08-25 06:00:00,3.0015857
2020-08-25 07:00:00,3.0582194
2020-08-25 08:00:00,3.0015857
2020-08-25 09:00:00,3.0582194
2020-08-25 10:00:00,3.1148531
2020-08-25 11:00:00,3.1148531
2020-08-25 12:00:00,3.0582194
2020-08-25 13:00:00,3.1714869
2020-08-25 14:00:00,3.1148531
2020-08-25 15:00:00,3.1714869
2020-08-25 16:00:00,3.1714869
2020-08-25 17:00:00,3.1148531
2020-08-25 18:00:00,3.1148531
2020-08-25 19:00:00,3.0582194
2020-08-25 20:00:00,3.0582194
2020-08-25 21:00:00,3.1148531
2020-08-25 22:00:00,3.1148531
2020-08-25 23:00:00,3.0582194
2020-08-26 00:00:00,3.0015857
2020-08-26 01:00:00,3.0015857
2020-08-26 02:00:00,3.0015857
2020-08-26 03:00:00,3.0582194
2020-08-26 04:00:00,3.0582194
2020-08-26 05:00:00,3.0582194
2020-08-26 06:00:00,3.1148531
2020-08-26 07:00:00,3.1148531
2020-08-26 08:00:00,3.1148531
2020-08-26 09:00:00,3.0582194
2020-08-26 10:00:00,3.1148531
2020-08-26 11:00:00,3.0582194
2020-08-26 12:00:00,3.0582194
2020-08-26 13:00:00,3.0582194
2020-08-26 14:00:00,3.0582194
2020-08-26 15:00:00,3.0015857
2020-08-26 16:00:00,3.0015857
2020-08-26 17:00:00,2.944952
2020-08-26 18:00:00,2.944952
2020-08-26 19:00:00,2.8883183
2020-08-26 20:00:00,2.944952
2020-08-26 21:00:00,2.944952
2020-08-26 22:00:00,2.944952
2020-08-26 23:00:00,2.8883183
2020-08-27 00:00:00,2.8883183
2020-08-27 01:00:00,2.944952
2020-08-27 02:00:00,2.944952
2020-08-27 03:00:00,2.944952
2020-08-27 04:00:00,2.944952
2020-08-27 05:00:00,3.0015857
2020-08-27 06:00:00,3.0015857
2020-08-27 07:00:00,3.0582194
2020-08-27 08:00:00,3.0582194
2020-08-27 09:00:00,3.0582194
2020-08-27 10:00:00,3.0582194
2020-08-27 11:00:00,3.0582194
2020-08-27 12:00:00,3.0582194
2020-08-27 13:00:00,3.0582194
2020-08-27 14:00:00,3.0015857
2020-08-27 15:00:00,3.0015857
2020-08-27 16:00:00,2.944952
2020-08-27 17:00:00,3.0015857
2020-08-27 18:00:00,2.944952
2020-08-27 19:00:00,2.944952
2020-08-27 20:00:00,2.8883183
2020-08-27 21:00:00,2.8883183
2020-08-27 22:00:00,2.944952
2020-08-27 23:00:00,2.8883183
2020-08-28 00:00:00,2.8883183
2020-08-28 01:00:00,2.8883183
2020-08-28 02:00:00,2.8883183
2020-08-28 03:00:00,2.8883183
2020-08-28 04:00:00,2.8883183
2020-08-28 05:00:00,2.944952
2020-08-28 06:00:00,2.944952
2020-08-28 07:00:00,2.944952
2020-08-28 08:00:00,2.944952
2020-08-28 09:00:00,2.8883183
2020-08-28 10:00:00,3.0015857
2020-08-28 11:00:00,2.8883183
2020-08-28 12:00:00,2.944952
2020-08-28 13:00:00,2.944952
2020-08-28 14:00:00,2.944952
2020-08-28 15:00:00,2.944952
2020-08-28 16:00:00,2.8883183
2020-08-28 17:00:00,2.8883183
2020-08-28 18:00:00,2.8316846
2020-08-28 19:00:00,2.8316846
2020-08-28 20:00:00,2.8316846
2020-08-28 21:00:00,2.8316846
2020-08-28 22:00:00,2.7778826
2020-08-28 23:00:00,2.7778826
2020-08-29 00:00:00,2.8316846
2020-08-29 01:00:00,2.8316846
2020-08-29 02:00:00,2.8316846
2020-08-29 03:00:00,2.8316846
2020-08-29 04:00:00,2.8883183
2020-08-29 05:00:00,2.8883183
2020-08-29 06:00:00,2.8883183
2020-08-29 07:00:00,2.8883183
2020-08-29 08:00:00,2.944952
2020-08-29 09:00:00,2.8883183
2020-08-29 10:00:00,2.944952
2020-08-29 11:00:00,2.944952
2020-08-29 12:00:00,2.944952
2020-08-29 13:00:00,3.0015857
2020-08-29 14:00:00,2.944952
2020-08-29 15:00:00,2.8883183
2020-08-29 16:00:00,2.8883183
2020-08-29 17:00:00,2.8883183
2020-08-29 18:00:00,2.8316846
2020-08-29 19:00:00,2.8316846
2020-08-29 20:00:00,2.7778826
2020-08-29 21:00:00,2.7778826
2020-08-29 22:00:00,2.7778826
2020-08-29 23:00:00,2.7269123
2020-08-30 00:00:00,2.7778826
2020-08-30 01:00:00,2.7778826
2020-08-30 02:00:00,2.7269123
2020-08-30 03:00:00,2.7778826
2020-08-30 04:00:00,2.7778826
2020-08-30 05:00:00,2.7778826
2020-08-30 06:00:00,2.8316846
2020-08-30 07:00:00,2.8316846
2020-08-30 08:00:00,2.8316846
2020-08-30 09:00:00,2.8316846
2020-08-30 10:00:00,2.8883183
2020-08-30 11:00:00,2.8316846
2020-08-30 12:00:00,2.8883183
2020-08-30 13:00:00,2.8316846
2020-08-30 14:00:00,2.8316846
2020-08-30 15:00:00,2.8316846
2020-08-30 16:00:00,2.8316846
2020-08-30 17:00:00,2.8316846
2020-08-30 18:00:00,2.8316846
2020-08-30 19:00:00,2.7778826
2020-08-30 20:00:00,2.6731102
2020-08-30 21:00:00,2.7778826
2020-08-30 22:00:00,2.6731102
2020-08-30 23:00:00,2.7269123
2020-08-31 00:00:00,2.6731102
2020-08-31 01:00:00,2.7269123
2020-08-31 02:00:00,2.6731102
2020-08-31 03:00:00,2.7269123
2020-08-31 04:00:00,2.6731102
2020-08-31 05:00:00,2.7778826
2020-08-31 06:00:00,2.7778826
2020-08-31 07:00:00,2.7778826
2020-08-31 08:00:00,2.7778826
2020-08-31 09:00:00,2.7778826
2020-08-31 10:00:00,2.8316846
2020-08-31 11:00:00,2.8316846
2020-08-31 12:00:00,2.8316846
2020-08-31 13:00:00,2.8316846
2020-08-31 14:00:00,2.8316846
2020-08-31 15:00:00,2.7778826
2020-08-31 16:00:00,2.7778826
2020-08-31 17:00:00,2.7778826
2020-08-31 18:00:00,2.7269123
2020-08-31 19:00:00,2.7778826
2020-08-31 20:00:00,2.7269123
2020-08-31 21:00:00,2.7269123
2020-08-31 22:00:00,2.7269123
2020-08-31 23:00:00,2.7269123
2020-09-01 00:00:00,2.7269123
2020-09-01 01:00:00,2.6731102
2020-09-01 02:00:00,2.7269123
2020-09-01 03:00:00,2.7269123
2020-09-01 04:00:00,2.7778826
2020-09-01 05:00:00,2.7778826
2020-09-01 06:00:00,2.8316846
2020-09-01 07:00:00,2.8316846
2020-09-01 08:00:00,2.8883183
2020-09-01 09:00:00,2.8316846
2020-09-01 10:00:00,2.8883183
2020-09-01 11:00:00,2.944952
2020-09-01 12:00:00,2.8883183
2020-09-01 13:00:00,3.0015857
2020-09-01 14:00:00,2.944952
2020-09-01 15:00:00,2.944952
2020-09-01 16:00:00,2.944952
2020-09-01 17:00:00,2.944952
2020-09-01 18:00:00,2.944952
2020-09-01 19:00:00,2.8883183
2020-09-01 20:00:00,2.8883183
2020-09-01 21:00:00,2.944952
2020-09-01 22:00:00,2.944952
2020-09-01 23:00:00,2.944952
2020-09-02 00:00:00,2.944952
2020-09-02 01:00:00,2.8883183
2020-09-02 02:00:00,2.8883183
2020-09-02 03:00:00,2.8883183
2020-09-02 04:00:00,2.944952
2020-09-02 05:00:00,2.944952
2020-09-02 06:00:00,2.944952
2020-09-02 07:00:00,2.944952
2020-09-02 08:00:00,3.0015857
2020-09-02 09:00:00,3.0015857
2020-09-02 10:00:00,3.0015857
2020-09-02 11:00:00,2.944952
2020-09-02 12:00:00,3.0015857
2020-09-02 13:00:00,3.0015857
2020-09-02 14:00:00,2.944952
2020-09-02 15:00:00,2.944952
2020-09-02 16:00:00,2.8883183
2020-09-02 17:00:00,2.8883183
2020-09-02 18:00:00,2.8883183
2020-09-02 19:00:00,2.8316846
2020-09-02 20:00:00,2.8316846
2020-09-02 21:00:00,2.8316846
2020-09-02 22:00:00,2.8316846
2020-09-02 23:00:00,2.8883183
2020-09-03 00:00:00,2.8316846
2020-09-03 01:00:00,2.7778826
2020-09-03 02:00:00,2.8316846
2020-09-03 03:00:00,2.8316846
2020-09-03 04:00:00,2.8316846
2020-09-03 05:00:00,2.8883183
2020-09-03 06:00:00,2.8883183
2020-09-03 07:00:00,2.8883183
2020-09-03 08:00:00,2.944952
2020-09-03 09:00:00,2.8883183
2020-09-03 10:00:00,2.8883183
2020-09-03 11:00:00,2.8883183
2020-09-03 12:00:00,2.8883183
2020-09-03 13:00:00,2.8883183
2020-09-03 14:00:00,2.8883183
2020-09-03 15:00:00,2.8883183
2020-09-03 16:00:00,2.8316846
2020-09-03 17:00:00,2.8316846
2020-09-03 18:00:00,2.7778826
2020-09-03 19:00:00,2.7778826
2020-09-03 20:00:00,2.7778826
2020-09-03 21:00:00,2.7269123
2020-09-03 22:00:00,2.7269123
2020-09-03 23:00:00,2.7269123
2020-09-04 00:00:00,2.6731102
2020-09-04 01:00:00,2.7269123
2020-09-04 02:00:00,2.7269123
2020-09-04 03:00:00,2.7269123
2020-09-04 04:00:00,2.6731102
2020-09-04 05:00:00,2.7269123
2020-09-04 06:00:00,2.7807143
2020-09-04 07:00:00,2.7807143
2020-09-04 08:00:00,2.8316846
2020-09-04 09:00:00,2.7807143
2020-09-04 10:00:00,2.7807143
2020-09-04 11:00:00,2.8316846
2020-09-04 12:00:00,2.8316846
2020-09-04 13:00:00,2.8316846
2020-09-04 14:00:00,2.8316846
2020-09-04 15:00:00,2.7807143
2020-09-04 16:00:00,2.7807143
2020-09-04 17:00:00,2.7269123
2020-09-04 18:00:00,2.675942
2020-09-04 19:00:00,2.675942
2020-09-04 20:00:00,2.675942
2020-09-04 21:00:00,2.675942
2020-09-04 22:00:00,2.675942
2020-09-04 23:00:00,2.675942
2020-09-05 00:00:00,2.675942
2020-09-05 01:00:00,2.675942
2020-09-05 02:00:00,2.6249716
2020-09-05 03:00:00,2.675942
2020-09-05 04:00:00,2.675942
2020-09-05 05:00:00,2.675942
2020-09-05 06:00:00,2.675942
2020-09-05 07:00:00,2.729744
2020-09-05 08:00:00,2.729744
2020-09-05 09:00:00,2.729744
2020-09-05 10:00:00,2.783546
2020-09-05 11:00:00,2.783546
2020-09-05 12:00:00,2.729744
2020-09-05 13:00:00,2.783546
2020-09-05 14:00:00,2.729744
2020-09-05 15:00:00,2.729744
2020-09-05 16:00:00,2.729744
2020-09-05 17:00:00,2.6787736
2020-09-05 18:00:00,2.6787736
2020-09-05 19:00:00,2.6278033
2020-09-05 20:00:00,2.6278033
2020-09-05 21:00:00,2.576833
2020-09-05 22:00:00,2.6278033
2020-09-05 23:00:00,2.6278033
2020-09-06 00:00:00,2.576833
2020-09-06 01:00:00,2.576833
2020-09-06 02:00:00,2.6278033
2020-09-06 03:00:00,2.6278033
2020-09-06 04:00:00,2.576833
2020-09-06 05:00:00,2.6278033
2020-09-06 06:00:00,2.6787736
2020-09-06 07:00:00,2.6278033
2020-09-06 08:00:00,2.8316846
2020-09-06 09:00:00,2.6787736
2020-09-06 10:00:00,2.7325757
2020-09-06 11:00:00,2.7325757
2020-09-06 12:00:00,2.6816053
2020-09-06 13:00:00,2.7325757
2020-09-06 14:00:00,2.6816053
2020-09-06 15:00:00,2.6816053
2020-09-06 16:00:00,2.6816053
2020-09-06 17:00:00,2.6816053
2020-09-06 18:00:00,2.630635
2020-09-06 19:00:00,2.630635
2020-09-06 20:00:00,2.630635
2020-09-06 21:00:00,2.5796647
2020-09-06 22:00:00,2.630635
2020-09-06 23:00:00,2.630635
2020-09-07 00:00:00,2.5796647
2020-09-07 01:00:00,2.5796647
2020-09-07 02:00:00,2.5286944
2020-09-07 03:00:00,2.5286944
2020-09-07 04:00:00,2.5286944
2020-09-07 05:00:00,2.5796647
2020-09-07 06:00:00,2.630635
2020-09-07 07:00:00,2.630635
2020-09-07 08:00:00,2.630635
2020-09-07 09:00:00,2.6816053
2020-09-07 10:00:00,2.6816053
2020-09-07 11:00:00,2.6816053
2020-09-07 12:00:00,2.6816053
2020-09-07 13:00:00,2.6816053
2020-09-07 14:00:00,2.684437
2020-09-07 15:00:00,2.630635
2020-09-07 16:00:00,2.684437
2020-09-07 17:00:00,2.684437
2020-09-07 18:00:00,2.630635
2020-09-07 19:00:00,2.5824962
2020-09-07 20:00:00,2.6334667
2020-09-07 21:00:00,2.684437
2020-09-07 22:00:00,2.5824962
2020-09-07 23:00:00,2.5824962
2020-09-08 00:00:00,2.531526
2020-09-08 01:00:00,2.531526
2020-09-08 02:00:00,2.5824962
2020-09-08 03:00:00,2.531526
2020-09-08 04:00:00,2.5824962
2020-09-08 05:00:00,2.531526
2020-09-08 06:00:00,2.5824962
2020-09-08 07:00:00,2.5824962
2020-09-08 08:00:00,2.5824962
2020-09-08 09:00:00,2.5824962
2020-09-08 10:00:00,2.6334667
2020-09-08 11:00:00,2.6334667
2020-09-08 12:00:00,2.6334667
2020-09-08 13:00:00,2.6334667
2020-09-08 14:00:00,2.6334667
2020-09-08 15:00:00,2.6334667
2020-09-08 16:00:00,2.6334667
2020-09-08 17:00:00,2.6334667
2020-09-08 18:00:00,2.5824962
2020-09-08 19:00:00,2.5824962
2020-09-08 20:00:00,2.5824962
2020-09-08 21:00:00,2.585328
2020-09-08 22:00:00,2.585328
2020-09-08 23:00:00,2.585328
2020-09-09 00:00:00,2.585328
2020-09-09 01:00:00,2.585328
2020-09-09 02:00:00,2.585328
2020-09-09 03:00:00,2.585328
2020-09-09 04:00:00,2.5343578
2020-09-09 05:00:00,2.5343578
2020-09-09 06:00:00,2.585328
2020-09-09 07:00:00,2.6362984
2020-09-09 08:00:00,2.585328
2020-09-09 09:00:00,2.6362984
2020-09-09 10:00:00,2.6872687
2020-09-09 11:00:00,2.6362984
2020-09-09 12:00:00,2.6872687
2020-09-09 13:00:00,2.6362984
2020-09-09 14:00:00,2.6362984
2020-09-09 15:00:00,2.6872687
2020-09-09 16:00:00,2.6362984
2020-09-09 17:00:00,2.6362984
2020-09-09 18:00:00,2.6362984
2020-09-09 19:00:00,2.6362984
2020-09-09 20:00:00,2.7948725
2020-09-09 21:00:00,2.6901004
2020-09-09 22:00:00,2.6901004
2020-09-09 23:00:00,2.6901004
2020-09-10 00:00:00,2.6901004
2020-09-10 01:00:00,2.6901004
2020-09-10 02:00:00,2.6901004
2020-09-10 03:00:00,2.6901004
2020-09-10 04:00:00,2.6391299
2020-09-10 05:00:00,2.6901004
2020-09-10 06:00:00,2.6901004
2020-09-10 07:00:00,2.6901004
2020-09-10 08:00:00,2.7410707
2020-09-10 09:00:00,2.7948725
2020-09-10 10:00:00,2.7948725
2020-09-10 11:00:00,2.7948725
2020-09-10 12:00:00,2.7948725
2020-09-10 13:00:00,2.8600016
2020-09-10 14:00:00,2.6901004
2020-09-10 15:00:00,2.7439024
2020-09-10 16:00:00,2.6901004
2020-09-10 17:00:00,2.7439024
2020-09-10 18:00:00,2.6901004
2020-09-10 19:00:00,2.6901004
2020-09-10 20:00:00,2.6391299
2020-09-10 21:00:00,2.6901004
2020-09-10 22:00:00,2.6929321
2020-09-10 23:00:00,2.6929321
2020-09-11 00:00:00,2.6929321
2020-09-11 01:00:00,2.6929321
2020-09-11 02:00:00,2.6929321
2020-09-11 03:00:00,2.6929321
2020-09-11 04:00:00,2.6929321
2020-09-11 05:00:00,2.6929321
2020-09-11 06:00:00,2.6929321
2020-09-11 07:00:00,2.6929321
2020-09-11 08:00:00,2.7439024
2020-09-11 09:00:00,2.7439024
2020-09-11 10:00:00,2.7439024
2020-09-11 11:00:00,2.6929321
2020-09-11 12:00:00,2.7467341
2020-09-11 13:00:00,2.6929321
2020-09-11 14:00:00,2.7467341
2020-09-11 15:00:00,2.6929321
2020-09-11 16:00:00,2.7467341
2020-09-11 17:00:00,2.6929321
2020-09-11 18:00:00,2.6419618
2020-09-11 19:00:00,2.6419618
2020-09-11 20:00:00,2.6419618
2020-09-11 21:00:00,2.6929321
2020-09-11 22:00:00,2.6929321
2020-09-11 23:00:00,2.6929321
2020-09-12 00:00:00,2.6929321
2020-09-12 01:00:00,2.6957636
2020-09-12 02:00:00,2.6419618
2020-09-12 03:00:00,2.6419618
2020-09-12 04:00:00,2.6419618
2020-09-12 05:00:00,2.6419618
2020-09-12 06:00:00,2.6419618
2020-09-12 07:00:00,2.6419618
2020-09-12 08:00:00,2.6957636
2020-09-12 09:00:00,2.6957636
2020-09-12 10:00:00,2.6957636
2020-09-12 11:00:00,2.7467341
2020-09-12 12:00:00,2.7467341
2020-09-12 13:00:00,2.6957636
2020-09-12 14:00:00,2.6957636
2020-09-12 15:00:00,2.6957636
2020-09-12 16:00:00,2.6957636
2020-09-12 17:00:00,2.6957636
2020-09-12 18:00:00,2.6447935
2020-09-12 19:00:00,2.6447935
2020-09-12 20:00:00,2.6447935
2020-09-12 21:00:00,2.593823
2020-09-12 22:00:00,2.593823
2020-09-12 23:00:00,2.593823
2020-09-13 00:00:00,2.6447935
2020-09-13 01:00:00,2.593823
2020-09-13 02:00:00,2.593823
2020-09-13 03:00:00,2.593823
2020-09-13 04:00:00,2.593823
2020-09-13 05:00:00,2.593823
2020-09-13 06:00:00,2.6447935
2020-09-13 07:00:00,2.6447935
2020-09-13 08:00:00,2.6985955
2020-09-13 09:00:00,2.6447935
2020-09-13 10:00:00,2.6985955
2020-09-13 11:00:00,2.6985955
2020-09-13 12:00:00,2.6985955
2020-09-13 13:00:00,2.6985955
2020-09-13 14:00:00,2.6985955
2020-09-13 15:00:00,2.6985955
2020-09-13 16:00:00,2.6985955
2020-09-13 17:00:00,2.6476252
2020-09-13 18:00:00,2.6476252
2020-09-13 19:00:00,2.6476252
2020-09-13 20:00:00,2.6476252
2020-09-13 21:00:00,2.5966547
2020-09-13 22:00:00,2.5966547
2020-09-13 23:00:00,2.5966547
2020-09-14 00:00:00,2.5966547
2020-09-14 01:00:00,2.5456846
2020-09-14 02:00:00,2.5966547
2020-09-14 03:00:00,2.5966547
2020-09-14 04:00:00,2.5966547
2020-09-14 05:00:00,2.5966547
2020-09-14 06:00:00,2.6476252
2020-09-14 07:00:00,2.5966547
2020-09-14 08:00:00,2.6476252
2020-09-14 09:00:00,2.6476252
2020-09-14 10:00:00,2.6476252
2020-09-14 11:00:00,2.7014272
2020-09-14 12:00:00,2.7014272
2020-09-14 13:00:00,2.7014272
2020-09-14 14:00:00,2.7014272
2020-09-14 15:00:00,2.6504567
2020-09-14 16:00:00,2.7014272
2020-09-14 17:00:00,2.6504567
2020-09-14 18:00:00,2.7014272
2020-09-14 19:00:00,2.6504567
2020-09-14 20:00:00,2.5994866
2020-09-14 21:00:00,2.5994866
2020-09-14 22:00:00,2.5994866
2020-09-14 23:00:00,2.5994866
2020-09-15 00:00:00,2.5994866
2020-09-15 01:00:00,2.5994866
2020-09-15 02:00:00,2.548516
2020-09-15 03:00:00,2.548516
2020-09-15 04:00:00,2.5994866
2020-09-15 05:00:00,2.5994866
2020-09-15 06:00:00,2.5994866
2020-09-15 07:00:00,2.5994866
2020-09-15 08:00:00,2.5994866
2020-09-15 09:00:00,2.6504567
2020-09-15 10:00:00,2.5994866
2020-09-15 11:00:00,2.6504567
2020-09-15 12:00:00,2.6504567
2020-09-15 13:00:00,2.6504567
2020-09-15 14:00:00,2.6504567
2020-09-15 15:00:00,2.6504567
2020-09-15 16:00:00,2.5994866
2020-09-15 17:00:00,2.6532884
2020-09-15 18:00:00,2.6023183
2020-09-15 19:00:00,2.6023183
2020-09-15 20:00:00,2.5513477
2020-09-15 21:00:00,2.5513477
2020-09-15 22:00:00,2.5513477
2020-09-15 23:00:00,2.5513477
2020-09-16 00:00:00,2.5513477
2020-09-16 01:00:00,2.5513477
2020-09-16 02:00:00,2.6023183
2020-09-16 03:00:00,2.5513477
2020-09-16 04:00:00,2.6023183
2020-09-16 05:00:00,2.5513477
2020-09-16 06:00:00,2.6023183
2020-09-16 07:00:00,2.6532884
2020-09-16 08:00:00,2.6023183
2020-09-16 09:00:00,2.6532884
2020-09-16 10:00:00,2.6532884
2020-09-16 11:00:00,2.6532884
2020-09-16 12:00:00,2.7070904
2020-09-16 13:00:00,2.7070904
2020-09-16 14:00:00,2.7070904
2020-09-16 15:00:00,2.7070904
2020-09-16 16:00:00,2.6532884
2020-09-16 17:00:00,2.6532884
2020-09-16 18:00:00,2.6532884
2020-09-16 19:00:00,2.6532884
2020-09-16 20:00:00,2.6023183
2020-09-16 21:00:00,2.5541794
2020-09-16 22:00:00,2.6051497
2020-09-16 23:00:00,2.5541794
2020-09-17 00:00:00,2.5541794
2020-09-17 01:00:00,2.5541794
2020-09-17 02:00:00,2.6051497
2020-09-17 03:00:00,2.6051497
2020-09-17 04:00:00,2.6051497
2020-09-17 05:00:00,2.6051497
2020-09-17 06:00:00,2.6051497
2020-09-17 07:00:00,2.6051497
2020-09-17 08:00:00,2.6561203
2020-09-17 09:00:00,2.6561203
2020-09-17 10:00:00,2.6561203
2020-09-17 11:00:00,2.6561203
2020-09-17 12:00:00,2.6561203
2020-09-17 13:00:00,2.6561203
2020-09-17 14:00:00,2.709922
2020-09-17 15:00:00,2.6561203
2020-09-17 16:00:00,2.6561203
2020-09-17 17:00:00,2.6561203
2020-09-17 18:00:00,2.6051497
2020-09-17 19:00:00,2.6051497
2020-09-17 20:00:00,2.6051497
2020-09-17 21:00:00,2.6051497
2020-09-17 22:00:00,2.6051497
2020-09-17 23:00:00,2.5570114
2020-09-18 00:00:00,2.5570114
2020-09-18 01:00:00,2.5060408
2020-09-18 02:00:00,2.5570114
2020-09-18 03:00:00,2.5570114
2020-09-18 04:00:00,2.5570114
2020-09-18 05:00:00,2.5570114
2020-09-18 06:00:00,2.6079814
2020-09-18 07:00:00,2.6079814
2020-09-18 08:00:00,2.6079814
2020-09-18 09:00:00,2.6079814
2020-09-18 10:00:00,2.6079814
2020-09-18 11:00:00,2.6079814
2020-09-18 12:00:00,2.658952
2020-09-18 13:00:00,2.658952
2020-09-18 14:00:00,2.6079814
2020-09-18 15:00:00,2.6079814
2020-09-18 16:00:00,2.6079814
2020-09-18 17:00:00,2.5570114
2020-09-18 18:00:00,2.5570114
2020-09-18 19:00:00,2.5570114
2020-09-18 20:00:00,2.5088725
2020-09-18 21:00:00,2.5570114
2020-09-18 22:00:00,2.5088725
2020-09-18 23:00:00,2.5088725
2020-09-19 00:00:00,2.5088725
2020-09-19 01:00:00,2.5598428
2020-09-19 02:00:00,2.5598428
2020-09-19 03:00:00,2.6079814
2020-09-19 04:00:00,2.5598428
2020-09-19 05:00:00,2.6108131
2020-09-19 06:00:00,2.6108131
2020-09-19 07:00:00,2.712754
2020-09-19 08:00:00,2.712754
2020-09-19 09:00:00,2.712754
2020-09-19 10:00:00,2.7665558
2020-09-19 11:00:00,2.8203578
2020-09-19 12:00:00,2.7665558
2020-09-19 13:00:00,2.8203578
2020-09-19 14:00:00,2.8600016
2020-09-19 15:00:00,2.8883183
2020-09-19 16:00:00,2.8883183
2020-09-19 17:00:00,2.8203578
2020-09-19 18:00:00,2.8883183
2020-09-19 19:00:00,2.8883183
2020-09-19 20:00:00,2.916635
2020-09-19 21:00:00,2.916635
2020-09-19 22:00:00,2.916635
2020-09-19 23:00:00,2.8883183
2020-09-20 00:00:00,2.916635
2020-09-20 01:00:00,2.916635
2020-09-20 02:00:00,2.916635
2020-09-20 03:00:00,2.916635
2020-09-20 04:00:00,2.9732687
2020-09-20 05:00:00,2.9732687
2020-09-20 06:00:00,2.9732687
2020-09-20 07:00:00,2.944952
2020-09-20 08:00:00,2.944952
2020-09-20 09:00:00,2.9732687
2020-09-20 10:00:00,2.8883183
2020-09-20 11:00:00,2.944952
2020-09-20 12:00:00,2.944952
2020-09-20 13:00:00,2.8883183
2020-09-20 14:00:00,2.8883183
2020-09-20 15:00:00,2.8883183
2020-09-20 16:00:00,2.8231895
2020-09-20 17:00:00,2.8883183
2020-09-20 18:00:00,2.8231895
2020-09-20 19:00:00,2.8231895
2020-09-20 20:00:00,2.8231895
2020-09-20 21:00:00,2.8231895
2020-09-20 22:00:00,2.8231895
2020-09-20 23:00:00,2.8231895
2020-09-21 00:00:00,2.7693877
2020-09-21 01:00:00,2.7693877
2020-09-21 02:00:00,2.8231895
2020-09-21 03:00:00,2.7693877
2020-09-21 04:00:00,2.8231895
2020-09-21 05:00:00,2.8231895
2020-09-21 06:00:00,2.8231895
2020-09-21 07:00:00,2.7722192
2020-09-21 08:00:00,2.8231895
2020-09-21 09:00:00,2.8231895
2020-09-21 10:00:00,2.8260214
2020-09-21 11:00:00,2.8260214
2020-09-21 12:00:00,2.8260214
2020-09-21 13:00:00,2.7722192
2020-09-21 14:00:00,2.7722192
2020-09-21 15:00:00,2.7722192
2020-09-21 16:00:00,2.7722192
2020-09-21 17:00:00,2.7722192
2020-09-21 18:00:00,2.7722192
2020-09-21 19:00:00,2.7184172
2020-09-21 20:00:00,2.7184172
2020-09-21 21:00:00,2.7184172
2020-09-21 22:00:00,2.7722192
2020-09-21 23:00:00,2.7184172
2020-09-22 00:00:00,2.7212489
2020-09-22 01:00:00,2.7212489
2020-09-22 02:00:00,2.7212489
2020-09-22 03:00:00,2.7212489
2020-09-22 04:00:00,2.7212489
2020-09-22 05:00:00,2.7212489
2020-09-22 06:00:00,2.7212489
2020-09-22 07:00:00,2.7212489
2020-09-22 08:00:00,2.7212489
2020-09-22 09:00:00,2.7722192
2020-09-22 10:00:00,2.7750509
2020-09-22 11:00:00,2.7750509
2020-09-22 12:00:00,2.7750509
2020-09-22 13:00:00,2.7750509
2020-09-22 14:00:00,2.7750509
2020-09-22 15:00:00,2.7750509
2020-09-22 16:00:00,2.7750509
2020-09-22 17:00:00,2.7212489
2020-09-22 18:00:00,2.7212489
2020-09-22 19:00:00,2.6702788
2020-09-22 20:00:00,2.6702788
2020-09-22 21:00:00,2.7212489
2020-09-22 22:00:00,2.7212489
2020-09-22 23:00:00,2.6702788
2020-09-23 00:00:00,2.6702788
2020-09-23 01:00:00,2.6702788
2020-09-23 02:00:00,2.6702788
2020-09-23 03:00:00,2.6193082
2020-09-23 04:00:00,2.6193082
2020-09-23 05:00:00,2.6193082
2020-09-23 06:00:00,2.6702788
2020-09-23 07:00:00,2.6702788
2020-09-23 08:00:00,2.6702788
2020-09-23 09:00:00,2.6702788
2020-09-23 10:00:00,2.6702788
2020-09-23 11:00:00,2.6702788
2020-09-23 12:00:00,2.6702788
2020-09-23 13:00:00,2.7240806
2020-09-23 14:00:00,2.6731102
2020-09-23 15:00:00,2.7240806
2020-09-23 16:00:00,2.6731102
2020-09-23 17:00:00,2.7240806
2020-09-23 18:00:00,2.6731102
2020-09-23 19:00:00,2.6731102
2020-09-23 20:00:00,2.62214
2020-09-23 21:00:00,2.62214
2020-09-23 22:00:00,2.7240806
2020-09-23 23:00:00,2.6731102
2020-09-24 00:00:00,2.62214
2020-09-24 01:00:00,2.62214
2020-09-24 02:00:00,2.62214
2020-09-24 03:00:00,2.62214
2020-09-24 04:00:00,2.62214
2020-09-24 05:00:00,2.62214
2020-09-24 06:00:00,2.62214
2020-09-24 07:00:00,2.6731102
2020-09-24 08:00:00,2.6731102
2020-09-24 09:00:00,2.6731102
2020-09-24 10:00:00,2.6731102
2020-09-24 11:00:00,2.6731102
2020-09-24 12:00:00,2.7269123
2020-09-24 13:00:00,2.6731102
2020-09-24 14:00:00,2.62214
2020-09-24 15:00:00,2.6731102
2020-09-24 16:00:00,2.675942
2020-09-24 17:00:00,2.675942
2020-09-24 18:00:00,2.675942
2020-09-24 19:00:00,2.62214
2020-09-24 20:00:00,2.6249716
2020-09-24 21:00:00,2.6249716
2020-09-24 22:00:00,2.6249716
2020-09-24 23:00:00,2.6249716
2020-09-25 00:00:00,2.5740013
2020-09-25 01:00:00,2.6249716
2020-09-25 02:00:00,2.6249716
2020-09-25 03:00:00,2.6249716
2020-09-25 04:00:00,2.6249716
2020-09-25 05:00:00,2.6249716
2020-09-25 06:00:00,2.675942
2020-09-25 07:00:00,2.675942
2020-09-25 08:00:00,2.6249716
2020-09-25 09:00:00,2.675942
2020-09-25 10:00:00,2.675942
2020-09-25 11:00:00,2.675942
2020-09-25 12:00:00,2.675942
2020-09-25 13:00:00,2.729744
2020-09-25 14:00:00,2.6249716
2020-09-25 15:00:00,2.729744
2020-09-25 16:00:00,2.675942
2020-09-25 17:00:00,2.729744
2020-09-25 18:00:00,2.783546
2020-09-25 19:00:00,2.729744
2020-09-25 20:00:00,2.783546
2020-09-25 21:00:00,2.729744
2020-09-25 22:00:00,2.783546
2020-09-25 23:00:00,2.729744
2020-09-26 00:00:00,2.8316846
2020-09-26 01:00:00,2.783546
2020-09-26 02:00:00,2.783546
2020-09-26 03:00:00,2.729744
2020-09-26 04:00:00,2.783546
2020-09-26 05:00:00,2.8883183
2020-09-26 06:00:00,2.8883183
2020-09-26 07:00:00,2.944952
2020-09-26 08:00:00,2.944952
2020-09-26 09:00:00,2.944952
2020-09-26 10:00:00,2.944952
2020-09-26 11:00:00,3.0015857
2020-09-26 12:00:00,2.944952
2020-09-26 13:00:00,3.0015857
2020-09-26 14:00:00,3.0582194
2020-09-26 15:00:00,3.0015857
2020-09-26 16:00:00,3.1148531
2020-09-26 17:00:00,3.1148531
2020-09-26 18:00:00,3.1714869
2020-09-26 19:00:00,3.2281206
2020-09-26 20:00:00,3.2281206
2020-09-26 21:00:00,3.284754
2020-09-26 22:00:00,3.4263384
2020-09-26 23:00:00,3.4263384
2020-09-27 00:00:00,3.4829721
2020-09-27 01:00:00,3.4829721
2020-09-27 02:00:00,3.5962396
2020-09-27 03:00:00,3.68119
2020-09-27 04:00:00,3.7378237
2020-09-27 05:00:00,3.7378237
2020-09-27 06:00:00,3.7944574
2020-09-27 07:00:00,3.7944574
2020-09-27 08:00:00,3.7944574
2020-09-27 09:00:00,3.7378237
2020-09-27 10:00:00,3.7378237
2020-09-27 11:00:00,3.68119
2020-09-27 12:00:00,3.7378237
2020-09-27 13:00:00,3.4829721
2020-09-27 14:00:00,3.6245563
2020-09-27 15:00:00,3.5396059
2020-09-27 16:00:00,3.4263384
2020-09-27 17:00:00,3.4263384
2020-09-27 18:00:00,3.313071
2020-09-27 19:00:00,3.313071
2020-09-27 20:00:00,3.2281206
2020-09-27 21:00:00,3.313071
2020-09-27 22:00:00,3.2281206
2020-09-27 23:00:00,3.1714869
2020-09-28 00:00:00,3.1148531
2020-09-28 01:00:00,3.0582194
2020-09-28 02:00:00,3.0582194
2020-09-28 03:00:00,3.1148531
2020-09-28 04:00:00,3.0015857
2020-09-28 05:00:00,3.0015857
2020-09-28 06:00:00,2.944952
2020-09-28 07:00:00,2.944952
2020-09-28 08:00:00,3.0015857
2020-09-28 09:00:00,2.944952
2020-09-28 10:00:00,2.944952
2020-09-28 11:00:00,2.944952
2020-09-28 12:00:00,3.0015857
2020-09-28 13:00:00,2.944952
2020-09-28 14:00:00,2.8883183
2020-09-28 15:00:00,2.8883183
2020-09-28 16:00:00,2.8883183
2020-09-28 17:00:00,2.8316846
2020-09-28 18:00:00,2.8883183
2020-09-28 19:00:00,2.8883183
2020-09-28 20:00:00,2.8316846
2020-09-28 21:00:00,2.8883183
2020-09-28 22:00:00,2.8883183
2020-09-28 23:00:00,2.944952
2020-09-29 00:00:00,2.944952
2020-09-29 01:00:00,2.8883183
2020-09-29 02:00:00,2.8883183
2020-09-29 03:00:00,2.8316846
2020-09-29 04:00:00,2.8316846
2020-09-29 05:00:00,2.8316846
2020-09-29 06:00:00,2.792041
2020-09-29 07:00:00,2.8883183
2020-09-29 08:00:00,2.8883183
2020-09-29 09:00:00,2.8883183
2020-09-29 10:00:00,2.8883183
2020-09-29 11:00:00,2.8883183
2020-09-29 12:00:00,2.8883183
2020-09-29 13:00:00,2.8600016
2020-09-29 14:00:00,2.8883183
2020-09-29 15:00:00,2.8600016
2020-09-29 16:00:00,2.8883183
2020-09-29 17:00:00,2.8600016
2020-09-29 18:00:00,2.8600016
2020-09-29 19:00:00,2.8600016
2020-09-29 20:00:00,2.8600016
2020-09-29 21:00:00,2.8600016
2020-09-29 22:00:00,2.8600016
2020-09-29 23:00:00,2.8883183
2020-09-30 00:00:00,2.8600016
2020-09-30 01:00:00,2.8600016
2020-09-30 02:00:00,2.8600016
2020-09-30 03:00:00,2.8600016
2020-09-30 04:00:00,2.8600016
2020-09-30 05:00:00,2.8600016
2020-09-30 06:00:00,2.8600016
2020-09-30 07:00:00,2.8600016
2020-09-30 08:00:00,2.8600016
2020-09-30 09:00:00,2.8600016
2020-09-30 10:00:00,2.916635
2020-09-30 11:00:00,2.8600016
2020-09-30 12:00:00,2.8600016
2020-09-30 13:00:00,2.916635
2020-09-30 14:00:00,2.8600016
2020-09-30 15:00:00,2.7948725
2020-09-30 16:00:00,2.8600016
2020-09-30 17:00:00,2.8600016
2020-09-30 18:00:00,2.7948725
2020-09-30 19:00:00,2.7410707
2020-09-30 20:00:00,2.7948725
2020-09-30 21:00:00,2.7948725
2020-09-30 22:00:00,2.8600016
2020-09-30 23:00:00,2.8600016
2020-10-01 00:00:00,2.8600016
2020-10-01 01:00:00,2.8600016
2020-10-01 02:00:00,2.7977045
2020-10-01 03:00:00,2.8600016
2020-10-01 04:00:00,2.7977045
2020-10-01 05:00:00,2.7977045
2020-10-01 06:00:00,2.8600016
2020-10-01 07:00:00,2.7977045
2020-10-01 08:00:00,2.7439024
2020-10-01 09:00:00,2.8600016
2020-10-01 10:00:00,2.8600016
2020-10-01 11:00:00,2.8600016
2020-10-01 12:00:00,2.7977045
2020-10-01 13:00:00,2.8600016
2020-10-01 14:00:00,2.8600016
2020-10-01 15:00:00,2.7977045
2020-10-01 16:00:00,2.7439024
2020-10-01 17:00:00,2.7977045
2020-10-01 18:00:00,2.7439024
2020-10-01 19:00:00,2.7439024
2020-10-01 20:00:00,2.6929321
2020-10-01 21:00:00,2.7439024
2020-10-01 22:00:00,2.6929321
2020-10-01 23:00:00,2.7467341
2020-10-02 00:00:00,2.7467341
2020-10-02 01:00:00,2.6929321
2020-10-02 02:00:00,2.6929321
2020-10-02 03:00:00,2.6929321
2020-10-02 04:00:00,2.8005362
2020-10-02 05:00:00,2.7467341
2020-10-02 06:00:00,2.6929321
2020-10-02 07:00:00,2.7467341
2020-10-02 08:00:00,2.7467341
2020-10-02 09:00:00,2.8005362
2020-10-02 10:00:00,2.8005362
2020-10-02 11:00:00,2.7467341
2020-10-02 12:00:00,2.7467341
2020-10-02 13:00:00,2.7467341
2020-10-02 14:00:00,2.6957636
2020-10-02 15:00:00,2.7467341
2020-10-02 16:00:00,2.7467341
2020-10-02 17:00:00,2.7467341
2020-10-02 18:00:00,2.6957636
2020-10-02 19:00:00,2.6957636
2020-10-02 20:00:00,2.7467341
2020-10-02 21:00:00,2.6957636
2020-10-02 22:00:00,2.6957636
2020-10-02 23:00:00,2.6957636
2020-10-03 00:00:00,2.6957636
2020-10-03 01:00:00,2.7495656
2020-10-03 02:00:00,2.6957636
2020-10-03 03:00:00,2.7495656
2020-10-03 04:00:00,2.6957636
2020-10-03 05:00:00,2.7495656
2020-10-03 06:00:00,2.6957636
2020-10-03 07:00:00,2.6957636
2020-10-03 08:00:00,2.7495656
2020-10-03 09:00:00,2.8033679
2020-10-03 10:00:00,2.8033679
2020-10-03 11:00:00,2.8033679
2020-10-03 12:00:00,2.8033679
2020-10-03 13:00:00,2.8033679
2020-10-03 14:00:00,2.7495656
2020-10-03 15:00:00,2.7495656
2020-10-03 16:00:00,2.8033679
2020-10-03 17:00:00,2.7495656
2020-10-03 18:00:00,2.7495656
2020-10-03 19:00:00,2.7495656
2020-10-03 20:00:00,2.7495656
2020-10-03 21:00:00,2.6985955
2020-10-03 22:00:00,2.7495656
2020-10-03 23:00:00,2.7495656
2020-10-04 00:00:00,2.7495656
2020-10-04 01:00:00,2.6985955
2020-10-04 02:00:00,2.7495656
2020-10-04 03:00:00,2.7523973
2020-10-04 04:00:00,2.6985955
2020-10-04 05:00:00,2.7523973
2020-10-04 06:00:00,2.6985955
2020-10-04 07:00:00,2.7523973
2020-10-04 08:00:00,2.6985955
2020-10-04 09:00:00,2.7523973
2020-10-04 10:00:00,2.7523973
2020-10-04 11:00:00,2.8061993
2020-10-04 12:00:00,2.7523973
2020-10-04 13:00:00,2.8061993
2020-10-04 14:00:00,2.7523973
2020-10-04 15:00:00,2.7523973
2020-10-04 16:00:00,2.7523973
2020-10-04 17:00:00,2.7523973
2020-10-04 18:00:00,2.7523973
2020-10-04 19:00:00,2.7014272
2020-10-04 20:00:00,2.7014272
2020-10-04 21:00:00,2.7014272
2020-10-04 22:00:00,2.7014272
2020-10-04 23:00:00,2.7014272
2020-10-05 00:00:00,2.7014272
2020-10-05 01:00:00,2.7014272
2020-10-05 02:00:00,2.7014272
2020-10-05 03:00:00,2.7014272
2020-10-05 04:00:00,2.7014272
2020-10-05 05:00:00,2.7014272
2020-10-05 06:00:00,2.7014272
2020-10-05 07:00:00,2.6504567
2020-10-05 08:00:00,2.7014272
2020-10-05 09:00:00,2.6504567
2020-10-05 10:00:00,2.7014272
2020-10-05 11:00:00,2.7014272
2020-10-05 12:00:00,2.7014272
2020-10-05 13:00:00,2.7552292
2020-10-05 14:00:00,2.7014272
2020-10-05 15:00:00,2.7014272
2020-10-05 16:00:00,2.6504567
2020-10-05 17:00:00,2.6504567
2020-10-05 18:00:00,2.6504567
2020-10-05 19:00:00,2.7552292
2020-10-05 20:00:00,2.6504567
2020-10-05 21:00:00,2.6504567
2020-10-05 22:00:00,2.6504567
2020-10-05 23:00:00,2.7552292
2020-10-06 00:00:00,2.704259
2020-10-06 01:00:00,2.6504567
2020-10-06 02:00:00,2.7552292
2020-10-06 03:00:00,2.704259
2020-10-06 04:00:00,2.704259
2020-10-06 05:00:00,2.704259
2020-10-06 06:00:00,2.704259
2020-10-06 07:00:00,2.704259
2020-10-06 08:00:00,2.704259
2020-10-06 09:00:00,2.704259
2020-10-06 10:00:00,2.704259
2020-10-06 11:00:00,2.704259
2020-10-06 12:00:00,2.758061
2020-10-06 13:00:00,2.704259
2020-10-06 14:00:00,2.758061
2020-10-06 15:00:00,2.704259
2020-10-06 16:00:00,2.704259
2020-10-06 17:00:00,2.704259
2020-10-06 18:00:00,2.704259
2020-10-06 19:00:00,2.6532884
2020-10-06 20:00:00,2.704259
2020-10-06 21:00:00,2.704259
2020-10-06 22:00:00,2.6532884
2020-10-06 23:00:00,2.7070904
2020-10-07 00:00:00,2.7070904
2020-10-07 01:00:00,2.7070904
2020-10-07 02:00:00,2.6532884
2020-10-07 03:00:00,2.6532884
2020-10-07 04:00:00,2.758061
2020-10-07 05:00:00,2.7070904
2020-10-07 06:00:00,2.758061
2020-10-07 07:00:00,2.7070904
2020-10-07 08:00:00,2.758061
2020-10-07 09:00:00,2.7608924
2020-10-07 10:00:00,2.7070904
2020-10-07 11:00:00,2.7070904
2020-10-07 12:00:00,2.7608924
2020-10-07 13:00:00,2.7070904
2020-10-07 14:00:00,2.7608924
2020-10-07 15:00:00,2.7608924
2020-10-07 16:00:00,2.7070904
2020-10-07 17:00:00,2.7608924
2020-10-07 18:00:00,2.7070904
2020-10-07 19:00:00,2.6561203
2020-10-07 20:00:00,2.7070904
2020-10-07 21:00:00,2.7070904
2020-10-07 22:00:00,2.7070904
2020-10-07 23:00:00,2.7070904
2020-10-08 00:00:00,2.7070904
2020-10-08 01:00:00,2.6561203
2020-10-08 02:00:00,2.7608924
2020-10-08 03:00:00,2.7608924
2020-10-08 04:00:00,2.709922
2020-10-08 05:00:00,2.7608924
2020-10-08 06:00:00,2.7608924
2020-10-08 07:00:00,2.709922
2020-10-08 08:00:00,2.7608924
2020-10-08 09:00:00,2.7608924
2020-10-08 10:00:00,2.8146946
2020-10-08 11:00:00,2.7608924
2020-10-08 12:00:00,2.8146946
2020-10-08 13:00:00,2.763724
2020-10-08 14:00:00,2.763724
2020-10-08 15:00:00,2.763724
2020-10-08 16:00:00,2.763724
2020-10-08 17:00:00,2.709922
2020-10-08 18:00:00,2.763724
2020-10-08 19:00:00,2.709922
2020-10-08 20:00:00,2.709922
2020-10-08 21:00:00,2.763724
2020-10-08 22:00:00,2.709922
2020-10-08 23:00:00,2.709922
2020-10-09 00:00:00,2.658952
2020-10-09 01:00:00,2.709922
2020-10-09 02:00:00,2.709922
2020-10-09 03:00:00,2.712754
2020-10-09 04:00:00,2.763724
2020-10-09 05:00:00,2.712754
2020-10-09 06:00:00,2.658952
2020-10-09 07:00:00,2.763724
2020-10-09 08:00:00,2.658952
2020-10-09 09:00:00,2.712754
2020-10-09 10:00:00,2.763724
2020-10-09 11:00:00,2.712754
2020-10-09 12:00:00,2.763724
2020-10-09 13:00:00,2.712754
2020-10-09 14:00:00,2.712754
2020-10-09 15:00:00,2.712754
2020-10-09 16:00:00,2.712754
2020-10-09 17:00:00,2.712754
2020-10-09 18:00:00,2.6617835
2020-10-09 19:00:00,2.6617835
2020-10-09 20:00:00,2.6617835
2020-10-09 21:00:00,2.6617835
2020-10-09 22:00:00,2.712754
2020-10-09 23:00:00,2.712754
2020-10-10 00:00:00,2.6617835
2020-10-10 01:00:00,2.712754
2020-10-10 02:00:00,2.6617835
2020-10-10 03:00:00,2.6617835
2020-10-10 04:00:00,2.712754
2020-10-10 05:00:00,2.6617835
2020-10-10 06:00:00,2.7155855
2020-10-10 07:00:00,2.7155855
2020-10-10 08:00:00,2.7155855
2020-10-10 09:00:00,2.7665558
2020-10-10 10:00:00,2.7155855
2020-10-10 11:00:00,2.7665558
2020-10-10 12:00:00,2.7665558
2020-10-10 13:00:00,2.7155855
2020-10-10 14:00:00,2.7665558
2020-10-10 15:00:00,2.7665558
2020-10-10 16:00:00,2.7155855
2020-10-10 17:00:00,2.7155855
2020-10-10 18:00:00,2.7155855
2020-10-10 19:00:00,2.7155855
2020-10-10 20:00:00,2.7155855
2020-10-10 21:00:00,2.7693877
2020-10-10 22:00:00,2.8231895
2020-10-10 23:00:00,2.8231895
2020-10-11 00:00:00,2.944952
2020-10-11 01:00:00,3.1148531
2020-10-11 02:00:00,3.1714869
2020-10-11 03:00:00,3.284754
2020-10-11 04:00:00,3.3413877
2020-10-11 05:00:00,3.4546552
2020-10-11 06:00:00,3.5396059
2020-10-11 07:00:00,3.5396059
2020-10-11 08:00:00,3.7095068
2020-10-11 09:00:00,3.9360416
2020-10-11 10:00:00,3.9360416
2020-10-11 11:00:00,4.049309
2020-10-11 12:00:00,4.049309
2020-10-11 13:00:00,4.1342597
2020-10-11 14:00:00,4.21921
2020-10-11 15:00:00,4.21921
2020-10-11 16:00:00,4.2758436
2020-10-11 17:00:00,4.643963
2020-10-11 18:00:00,4.898814
2020-10-11 19:00:00,4.898814
2020-10-11 20:00:00,4.8138638
2020-10-11 21:00:00,4.898814
2020-10-11 22:00:00,4.983765
2020-10-11 23:00:00,4.983765
2020-10-12 00:00:00,4.898814
2020-10-12 01:00:00,4.898814
2020-10-12 02:00:00,4.67228
2020-10-12 03:00:00,4.587329
2020-10-12 04:00:00,4.360794
2020-10-12 05:00:00,4.2758436
2020-10-12 06:00:00,4.1342597
2020-10-12 07:00:00,4.1342597
2020-10-12 08:00:00,3.9926753
2020-10-12 09:00:00,3.8510911
2020-10-12 10:00:00,3.7944574
2020-10-12 11:00:00,3.7378237
2020-10-12 12:00:00,3.652873
2020-10-12 13:00:00,3.652873
2020-10-12 14:00:00,3.4546552
2020-10-12 15:00:00,3.5962396
2020-10-12 16:00:00,3.5396059
2020-10-12 17:00:00,3.3980215
2020-10-12 18:00:00,3.5396059
2020-10-12 19:00:00,3.3980215
2020-10-12 20:00:00,3.3980215
2020-10-12 21:00:00,3.3980215
2020-10-12 22:00:00,3.3980215
2020-10-12 23:00:00,3.3980215
2020-10-13 00:00:00,3.5396059
2020-10-13 01:00:00,3.5396059
2020-10-13 02:00:00,3.4829721
2020-10-13 03:00:00,3.3980215
2020-10-13 04:00:00,3.5396059
2020-10-13 05:00:00,3.4829721
2020-10-13 06:00:00,3.4829721
2020-10-13 07:00:00,3.3980215
2020-10-13 08:00:00,3.4829721
2020-10-13 09:00:00,3.4829721
2020-10-13 10:00:00,3.4829721
2020-10-13 11:00:00,3.4829721
2020-10-13 12:00:00,3.3980215
2020-10-13 13:00:00,3.4829721
2020-10-13 14:00:00,3.3413877
2020-10-13 15:00:00,3.4829721
2020-10-13 16:00:00,3.3980215
2020-10-13 17:00:00,3.3980215
2020-10-13 18:00:00,3.3980215
2020-10-13 19:00:00,3.4829721
2020-10-13 20:00:00,3.652873
2020-10-13 21:00:00,3.7378237
2020-10-13 22:00:00,3.7378237
2020-10-13 23:00:00,3.7378237
2020-10-14 00:00:00,3.7378237
2020-10-14 01:00:00,3.7378237
2020-10-14 02:00:00,3.7378237
2020-10-14 03:00:00,3.652873
2020-10-14 04:00:00,3.7378237
2020-10-14 05:00:00,3.652873
2020-10-14 06:00:00,3.7944574
2020-10-14 07:00:00,3.7378237
2020-10-14 08:00:00,3.7378237
2020-10-14 09:00:00,3.7378237
2020-10-14 10:00:00,3.8510911
2020-10-14 11:00:00,3.7944574
2020-10-14 12:00:00,3.879408
2020-10-14 13:00:00,3.9360416
2020-10-14 14:00:00,3.9360416
2020-10-14 15:00:00,3.9926753
2020-10-14 16:00:00,3.9360416
2020-10-14 17:00:00,3.9926753
2020-10-14 18:00:00,4.0776258
2020-10-14 19:00:00,4.0776258
2020-10-14 20:00:00,4.0776258
2020-10-14 21:00:00,4.1342597
2020-10-14 22:00:00,4.2758436
2020-10-14 23:00:00,4.445745
2020-10-15 00:00:00,4.5023785
2020-10-15 01:00:00,4.445745
2020-10-15 02:00:00,4.360794
2020-10-15 03:00:00,4.360794
2020-10-15 04:00:00,4.21921
2020-10-15 05:00:00,4.0776258
2020-10-15 06:00:00,4.1342597
2020-10-15 07:00:00,3.9360416
2020-10-15 08:00:00,3.8510911
2020-10-15 09:00:00,3.8510911
2020-10-15 10:00:00,3.7944574
2020-10-15 11:00:00,3.7378237
2020-10-15 12:00:00,3.5962396
2020-10-15 13:00:00,3.5962396
2020-10-15 14:00:00,3.5396059
2020-10-15 15:00:00,3.4829721
2020-10-15 16:00:00,3.4829721
2020-10-15 17:00:00,3.3980215
2020-10-15 18:00:00,3.3980215
2020-10-15 19:00:00,3.3413877
2020-10-15 20:00:00,3.3980215
2020-10-15 21:00:00,3.3413877
2020-10-15 22:00:00,3.284754
2020-10-15 23:00:00,3.284754
2020-10-16 00:00:00,3.284754
2020-10-16 01:00:00,3.3413877
2020-10-16 02:00:00,3.2281206
2020-10-16 03:00:00,3.284754
2020-10-16 04:00:00,3.2281206
2020-10-16 05:00:00,3.284754
2020-10-16 06:00:00,3.2281206
2020-10-16 07:00:00,3.2281206
2020-10-16 08:00:00,3.2281206
2020-10-16 09:00:00,3.2281206
2020-10-16 10:00:00,3.2281206
2020-10-16 11:00:00,3.2281206
2020-10-16 12:00:00,3.1714869
2020-10-16 13:00:00,3.2281206
2020-10-16 14:00:00,3.1714869
2020-10-16 15:00:00,3.1148531
2020-10-16 16:00:00,3.0582194
2020-10-16 17:00:00,3.2281206
2020-10-16 18:00:00,3.1714869
2020-10-16 19:00:00,3.1714869
2020-10-16 20:00:00,3.1714869
2020-10-16 21:00:00,3.2281206
2020-10-16 22:00:00,3.1714869
2020-10-16 23:00:00,3.1714869
2020-10-17 00:00:00,3.1148531
2020-10-17 01:00:00,3.1714869
2020-10-17 02:00:00,3.1148531
2020-10-17 03:00:00,3.1714869
2020-10-17 04:00:00,3.1714869
2020-10-17 05:00:00,3.1714869
2020-10-17 06:00:00,3.1148531
2020-10-17 07:00:00,3.1714869
2020-10-17 08:00:00,3.1714869
2020-10-17 09:00:00,3.1714869
2020-10-17 10:00:00,3.1714869
2020-10-17 11:00:00,3.1148531
2020-10-17 12:00:00,3.1714869
2020-10-17 13:00:00,3.1714869
2020-10-17 14:00:00,3.1148531
2020-10-17 15:00:00,3.1148531
2020-10-17 16:00:00,3.1714869
2020-10-17 17:00:00,3.1714869
2020-10-17 18:00:00,3.1714869
2020-10-17 19:00:00,3.1148531
2020-10-17 20:00:00,3.1714869
2020-10-17 21:00:00,3.1714869
2020-10-17 22:00:00,3.1148531
2020-10-17 23:00:00,3.1148531
2020-10-18 00:00:00,3.1714869
2020-10-18 01:00:00,3.1148531
2020-10-18 02:00:00,3.1148531
2020-10-18 03:00:00,3.1714869
2020-10-18 04:00:00,3.0582194
2020-10-18 05:00:00,3.1148531
2020-10-18 06:00:00,3.1148531
2020-10-18 07:00:00,3.1148531
2020-10-18 08:00:00,3.0582194
2020-10-18 09:00:00,3.1148531
2020-10-18 10:00:00,3.1714869
2020-10-18 11:00:00,3.0582194
2020-10-18 12:00:00,3.0582194
2020-10-18 13:00:00,3.0015857
2020-10-18 14:00:00,3.0582194
2020-10-18 15:00:00,3.1148531
2020-10-18 16:00:00,3.0582194
2020-10-18 17:00:00,3.0582194
2020-10-18 18:00:00,3.0582194
2020-10-18 19:00:00,3.0015857
2020-10-18 20:00:00,3.0015857
2020-10-18 21:00:00,3.0582194
2020-10-18 22:00:00,3.0582194
2020-10-18 23:00:00,3.0582194
2020-10-19 00:00:00,3.0582194
2020-10-19 01:00:00,3.0015857
2020-10-19 02:00:00,3.0582194
2020-10-19 03:00:00,3.1148531
2020-10-19 04:00:00,3.0582194
2020-10-19 05:00:00,3.0582194
2020-10-19 06:00:00,3.0582194
2020-10-19 07:00:00,3.0582194
2020-10-19 08:00:00,3.0582194
2020-10-19 09:00:00,3.0582194
2020-10-19 10:00:00,3.0015857
2020-10-19 11:00:00,3.0582194
2020-10-19 12:00:00,3.1148531
2020-10-19 13:00:00,3.0299025
2020-10-19 14:00:00,3.0299025
2020-10-19 15:00:00,3.0299025
2020-10-19 16:00:00,3.0299025
2020-10-19 17:00:00,2.9732687
2020-10-19 18:00:00,3.0299025
2020-10-19 19:00:00,3.0299025
2020-10-19 20:00:00,3.0299025
2020-10-19 21:00:00,3.0865362
2020-10-19 22:00:00,3.0299025
2020-10-19 23:00:00,3.0299025
2020-10-20 00:00:00,2.9732687
2020-10-20 01:00:00,3.0299025
2020-10-20 02:00:00,3.0299025
2020-10-20 03:00:00,3.0299025
2020-10-20 04:00:00,3.0299025
2020-10-20 05:00:00,3.0299025
2020-10-20 06:00:00,3.0299025
2020-10-20 07:00:00,3.0299025
2020-10-20 08:00:00,3.0299025
2020-10-20 09:00:00,3.0299025
2020-10-20 10:00:00,3.0299025
2020-10-20 11:00:00,3.0299025
2020-10-20 12:00:00,2.9732687
2020-10-20 13:00:00,3.0299025
2020-10-20 14:00:00,2.9732687
2020-10-20 15:00:00,2.9732687
2020-10-20 16:00:00,3.0299025
2020-10-20 17:00:00,3.0299025
2020-10-20 18:00:00,3.0299025
2020-10-20 19:00:00,2.9732687
2020-10-20 20:00:00,3.0865362
2020-10-20 21:00:00,3.0865362
2020-10-20 22:00:00,3.0299025
2020-10-20 23:00:00,3.0865362
2020-10-21 00:00:00,2.9732687
2020-10-21 01:00:00,3.0299025
2020-10-21 02:00:00,2.9732687
2020-10-21 03:00:00,3.0299025
2020-10-21 04:00:00,3.0299025
2020-10-21 05:00:00,3.0299025
2020-10-21 06:00:00,3.0299025
2020-10-21 07:00:00,3.0299025
2020-10-21 08:00:00,3.0299025
2020-10-21 09:00:00,2.9732687
2020-10-21 10:00:00,2.9732687
2020-10-21 11:00:00,2.9732687
2020-10-21 12:00:00,2.9732687
2020-10-21 13:00:00,3.0299025
2020-10-21 14:00:00,3.0299025
2020-10-21 15:00:00,2.9732687
2020-10-21 16:00:00,3.0299025
2020-10-21 17:00:00,3.0299025
2020-10-21 18:00:00,3.0865362
2020-10-21 19:00:00,3.0865362
2020-10-21 20:00:00,3.0865362
2020-10-21 21:00:00,3.0865362
2020-10-21 22:00:00,3.0865362
2020-10-21 23:00:00,3.0299025
2020-10-22 00:00:00,3.0299025
2020-10-22 01:00:00,3.0299025
2020-10-22 02:00:00,3.0299025
2020-10-22 03:00:00,2.9732687
2020-10-22 04:00:00,3.0299025
2020-10-22 05:00:00,2.916635
2020-10-22 06:00:00,3.0299025
2020-10-22 07:00:00,3.0299025
2020-10-22 08:00:00,2.9732687
2020-10-22 09:00:00,3.0299025
2020-10-22 10:00:00,3.0299025
2020-10-22 11:00:00,3.0299025
2020-10-22 12:00:00,3.0299025
2020-10-22 13:00:00,3.0299025
2020-10-22 14:00:00,3.0299025
2020-10-22 15:00:00,2.9732687
2020-10-22 16:00:00,2.9732687
2020-10-22 17:00:00,2.9732687
2020-10-22 18:00:00,2.916635
2020-10-22 19:00:00,2.916635
2020-10-22 20:00:00,2.9732687
2020-10-22 21:00:00,2.9732687
2020-10-22 22:00:00,2.9732687
2020-10-22 23:00:00,2.9732687
2020-10-23 00:00:00,2.9732687
2020-10-23 01:00:00,2.9732687
2020-10-23 02:00:00,2.9732687
2020-10-23 03:00:00,2.9732687
2020-10-23 04:00:00,2.916635
2020-10-23 05:00:00,2.9732687
2020-10-23 06:00:00,2.9732687
2020-10-23 07:00:00,2.9732687
2020-10-23 08:00:00,2.9732687
2020-10-23 09:00:00,2.916635
2020-10-23 10:00:00,2.9732687
2020-10-23 11:00:00,2.9732687
2020-10-23 12:00:00,2.8600016
2020-10-23 13:00:00,2.9732687
2020-10-23 14:00:00,2.916635
2020-10-23 15:00:00,2.8600016
2020-10-23 16:00:00,2.9732687
2020-10-23 17:00:00,2.9732687
2020-10-23 18:00:00,2.916635
2020-10-23 19:00:00,2.9732687
2020-10-23 20:00:00,2.9732687
2020-10-23 21:00:00,2.916635
2020-10-23 22:00:00,3.0299025
2020-10-23 23:00:00,2.9732687
2020-10-24 00:00:00,2.9732687
2020-10-24 01:00:00,2.916635
2020-10-24 02:00:00,2.9732687
2020-10-24 03:00:00,2.916635
2020-10-24 04:00:00,2.916635
2020-10-24 05:00:00,2.916635
2020-10-24 06:00:00,2.9732687
2020-10-24 07:00:00,2.9732687
2020-10-24 08:00:00,2.9732687
2020-10-24 09:00:00,2.916635
2020-10-24 10:00:00,2.916635
2020-10-24 11:00:00,2.9732687
2020-10-24 12:00:00,2.9732687
2020-10-24 13:00:00,2.916635
2020-10-24 14:00:00,2.8600016
2020-10-24 15:00:00,2.916635
2020-10-24 16:00:00,2.916635
2020-10-24 17:00:00,2.8600016
2020-10-24 18:00:00,2.916635
2020-10-24 19:00:00,2.916635
2020-10-24 20:00:00,2.9732687
2020-10-24 21:00:00,3.0865362
2020-10-24 22:00:00,3.1998036
2020-10-24 23:00:00,3.1998036
2020-10-25 00:00:00,3.1998036
2020-10-25 01:00:00,3.1998036
2020-10-25 02:00:00,3.2564373
2020-10-25 03:00:00,3.1431699
2020-10-25 04:00:00,3.0865362
2020-10-25 05:00:00,3.1431699
2020-10-25 06:00:00,3.1431699
2020-10-25 07:00:00,3.0865362
2020-10-25 08:00:00,3.0865362
2020-10-25 09:00:00,3.0865362
2020-10-25 10:00:00,3.0299025
2020-10-25 11:00:00,3.1431699
2020-10-25 12:00:00,3.1431699
2020-10-25 13:00:00,3.1431699
2020-10-25 14:00:00,3.1431699
2020-10-25 15:00:00,3.1998036
2020-10-25 16:00:00,3.1431699
2020-10-25 17:00:00,3.1431699
2020-10-25 18:00:00,3.1431699
2020-10-25 19:00:00,3.1431699
2020-10-25 20:00:00,3.0865362
2020-10-25 21:00:00,3.0865362
2020-10-25 22:00:00,3.0865362
2020-10-25 23:00:00,3.1431699
2020-10-26 00:00:00,3.0865362
2020-10-26 01:00:00,3.0299025
2020-10-26 02:00:00,3.0299025
2020-10-26 03:00:00,3.0865362
2020-10-26 04:00:00,3.0299025
2020-10-26 05:00:00,2.9732687
2020-10-26 06:00:00,2.9732687
2020-10-26 07:00:00,2.9732687
2020-10-26 08:00:00,2.9732687
2020-10-26 09:00:00,2.8600016
2020-10-26 10:00:00,2.916635
2020-10-26 11:00:00,2.8600016
2020-10-26 12:00:00,2.916635
2020-10-26 13:00:00,2.8600016
2020-10-26 14:00:00,2.809031
2020-10-26 15:00:00,2.5003777
2020-10-26 16:00:00,2.3559616
2020-10-26 17:00:00,2.449407
2020-10-26 18:00:00,2.5003777
2020-10-26 19:00:00,2.449407
2020-10-26 20:00:00,2.4012687
2020-10-26 21:00:00,2.449407
2020-10-26 22:00:00,2.5003777
2020-10-26 23:00:00,2.4975457
2020-10-27 00:00:00,2.449407
2020-10-27 01:00:00,2.4012687
2020-10-27 02:00:00,2.4012687
2020-10-27 03:00:00,2.449407
2020-10-27 04:00:00,2.4975457
2020-10-27 05:00:00,2.4975457
2020-10-27 06:00:00,2.5994866
2020-10-27 07:00:00,2.5994866
2020-10-27 08:00:00,2.6504567
2020-10-27 09:00:00,2.7014272
2020-10-27 10:00:00,2.8600016
2020-10-27 11:00:00,3.0299025
2020-10-27 12:00:00,3.0865362
2020-10-27 13:00:00,2.9732687
2020-10-27 14:00:00,2.916635
2020-10-27 15:00:00,3.0299025
2020-10-27 16:00:00,3.3697047
2020-10-27 17:00:00,3.2564373
2020-10-27 18:00:00,3.2564373
2020-10-27 19:00:00,3.2564373
2020-10-27 20:00:00,3.2564373
2020-10-27 21:00:00,3.2564373
2020-10-27 22:00:00,3.3697047
2020-10-27 23:00:00,3.4546552
2020-10-28 00:00:00,3.5679226
2020-10-28 01:00:00,3.511289
2020-10-28 02:00:00,3.1431699
2020-10-28 03:00:00,3.0865362
2020-10-28 04:00:00,3.0299025
2020-10-28 05:00:00,3.0865362
2020-10-28 06:00:00,3.1998036
2020-10-28 07:00:00,3.1998036
2020-10-28 08:00:00,3.1998036
2020-10-28 09:00:00,3.2564373
2020-10-28 10:00:00,3.2564373
2020-10-28 11:00:00,3.1998036
2020-10-28 12:00:00,3.2564373
2020-10-28 13:00:00,3.2564373
2020-10-28 14:00:00,3.2564373
2020-10-28 15:00:00,3.1431699
2020-10-28 16:00:00,3.0865362
2020-10-28 17:00:00,3.0299025
2020-10-28 18:00:00,3.1431699
2020-10-28 19:00:00,3.0865362
2020-10-28 20:00:00,3.1431699
2020-10-28 21:00:00,3.1998036
2020-10-28 22:00:00,3.1998036
2020-10-28 23:00:00,3.2564373
2020-10-29 00:00:00,3.1998036
2020-10-29 01:00:00,3.1998036
2020-10-29 02:00:00,3.0865362
2020-10-29 03:00:00,3.0865362
2020-10-29 04:00:00,3.1431699
2020-10-29 05:00:00,3.0865362
2020-10-29 06:00:00,3.1431699
2020-10-29 07:00:00,3.0865362
2020-10-29 08:00:00,3.0299025
2020-10-29 09:00:00,2.9732687
2020-10-29 10:00:00,3.0299025
2020-10-29 11:00:00,3.0865362
2020-10-29 12:00:00,3.0865362
2020-10-29 13:00:00,3.0865362
2020-10-29 14:00:00,3.0299025
2020-10-29 15:00:00,3.0865362
2020-10-29 16:00:00,3.0865362
2020-10-29 17:00:00,3.0299025
2020-10-29 18:00:00,3.0299025
2020-10-29 19:00:00,3.0299025
2020-10-29 20:00:00,3.0299025
2020-10-29 21:00:00,3.0299025
2020-10-29 22:00:00,3.0299025
2020-10-29 23:00:00,3.1431699
2020-10-30 00:00:00,3.0865362
2020-10-30 01:00:00,3.0865362
2020-10-30 02:00:00,3.0865362
2020-10-30 03:00:00,3.1431699
2020-10-30 04:00:00,3.0299025
2020-10-30 05:00:00,3.0865362
2020-10-30 06:00:00,3.0865362
2020-10-30 07:00:00,3.0865362
2020-10-30 08:00:00,3.0865362
2020-10-30 09:00:00,3.0299025
2020-10-30 10:00:00,3.0865362
2020-10-30 11:00:00,3.0865362
2020-10-30 12:00:00,3.0299025
2020-10-30 13:00:00,3.0299025
2020-10-30 14:00:00,3.0865362
2020-10-30 15:00:00,3.0299025
2020-10-30 16:00:00,3.0299025
2020-10-30 17:00:00,3.0299025
2020-10-30 18:00:00,3.0299025
2020-10-30 19:00:00,2.9732687
2020-10-30 20:00:00,2.9732687
2020-10-30 21:00:00,3.0299025
2020-10-30 22:00:00,3.0299025
2020-10-30 23:00:00,3.0865362
2020-10-31 00:00:00,3.0865362
2020-10-31 01:00:00,3.1431699
2020-10-31 02:00:00,3.0865362
2020-10-31 03:00:00,3.1431699
2020-10-31 04:00:00,3.1431699
2020-10-31 05:00:00,3.1431699
2020-10-31 06:00:00,3.1431699
2020-10-31 07:00:00,3.1431699
2020-10-31 08:00:00,3.0865362
2020-10-31 09:00:00,3.0865362
2020-10-31 10:00:00,3.1431699
2020-10-31 11:00:00,3.0865362
2020-10-31 12:00:00,3.0865362
2020-10-31 13:00:00,3.1431699
2020-10-31 14:00:00,3.0865362
2020-10-31 15:00:00,3.0865362
2020-10-31 16:00:00,3.0865362
2020-10-31 17:00:00,3.0865362
2020-10-31 18:00:00,3.0865362
2020-10-31 19:00:00,3.0299025
2020-10-31 20:00:00,3.0865362
2020-10-31 21:00:00,3.0865362
2020-10-31 22:00:00,3.0865362
2020-10-31 23:00:00,3.1998036
2020-11-01 00:00:00,3.1431699
2020-11-01 01:00:00,3.1431699
2020-11-01 02:00:00,3.0865362
2020-11-01 03:00:00,3.0865362
2020-11-01 04:00:00,3.0865362
2020-11-01 05:00:00,3.0865362
2020-11-01 06:00:00,3.0299025
2020-11-01 07:00:00,3.0299025
2020-11-01 08:00:00,3.0865362
2020-11-01 09:00:00,3.0865362
2020-11-01 10:00:00,3.0865362
2020-11-01 11:00:00,3.0865362
2020-11-01 12:00:00,3.0865362
2020-11-01 13:00:00,3.0865362
2020-11-01 14:00:00,3.0865362
2020-11-01 15:00:00,3.0299025
2020-11-01 16:00:00,3.0299025
2020-11-01 17:00:00,2.9732687
2020-11-01 18:00:00,3.0299025
2020-11-01 19:00:00,2.9732687
2020-11-01 20:00:00,3.0299025
2020-11-01 21:00:00,3.0865362
2020-11-01 22:00:00,3.0865362
2020-11-01 23:00:00,3.1431699
2020-11-02 00:00:00,3.0865362
2020-11-02 01:00:00,3.0865362
2020-11-02 02:00:00,3.0015857
2020-11-02 03:00:00,3.0865362
2020-11-02 04:00:00,3.0015857
2020-11-02 05:00:00,3.0582194
2020-11-02 06:00:00,3.0582194
2020-11-02 07:00:00,3.0015857
2020-11-02 08:00:00,3.0015857
2020-11-02 09:00:00,3.0582194
2020-11-02 10:00:00,3.0582194
2020-11-02 11:00:00,3.0582194
2020-11-02 12:00:00,3.0015857
2020-11-02 13:00:00,3.0015857
2020-11-02 14:00:00,3.0015857
2020-11-02 15:00:00,3.0015857
2020-11-02 16:00:00,3.0582194
2020-11-02 17:00:00,2.916635
2020-11-02 18:00:00,2.944952
2020-11-02 19:00:00,2.944952
2020-11-02 20:00:00,3.0015857
2020-11-02 21:00:00,2.944952
2020-11-02 22:00:00,3.1148531
2020-11-02 23:00:00,3.0582194
2020-11-03 00:00:00,3.1148531
2020-11-03 01:00:00,3.0582194
2020-11-03 02:00:00,3.0582194
2020-11-03 03:00:00,3.1148531
2020-11-03 04:00:00,3.0582194
2020-11-03 05:00:00,3.1148531
2020-11-03 06:00:00,3.0015857
2020-11-03 07:00:00,3.0582194
2020-11-03 08:00:00,3.0582194
2020-11-03 09:00:00,3.1148531
2020-11-03 10:00:00,3.0582194
2020-11-03 11:00:00,3.0015857
2020-11-03 12:00:00,3.0015857
2020-11-03 13:00:00,3.0582194
2020-11-03 14:00:00,3.0015857
2020-11-03 15:00:00,3.0015857
2020-11-03 16:00:00,3.0015857
2020-11-03 17:00:00,3.0015857
2020-11-03 18:00:00,3.0015857
2020-11-03 19:00:00,3.0015857
2020-11-03 20:00:00,2.944952
2020-11-03 21:00:00,3.0582194
2020-11-03 22:00:00,3.1148531
2020-11-03 23:00:00,3.1148531
2020-11-04 00:00:00,3.0582194
2020-11-04 01:00:00,3.1148531
2020-11-04 02:00:00,3.0582194
2020-11-04 03:00:00,3.0582194
2020-11-04 04:00:00,3.0015857
2020-11-04 05:00:00,3.0582194
2020-11-04 06:00:00,3.0582194
2020-11-04 07:00:00,3.0582194
2020-11-04 08:00:00,3.0582194
2020-11-04 09:00:00,3.0582194
2020-11-04 10:00:00,3.0582194
2020-11-04 11:00:00,3.0582194
2020-11-04 12:00:00,3.0015857
2020-11-04 13:00:00,3.0582194
2020-11-04 14:00:00,3.0582194
2020-11-04 15:00:00,3.0015857
2020-11-04 16:00:00,3.0582194
2020-11-04 17:00:00,3.0582194
2020-11-04 18:00:00,3.0015857
2020-11-04 19:00:00,3.0015857
2020-11-04 20:00:00,3.0015857
2020-11-04 21:00:00,3.0582194
2020-11-04 22:00:00,3.0582194
2020-11-04 23:00:00,3.1148531
2020-11-05 00:00:00,3.1148531
2020-11-05 01:00:00,3.1148531
2020-11-05 02:00:00,3.1148531
2020-11-05 03:00:00,3.0582194
2020-11-05 04:00:00,3.0582194
2020-11-05 05:00:00,3.0582194
2020-11-05 06:00:00,3.0582194
2020-11-05 07:00:00,3.0015857
2020-11-05 08:00:00,3.0015857
2020-11-05 09:00:00,3.0582194
2020-11-05 10:00:00,3.0015857
2020-11-05 11:00:00,3.0582194
2020-11-05 12:00:00,3.0582194
2020-11-05 13:00:00,3.0015857
2020-11-05 14:00:00,3.0015857
2020-11-05 15:00:00,3.0582194
2020-11-05 16:00:00,3.0015857
2020-11-05 17:00:00,3.0015857
2020-11-05 18:00:00,3.0582194
2020-11-05 19:00:00,3.0015857
2020-11-05 20:00:00,3.0582194
2020-11-05 21:00:00,3.0582194
2020-11-05 22:00:00,3.0582194
2020-11-05 23:00:00,3.0015857
2020-11-06 00:00:00,3.0582194
2020-11-06 01:00:00,3.0582194
2020-11-06 02:00:00,3.0015857
2020-11-06 03:00:00,3.1148531
2020-11-06 04:00:00,3.0582194
2020-11-06 05:00:00,3.0015857
2020-11-06 06:00:00,3.0582194
2020-11-06 07:00:00,3.0582194
2020-11-06 08:00:00,3.0582194
2020-11-06 09:00:00,3.0582194
2020-11-06 10:00:00,3.0582194
2020-11-06 11:00:00,3.0582194
2020-11-06 12:00:00,3.0582194
2020-11-06 13:00:00,3.0015857
2020-11-06 14:00:00,3.0582194
2020-11-06 15:00:00,3.0582194
2020-11-06 16:00:00,3.1148531
2020-11-06 17:00:00,3.0582194
2020-11-06 18:00:00,3.0582194
2020-11-06 19:00:00,3.0582194
2020-11-06 20:00:00,3.0582194
2020-11-06 21:00:00,3.0582194
2020-11-06 22:00:00,3.0015857
2020-11-06 23:00:00,3.0582194
2020-11-07 00:00:00,3.0582194
2020-11-07 01:00:00,3.0582194
2020-11-07 02:00:00,3.0582194
2020-11-07 03:00:00,3.1148531
2020-11-07 04:00:00,3.0015857
2020-11-07 05:00:00,3.0582194
2020-11-07 06:00:00,3.0582194
2020-11-07 07:00:00,3.0582194
2020-11-07 08:00:00,3.0582194
2020-11-07 09:00:00,3.0582194
2020-11-07 10:00:00,3.1148531
2020-11-07 11:00:00,3.0582194
2020-11-07 12:00:00,3.0582194
2020-11-07 13:00:00,3.0582194
2020-11-07 14:00:00,3.0582194
2020-11-07 15:00:00,3.0015857
2020-11-07 16:00:00,3.0015857
2020-11-07 17:00:00,3.0015857
2020-11-07 18:00:00,3.0582194
2020-11-07 19:00:00,3.0582194
2020-11-07 20:00:00,3.0582194
2020-11-07 21:00:00,3.1148531
2020-11-07 22:00:00,3.1148531
2020-11-07 23:00:00,3.1148531
2020-11-08 00:00:00,3.0582194
2020-11-08 01:00:00,3.1148531
2020-11-08 02:00:00,3.0582194
2020-11-08 03:00:00,3.0582194
2020-11-08 04:00:00,3.1148531
2020-11-08 05:00:00,3.0582194
2020-11-08 06:00:00,3.0582194
2020-11-08 07:00:00,3.1148531
2020-11-08 08:00:00,3.1148531
2020-11-08 09:00:00,3.1148531
2020-11-08 10:00:00,3.1148531
2020-11-08 11:00:00,3.1148531
2020-11-08 12:00:00,3.1714869
2020-11-08 13:00:00,3.1148531
2020-11-08 14:00:00,3.1148531
2020-11-08 15:00:00,3.1714869
2020-11-08 16:00:00,3.1714869
2020-11-08 17:00:00,3.1714869
2020-11-08 18:00:00,3.1714869
2020-11-08 19:00:00,3.2281206
2020-11-08 20:00:00,3.2281206
2020-11-08 21:00:00,3.2281206
2020-11-08 22:00:00,3.1714869
2020-11-08 23:00:00,3.1714869
2020-11-09 00:00:00,3.2281206
2020-11-09 01:00:00,3.1714869
2020-11-09 02:00:00,3.2281206
2020-11-09 03:00:00,3.2281206
2020-11-09 04:00:00,3.1714869
2020-11-09 05:00:00,3.1714869
2020-11-09 06:00:00,3.1714869
2020-11-09 07:00:00,3.2281206
2020-11-09 08:00:00,3.2281206
2020-11-09 09:00:00,3.1714869
2020-11-09 10:00:00,3.1714869
2020-11-09 11:00:00,3.1714869
2020-11-09 12:00:00,3.1714869
2020-11-09 13:00:00,3.0582194
2020-11-09 14:00:00,3.1714869
2020-11-09 15:00:00,3.1148531
2020-11-09 16:00:00,3.1148531
2020-11-09 17:00:00,3.1148531
2020-11-09 18:00:00,3.1148531
2020-11-09 19:00:00,3.1148531
2020-11-09 20:00:00,3.1714869
2020-11-09 21:00:00,3.1148531
2020-11-09 22:00:00,3.1148531
2020-11-09 23:00:00,3.1714869
2020-11-10 00:00:00,3.0582194
2020-11-10 01:00:00,3.1148531
2020-11-10 02:00:00,3.0015857
2020-11-10 03:00:00,3.0582194
2020-11-10 04:00:00,3.0582194
2020-11-10 05:00:00,3.0582194
2020-11-10 06:00:00,3.0582194
2020-11-10 07:00:00,3.0582194
2020-11-10 08:00:00,3.0015857
2020-11-10 09:00:00,3.0015857
2020-11-10 10:00:00,3.0015857
2020-11-10 11:00:00,3.0015857
2020-11-10 12:00:00,3.0015857
2020-11-10 13:00:00,2.944952
2020-11-10 14:00:00,2.944952
2020-11-10 15:00:00,2.8883183
2020-11-10 16:00:00,2.8883183
2020-11-10 17:00:00,2.8883183
2020-11-10 18:00:00,2.8883183
2020-11-10 19:00:00,2.8883183
2020-11-10 20:00:00,2.944952
2020-11-10 21:00:00,2.944952
2020-11-10 22:00:00,2.944952
2020-11-10 23:00:00,3.0015857
2020-11-11 00:00:00,3.0015857
2020-11-11 01:00:00,3.0582194
2020-11-11 02:00:00,3.0582194
2020-11-11 03:00:00,3.1148531
2020-11-11 04:00:00,3.0582194
2020-11-11 05:00:00,3.0582194
2020-11-11 06:00:00,3.0582194
2020-11-11 07:00:00,3.0582194
2020-11-11 08:00:00,3.0582194
2020-11-11 09:00:00,3.1148531
2020-11-11 10:00:00,3.0582194
2020-11-11 11:00:00,3.1714869
2020-11-11 12:00:00,3.1714869
2020-11-11 13:00:00,3.1148531
2020-11-11 14:00:00,3.1148531
2020-11-11 15:00:00,3.0582194
2020-11-11 16:00:00,3.0582194
2020-11-11 17:00:00,3.1148531
2020-11-11 18:00:00,3.1148531
2020-11-11 19:00:00,3.284754
2020-11-11 20:00:00,3.284754
2020-11-11 21:00:00,3.284754
2020-11-11 22:00:00,3.284754
2020-11-11 23:00:00,3.3413877
2020-11-12 00:00:00,3.3413877
2020-11-12 01:00:00,3.284754
2020-11-12 02:00:00,3.2281206
2020-11-12 03:00:00,3.2281206
2020-11-12 04:00:00,3.284754
2020-11-12 05:00:00,3.1714869
2020-11-12 06:00:00,3.284754
2020-11-12 07:00:00,3.1148531
2020-11-12 08:00:00,3.2281206
2020-11-12 09:00:00,3.2281206
2020-11-12 10:00:00,3.2281206
2020-11-12 11:00:00,3.2281206
2020-11-12 12:00:00,3.1714869
2020-11-12 13:00:00,3.0582194
2020-11-12 14:00:00,2.944952
2020-11-12 15:00:00,2.8883183
2020-11-12 16:00:00,2.7212489
2020-11-12 17:00:00,2.6193082
2020-11-12 18:00:00,2.6193082
2020-11-12 19:00:00,2.568338
2020-11-12 20:00:00,2.5173676
2020-11-12 21:00:00,2.5173676
2020-11-12 22:00:00,2.568338
2020-11-12 23:00:00,2.5173676
2020-11-13 00:00:00,2.469229
2020-11-13 01:00:00,2.4182587
2020-11-13 02:00:00,2.3729517
2020-11-13 03:00:00,2.2795062
2020-11-13 04:00:00,2.2313676
2020-11-13 05:00:00,2.2313676
2020-11-13 06:00:00,2.3248131
2020-11-13 07:00:00,2.37012
2020-11-13 08:00:00,2.4182587
2020-11-13 09:00:00,2.4663973
2020-11-13 10:00:00,2.4663973
2020-11-13 11:00:00,2.3248131
2020-11-13 12:00:00,2.2766745
2020-11-13 13:00:00,2.2766745
2020-11-13 14:00:00,2.2766745
2020-11-13 15:00:00,2.2766745
2020-11-13 16:00:00,2.37012
2020-11-13 17:00:00,2.4663973
2020-11-13 18:00:00,2.4182587
2020-11-13 19:00:00,2.37012
2020-11-13 20:00:00,2.4182587
2020-11-13 21:00:00,2.4182587
2020-11-13 22:00:00,2.4663973
2020-11-13 23:00:00,2.2313676
2020-11-14 00:00:00,2.5655062
2020-11-14 01:00:00,2.6164765
2020-11-14 02:00:00,2.4663973
2020-11-14 03:00:00,2.6164765
2020-11-14 04:00:00,2.2766745
2020-11-14 05:00:00,2.1860604
2020-11-14 06:00:00,2.1860604
2020-11-14 07:00:00,2.3219814
2020-11-14 08:00:00,2.514536
2020-11-14 09:00:00,2.6674469
2020-11-14 10:00:00,3.4546552
2020-11-14 11:00:00,3.2281206
2020-11-14 12:00:00,3.0582194
2020-11-14 13:00:00,2.8231895
2020-11-14 14:00:00,2.7693877
2020-11-14 15:00:00,2.7184172
2020-11-14 16:00:00,2.613645
2020-11-14 17:00:00,2.6646152
2020-11-14 18:00:00,2.6646152
2020-11-14 19:00:00,2.8231895
2020-11-14 20:00:00,3.0582194
2020-11-14 21:00:00,3.2281206
2020-11-14 22:00:00,3.3980215
2020-11-14 23:00:00,3.4546552
2020-11-15 00:00:00,3.7944574
2020-11-15 01:00:00,3.9360416
2020-11-15 02:00:00,3.8510911
2020-11-15 03:00:00,3.9926753
2020-11-15 04:00:00,3.9360416
2020-11-15 05:00:00,3.9360416
2020-11-15 06:00:00,3.7944574
2020-11-15 07:00:00,3.8510911
2020-11-15 08:00:00,3.8510911
2020-11-15 09:00:00,3.7944574
2020-11-15 10:00:00,3.7095068
2020-11-15 11:00:00,3.5396059
2020-11-15 12:00:00,2.8883183
2020-11-15 13:00:00,2.7155855
2020-11-15 14:00:00,2.6646152
2020-11-15 15:00:00,2.5626745
2020-11-15 16:00:00,2.8231895
2020-11-15 17:00:00,2.8231895
2020-11-15 18:00:00,2.9732687
2020-11-15 19:00:00,7.560598
2020-11-15 20:00:00,7.758816
2020-11-15 21:00:00,4.5023785
2020-11-15 22:00:00,3.7944574
2020-11-15 23:00:00,3.652873
2020-11-16 00:00:00,3.5962396
2020-11-16 01:00:00,3.5962396
2020-11-16 02:00:00,3.5962396
2020-11-16 03:00:00,3.5962396
2020-11-16 04:00:00,3.5962396
2020-11-16 05:00:00,3.4546552
2020-11-16 06:00:00,3.4546552
2020-11-16 07:00:00,3.4546552
2020-11-16 08:00:00,3.4546552
2020-11-16 09:00:00,3.5962396
2020-11-16 10:00:00,3.652873
2020-11-16 11:00:00,3.652873
2020-11-16 12:00:00,3.652873
2020-11-16 13:00:00,3.652873
2020-11-16 14:00:00,3.5962396
2020-11-16 15:00:00,3.652873
2020-11-16 16:00:00,3.652873
2020-11-16 17:00:00,3.7095068
2020-11-16 18:00:00,3.7944574
2020-11-16 19:00:00,3.7944574
2020-11-16 20:00:00,3.7944574
2020-11-16 21:00:00,3.7944574
2020-11-16 22:00:00,3.7944574
2020-11-16 23:00:00,3.9077249
2020-11-17 00:00:00,3.9077249
2020-11-17 01:00:00,3.9926753
2020-11-17 02:00:00,4.049309
2020-11-17 03:00:00,3.9926753
2020-11-17 04:00:00,3.9926753
2020-11-17 05:00:00,4.049309
2020-11-17 06:00:00,3.8510911
2020-11-17 07:00:00,3.9926753
2020-11-17 08:00:00,4.049309
2020-11-17 09:00:00,4.1342597
2020-11-17 10:00:00,4.049309
2020-11-17 11:00:00,3.9926753
2020-11-17 12:00:00,4.190893
2020-11-17 13:00:00,4.1342597
2020-11-17 14:00:00,4.049309
2020-11-17 15:00:00,4.049309
2020-11-17 16:00:00,4.1342597
2020-11-17 17:00:00,4.049309
2020-11-17 18:00:00,4.049309
2020-11-17 19:00:00,3.9926753
2020-11-17 20:00:00,3.9926753
2020-11-17 21:00:00,3.9926753
2020-11-17 22:00:00,3.9077249
2020-11-17 23:00:00,3.9926753
2020-11-18 00:00:00,3.9077249
2020-11-18 01:00:00,4.049309
2020-11-18 02:00:00,3.9926753
2020-11-18 03:00:00,3.9926753
2020-11-18 04:00:00,3.9926753
2020-11-18 05:00:00,4.049309
2020-11-18 06:00:00,3.9926753
2020-11-18 07:00:00,4.049309
2020-11-18 08:00:00,4.2758436
2020-11-18 09:00:00,4.3324776
2020-11-18 10:00:00,4.417428
2020-11-18 11:00:00,4.5023785
2020-11-18 12:00:00,4.5590124
2020-11-18 13:00:00,4.7289133
2020-11-18 14:00:00,4.8704977
2020-11-18 15:00:00,5.0403986
2020-11-18 16:00:00,5.2952504
2020-11-18 17:00:00,5.5501018
2020-11-18 18:00:00,5.663369
2020-11-18 19:00:00,6.2297063
2020-11-18 20:00:00,6.3146567
2020-11-18 21:00:00,6.9376273
2020-11-18 22:00:00,7.135845
2020-11-18 23:00:00,7.843766
2020-11-19 00:00:00,8.1552515
2020-11-19 01:00:00,8.551687
2020-11-19 02:00:00,8.35347
2020-11-19 03:00:00,8.041985
2020-11-19 04:00:00,7.730499
2020-11-19 05:00:00,7.532281
2020-11-19 06:00:00,7.4190135
2020-11-19 07:00:00,7.135845
2020-11-19 08:00:00,7.135845
2020-11-19 09:00:00,6.7110925
2020-11-19 10:00:00,6.9093103
2020-11-19 11:00:00,6.3146567
2020-11-19 12:00:00,6.7110925
2020-11-19 13:00:00,6.7110925
2020-11-19 14:00:00,6.427924
2020-11-19 15:00:00,6.5128746
2020-11-19 16:00:00,6.427924
2020-11-19 17:00:00,6.3146567
2020-11-19 18:00:00,6.2013893
2020-11-19 19:00:00,6.116439
2020-11-19 20:00:00,6.116439
2020-11-19 21:00:00,5.83327
2020-11-19 22:00:00,5.635052
2020-11-19 23:00:00,5.635052
2020-11-20 00:00:00,5.2952504
2020-11-20 01:00:00,5.2952504
2020-11-20 02:00:00,5.2952504
2020-11-20 03:00:00,5.125349
2020-11-20 04:00:00,4.955448
2020-11-20 05:00:00,4.955448
2020-11-20 06:00:00,4.955448
2020-11-20 07:00:00,4.785547
2020-11-20 08:00:00,4.643963
2020-11-20 09:00:00,4.7289133
2020-11-20 10:00:00,4.5590124
2020-11-20 11:00:00,4.5590124
2020-11-20 12:00:00,4.4740615
2020-11-20 13:00:00,4.417428
2020-11-20 14:00:00,4.417428
2020-11-20 15:00:00,4.417428
2020-11-20 16:00:00,4.3324776
2020-11-20 17:00:00,4.190893
2020-11-20 18:00:00,4.2758436
2020-11-20 19:00:00,4.190893
2020-11-20 20:00:00,4.1059427
2020-11-20 21:00:00,4.049309
2020-11-20 22:00:00,3.9643586
2020-11-20 23:00:00,3.9643586
2020-11-21 00:00:00,3.8510911
2020-11-21 01:00:00,3.9077249
2020-11-21 02:00:00,3.8510911
2020-11-21 03:00:00,3.7661405
2020-11-21 04:00:00,3.7095068
2020-11-21 05:00:00,3.5679226
2020-11-21 06:00:00,3.4546552
2020-11-21 07:00:00,3.4546552
2020-11-21 08:00:00,3.4546552
2020-11-21 09:00:00,3.3980215
2020-11-21 10:00:00,3.4546552
2020-11-21 11:00:00,3.4546552
2020-11-21 12:00:00,3.2564373
2020-11-21 13:00:00,3.1431699
2020-11-21 14:00:00,2.9732687
2020-11-21 15:00:00,2.809031
2020-11-21 16:00:00,2.758061
2020-11-21 17:00:00,2.758061
2020-11-21 18:00:00,2.809031
2020-11-21 19:00:00,2.8600016
2020-11-21 20:00:00,2.8600016
2020-11-21 21:00:00,2.7552292
2020-11-21 22:00:00,2.704259
2020-11-21 23:00:00,2.704259
2020-11-22 00:00:00,2.5994866
2020-11-22 01:00:00,2.5513477
2020-11-22 02:00:00,2.5994866
2020-11-22 03:00:00,2.5994866
2020-11-22 04:00:00,2.5513477
2020-11-22 05:00:00,2.5003777
2020-11-22 06:00:00,2.5003777
2020-11-22 07:00:00,2.307823
2020-11-22 08:00:00,2.171902
2020-11-22 09:00:00,1.9595257
2020-11-22 10:00:00,1.9170504
2020-11-22 11:00:00,1.877407
2020-11-22 12:00:00,1.7216642
2020-11-22 13:00:00,1.6480404
2020-11-22 14:00:00,1.6140603
2020-11-22 15:00:00,1.7216642
2020-11-22 16:00:00,1.7981198
2020-11-22 17:00:00,1.8377633
2020-11-22 18:00:00,2.126595
2020-11-22 19:00:00,2.217209
2020-11-22 20:00:00,2.262516
2020-11-22 21:00:00,2.5003777
2020-11-22 22:00:00,2.5003777
2020-11-22 23:00:00,2.7014272
2020-11-23 00:00:00,2.7552292
2020-11-23 01:00:00,2.8600016
2020-11-23 02:00:00,2.7552292
2020-11-23 03:00:00,2.6504567
2020-11-23 04:00:00,2.548516
2020-11-23 05:00:00,2.4012687
2020-11-23 06:00:00,2.307823
2020-11-23 07:00:00,2.2596843
2020-11-23 08:00:00,2.2143772
2020-11-23 09:00:00,2.126595
2020-11-23 10:00:00,2.0841198
2020-11-23 11:00:00,2.0841198
2020-11-23 12:00:00,2.0841198
2020-11-23 13:00:00,2.126595
2020-11-23 14:00:00,2.1690705
2020-11-23 15:00:00,2.2143772
2020-11-23 16:00:00,2.1690705
2020-11-23 17:00:00,2.3049912
2020-11-23 18:00:00,2.7014272
2020-11-23 19:00:00,3.0299025
2020-11-23 20:00:00,3.1998036
2020-11-23 21:00:00,3.313071
2020-11-23 22:00:00,3.313071
2020-11-23 23:00:00,3.7095068
2020-11-24 00:00:00,3.9077249
2020-11-24 01:00:00,4.3324776
2020-11-24 02:00:00,4.615646
2020-11-24 03:00:00,4.389111
2020-11-24 04:00:00,3.8227742
2020-11-24 05:00:00,3.8227742
2020-11-24 06:00:00,4.247527
2020-11-24 07:00:00,3.7661405
2020-11-24 08:00:00,3.9077249
2020-11-24 09:00:00,4.7005963
2020-11-24 10:00:00,4.615646
2020-11-24 11:00:00,4.955448
2020-11-24 12:00:00,4.4740615
2020-11-24 13:00:00,3.8227742
2020-11-24 14:00:00,3.511289
2020-11-24 15:00:00,3.1998036
2020-11-24 16:00:00,3.0299025
2020-11-24 17:00:00,2.9732687
2020-11-24 18:00:00,3.511289
2020-11-24 19:00:00,3.511289
2020-11-24 20:00:00,3.5679226
2020-11-24 21:00:00,3.511289
2020-11-24 22:00:00,3.7661405
2020-11-24 23:00:00,4.049309
2020-11-25 00:00:00,4.1059427
2020-11-25 01:00:00,4.1059427
2020-11-25 02:00:00,3.8227742
2020-11-25 03:00:00,3.6245563
2020-11-25 04:00:00,3.3697047
2020-11-25 05:00:00,3.1998036
2020-11-25 06:00:00,3.0299025
2020-11-25 07:00:00,3.0865362
2020-11-25 08:00:00,2.916635
2020-11-25 09:00:00,2.916635
2020-11-25 10:00:00,2.916635
2020-11-25 11:00:00,2.9732687
2020-11-25 12:00:00,2.9732687
2020-11-25 13:00:00,2.9732687
2020-11-25 14:00:00,3.0299025
2020-11-25 15:00:00,3.0865362
2020-11-25 16:00:00,3.1431699
2020-11-25 17:00:00,3.0865362
2020-11-25 18:00:00,3.1998036
2020-11-25 19:00:00,3.3697047
2020-11-25 20:00:00,3.511289
2020-11-25 21:00:00,3.4263384
2020-11-25 22:00:00,3.6245563
2020-11-25 23:00:00,3.6245563
2020-11-26 00:00:00,3.68119
2020-11-26 01:00:00,3.7661405
2020-11-26 02:00:00,3.7661405
2020-11-26 03:00:00,4.0209923
2020-11-26 04:00:00,3.9643586
2020-11-26 05:00:00,3.9077249
2020-11-26 06:00:00,3.7661405
2020-11-26 07:00:00,3.6245563
2020-11-26 08:00:00,3.68119
2020-11-26 09:00:00,3.68119
2020-11-26 10:00:00,3.6245563
2020-11-26 11:00:00,3.7661405
2020-11-26 12:00:00,3.7661405
2020-11-26 13:00:00,3.68119
2020-11-26 14:00:00,3.7661405
2020-11-26 15:00:00,3.5679226
2020-11-26 16:00:00,3.511289
2020-11-26 17:00:00,3.511289
2020-11-26 18:00:00,3.5679226
2020-11-26 19:00:00,3.511289
2020-11-26 20:00:00,3.5679226
2020-11-26 21:00:00,3.5679226
2020-11-26 22:00:00,3.5679226
2020-11-26 23:00:00,3.68119
2020-11-27 00:00:00,3.6245563
2020-11-27 01:00:00,3.6245563
2020-11-27 02:00:00,3.6245563
2020-11-27 03:00:00,3.5679226
2020-11-27 04:00:00,3.313071
2020-11-27 05:00:00,3.0865362
2020-11-27 06:00:00,3.0299025
2020-11-27 07:00:00,2.9732687
2020-11-27 08:00:00,2.916635
2020-11-27 09:00:00,2.9732687
2020-11-27 10:00:00,2.916635
2020-11-27 11:00:00,2.916635
2020-11-27 12:00:00,2.8600016
2020-11-27 13:00:00,2.7439024
2020-11-27 14:00:00,2.5909915
2020-11-27 15:00:00,2.4890509
2020-11-27 16:00:00,2.3927734
2020-11-27 17:00:00,2.3927734
2020-11-27 18:00:00,2.344635
2020-11-27 19:00:00,2.6419618
2020-11-27 20:00:00,2.9732687
2020-11-27 21:00:00,3.0865362
2020-11-27 22:00:00,2.9732687
2020-11-27 23:00:00,2.7977045
2020-11-28 00:00:00,2.7977045
2020-11-28 01:00:00,2.8600016
2020-11-28 02:00:00,2.6391299
2020-11-28 03:00:00,2.440912
2020-11-28 04:00:00,2.208714
2020-11-28 05:00:00,2.1181002
2020-11-28 06:00:00,1.9906744
2020-11-28 07:00:00,1.9481992
2020-11-28 08:00:00,1.9085555
2020-11-28 09:00:00,1.8689119
2020-11-28 10:00:00,1.8292682
2020-11-28 11:00:00,1.7896247
2020-11-28 12:00:00,1.8292682
2020-11-28 13:00:00,1.8689119
2020-11-28 14:00:00,1.8292682
2020-11-28 15:00:00,1.9085555
2020-11-28 16:00:00,1.9085555
2020-11-28 17:00:00,1.8689119
2020-11-28 18:00:00,1.9481992
2020-11-28 19:00:00,2.6391299
2020-11-28 20:00:00,2.8600016
2020-11-28 21:00:00,2.7948725
2020-11-28 22:00:00,2.7439024
2020-11-28 23:00:00,2.9732687
2020-11-29 00:00:00,2.916635
2020-11-29 01:00:00,2.7410707
2020-11-29 02:00:00,2.5881598
2020-11-29 03:00:00,2.4380803
2020-11-29 04:00:00,2.2964962
2020-11-29 05:00:00,2.1605754
2020-11-29 06:00:00,2.072793
2020-11-29 07:00:00,2.0303178
2020-11-29 08:00:00,1.9878426
2020-11-29 09:00:00,1.9481992
2020-11-29 10:00:00,1.9878426
2020-11-29 11:00:00,2.0303178
2020-11-29 12:00:00,2.072793
2020-11-29 13:00:00,2.0303178
2020-11-29 14:00:00,2.072793
2020-11-29 15:00:00,2.072793
2020-11-29 16:00:00,2.1152682
2020-11-29 17:00:00,2.2058823
2020-11-29 18:00:00,2.2511892
2020-11-29 19:00:00,2.585328
2020-11-29 20:00:00,3.0015857
2020-11-29 21:00:00,3.1148531
2020-11-29 22:00:00,3.313071
2020-11-29 23:00:00,3.1998036
2020-11-30 00:00:00,3.1998036
2020-11-30 01:00:00,3.0582194
2020-11-30 02:00:00,2.944952
2020-11-30 03:00:00,2.7410707
2020-11-30 04:00:00,2.585328
2020-11-30 05:00:00,2.4862192
2020-11-30 06:00:00,2.389942
2020-11-30 07:00:00,2.2936645
2020-11-30 08:00:00,2.2483575
2020-11-30 09:00:00,2.2483575
2020-11-30 10:00:00,2.2936645
2020-11-30 11:00:00,2.2936645
2020-11-30 12:00:00,2.2483575
2020-11-30 13:00:00,2.2483575
2020-11-30 14:00:00,2.2483575
2020-11-30 15:00:00,2.2030506
2020-11-30 16:00:00,2.1577437
2020-11-30 17:00:00,2.1577437
2020-11-30 18:00:00,2.2936645
2020-11-30 19:00:00,2.2936645
2020-11-30 20:00:00,2.4522388
2020-11-30 21:00:00,2.6447935
2020-11-30 22:00:00,2.6447935
2020-11-30 23:00:00,3.0015857
2020-12-01 00:00:00,3.1714869
2020-12-01 01:00:00,3.1714869
2020-12-01 02:00:00,3.0865362
2020-12-01 03:00:00,2.9732687
2020-12-01 04:00:00,2.9732687
2020-12-01 05:00:00,2.8316846
2020-12-01 06:00:00,2.7608924
2020-12-01 07:00:00,2.7608924
2020-12-01 08:00:00,2.6108131
2020-12-01 09:00:00,2.5598428
2020-12-01 10:00:00,2.5598428
2020-12-01 11:00:00,2.5428529
2020-12-01 12:00:00,2.540021
2020-12-01 13:00:00,2.540021
2020-12-01 14:00:00,2.5428529
2020-12-01 15:00:00,2.6051497
2020-12-01 16:00:00,2.6051497
2020-12-01 17:00:00,2.704259
2020-12-01 18:00:00,2.704259
2020-12-01 19:00:00,2.704259
2020-12-01 20:00:00,2.944952
2020-12-01 21:00:00,3.1148531
2020-12-01 22:00:00,3.1148531
2020-12-01 23:00:00,3.1431699
2020-12-02 00:00:00,3.1148531
2020-12-02 01:00:00,3.1148531
2020-12-02 02:00:00,3.0865362
2020-12-02 03:00:00,3.0015857
2020-12-02 04:00:00,3.0015857
2020-12-02 05:00:00,2.916635
2020-12-02 06:00:00,2.8883183
2020-12-02 07:00:00,2.8883183
2020-12-02 08:00:00,2.8316846
2020-12-02 09:00:00,2.817526
2020-12-02 10:00:00,2.817526
2020-12-02 11:00:00,2.809031
2020-12-02 12:00:00,2.809031
2020-12-02 13:00:00,2.809031
2020-12-02 14:00:00,2.8316846
2020-12-02 15:00:00,2.8600016
2020-12-02 16:00:00,2.8600016
2020-12-02 17:00:00,2.8883183
2020-12-02 18:00:00,2.944952
2020-12-02 19:00:00,2.944952
2020-12-02 20:00:00,2.9732687
2020-12-02 21:00:00,3.0299025
2020-12-02 22:00:00,3.0299025
2020-12-02 23:00:00,3.0582194
2020-12-03 00:00:00,3.0299025
2020-12-03 01:00:00,3.0299025
2020-12-03 02:00:00,2.944952
2020-12-03 03:00:00,2.6929321
2020-12-03 04:00:00,2.6929321
2020-12-03 05:00:00,2.6391299
2020-12-03 06:00:00,2.6051497
2020-12-03 07:00:00,2.6051497
2020-12-03 08:00:00,2.593823
2020-12-03 09:00:00,2.5881598
2020-12-03 10:00:00,2.5881598
2020-12-03 11:00:00,2.5824962
2020-12-03 12:00:00,2.5824962
2020-12-03 13:00:00,2.5824962
2020-12-03 14:00:00,2.593823
2020-12-03 15:00:00,2.613645
2020-12-03 16:00:00,2.613645
2020-12-03 17:00:00,2.6476252
2020-12-03 18:00:00,2.6872687
2020-12-03 19:00:00,2.6872687
2020-12-03 20:00:00,2.7212489
2020-12-03 21:00:00,2.7467341
2020-12-03 22:00:00,2.7467341
2020-12-03 23:00:00,2.7467341
2020-12-04 00:00:00,2.7410707
2020-12-04 01:00:00,2.7410707
2020-12-04 02:00:00,2.6447935
2020-12-04 03:00:00,2.585328
2020-12-04 04:00:00,2.585328
2020-12-04 05:00:00,2.5258627
2020-12-04 06:00:00,2.5003777
2020-12-04 07:00:00,2.5003777
2020-12-04 08:00:00,2.4862192
2020-12-04 09:00:00,2.477724
2020-12-04 10:00:00,2.477724
2020-12-04 11:00:00,2.4833872
2020-12-04 12:00:00,2.5060408
2020-12-04 13:00:00,2.5060408
2020-12-04 14:00:00,2.5740013
2020-12-04 15:00:00,2.6419618
2020-12-04 16:00:00,2.6419618
2020-12-04 17:00:00,2.6674469
2020-12-04 18:00:00,2.7523973
2020-12-04 19:00:00,2.7523973
2020-12-04 20:00:00,2.811863
2020-12-04 21:00:00,2.792041
2020-12-04 22:00:00,2.792041
2020-12-04 23:00:00,2.7608924
2020-12-05 00:00:00,2.7212489
2020-12-05 01:00:00,2.7212489
2020-12-05 02:00:00,2.6816053
2020-12-05 03:00:00,2.6362984
2020-12-05 04:00:00,2.6362984
2020-12-05 05:00:00,2.5371895
2020-12-05 06:00:00,2.4890509
2020-12-05 07:00:00,2.4890509
2020-12-05 08:00:00,2.460734
2020-12-05 09:00:00,2.4550705
2020-12-05 10:00:00,2.4550705
2020-12-05 11:00:00,2.4720607
2020-12-05 12:00:00,2.514536
2020-12-05 13:00:00,2.514536
2020-12-05 14:00:00,2.6249716
2020-12-05 15:00:00,2.6985955
2020-12-05 16:00:00,2.6985955
2020-12-05 17:00:00,2.811863
2020-12-05 18:00:00,2.8316846
2020-12-05 19:00:00,2.8316846
2020-12-05 20:00:00,2.8203578
2020-12-05 21:00:00,2.8033679
2020-12-05 22:00:00,2.8033679
2020-12-05 23:00:00,2.792041
2020-12-06 00:00:00,2.783546
2020-12-06 01:00:00,2.783546
2020-12-06 02:00:00,2.758061
2020-12-06 03:00:00,2.6901004
2020-12-06 04:00:00,2.6901004
2020-12-06 05:00:00,2.6561203
2020-12-06 06:00:00,2.6249716
2020-12-06 07:00:00,2.6249716
2020-12-06 08:00:00,2.6051497
2020-12-06 09:00:00,2.5966547
2020-12-06 10:00:00,2.5966547
2020-12-06 11:00:00,2.5966547
2020-12-06 12:00:00,2.6051497
2020-12-06 13:00:00,2.6051497
2020-12-06 14:00:00,2.6249716
2020-12-06 15:00:00,2.6957636
2020-12-06 16:00:00,2.6957636
2020-12-06 17:00:00,2.7665558
2020-12-06 18:00:00,2.809031
2020-12-06 19:00:00,2.809031
2020-12-06 20:00:00,2.8883183
2020-12-06 21:00:00,2.944952
2020-12-06 22:00:00,2.944952
2020-12-06 23:00:00,3.0015857
2020-12-07 00:00:00,3.0299025
2020-12-07 01:00:00,3.0299025
2020-12-07 02:00:00,3.0582194
2020-12-07 03:00:00,3.0582194
2020-12-07 04:00:00,3.0582194
2020-12-07 05:00:00,3.0865362
2020-12-07 06:00:00,3.0865362
2020-12-07 07:00:00,3.0865362
2020-12-07 08:00:00,3.0582194
2020-12-07 09:00:00,3.0299025
2020-12-07 10:00:00,3.0299025
2020-12-07 11:00:00,3.0015857
2020-12-07 12:00:00,2.9732687
2020-12-07 13:00:00,2.9732687
2020-12-07 14:00:00,2.944952
2020-12-07 15:00:00,2.944952
2020-12-07 16:00:00,2.944952
2020-12-07 17:00:00,2.944952
2020-12-07 18:00:00,2.944952
2020-12-07 19:00:00,2.944952
2020-12-07 20:00:00,3.0015857
2020-12-07 21:00:00,3.0582194
2020-12-07 22:00:00,3.0582194
2020-12-07 23:00:00,3.1148531
2020-12-08 00:00:00,3.1431699
2020-12-08 01:00:00,3.1431699
2020-12-08 02:00:00,3.0865362
2020-12-08 03:00:00,3.0582194
2020-12-08 04:00:00,3.0582194
2020-12-08 05:00:00,3.0582194
2020-12-08 06:00:00,3.0582194
2020-12-08 07:00:00,3.0582194
2020-12-08 08:00:00,3.0582194
2020-12-08 09:00:00,3.0582194
2020-12-08 10:00:00,3.0582194
2020-12-08 11:00:00,3.0582194
2020-12-08 12:00:00,3.0865362
2020-12-08 13:00:00,3.0865362
2020-12-08 14:00:00,3.0865362
2020-12-08 15:00:00,3.1148531
2020-12-08 16:00:00,3.1148531
2020-12-08 17:00:00,3.1714869
2020-12-08 18:00:00,3.1714869
2020-12-08 19:00:00,3.1714869
2020-12-08 20:00:00,3.1998036
2020-12-08 21:00:00,3.2281206
2020-12-08 22:00:00,3.2281206
2020-12-08 23:00:00,3.2281206
2020-12-09 00:00:00,3.2281206
2020-12-09 01:00:00,3.2281206
2020-12-09 02:00:00,3.2281206
2020-12-09 03:00:00,3.2281206
2020-12-09 04:00:00,3.2281206
2020-12-09 05:00:00,3.2281206
2020-12-09 06:00:00,3.2281206
2020-12-09 07:00:00,3.2281206
2020-12-09 08:00:00,3.1998036
2020-12-09 09:00:00,3.1998036
2020-12-09 10:00:00,3.1998036
2020-12-09 11:00:00,3.1714869
2020-12-09 12:00:00,3.1714869
2020-12-09 13:00:00,3.1714869
2020-12-09 14:00:00,3.1714869
2020-12-09 15:00:00,3.1714869
2020-12-09 16:00:00,3.1714869
2020-12-09 17:00:00,3.1998036
2020-12-09 18:00:00,3.1998036
2020-12-09 19:00:00,3.1998036
2020-12-09 20:00:00,3.1998036
2020-12-09 21:00:00,3.2564373
2020-12-09 22:00:00,3.2564373
2020-12-09 23:00:00,3.2281206
2020-12-10 00:00:00,3.1998036
2020-12-10 01:00:00,3.1998036
2020-12-10 02:00:00,3.1998036
2020-12-10 03:00:00,3.1998036
2020-12-10 04:00:00,3.1998036
2020-12-10 05:00:00,3.1998036
2020-12-10 06:00:00,3.1998036
2020-12-10 07:00:00,3.1998036
2020-12-10 08:00:00,3.1998036
2020-12-10 09:00:00,3.1998036
2020-12-10 10:00:00,3.1998036
2020-12-10 11:00:00,3.1998036
2020-12-10 12:00:00,3.2281206
2020-12-10 13:00:00,3.2281206
2020-12-10 14:00:00,3.2281206
2020-12-10 15:00:00,3.2281206
2020-12-10 16:00:00,3.2281206
2020-12-10 17:00:00,3.1998036
2020-12-10 18:00:00,3.1431699
2020-12-10 19:00:00,3.1431699
2020-12-10 20:00:00,3.1148531
2020-12-10 21:00:00,3.0582194
2020-12-10 22:00:00,3.0582194
2020-12-10 23:00:00,3.0299025
2020-12-11 00:00:00,2.9732687
2020-12-11 01:00:00,2.9732687
2020-12-11 02:00:00,2.9732687
2020-12-11 03:00:00,2.9732687
2020-12-11 04:00:00,2.9732687
2020-12-11 05:00:00,2.9732687
2020-12-11 06:00:00,2.9732687
2020-12-11 07:00:00,2.9732687
2020-12-11 08:00:00,2.9732687
2020-12-11 09:00:00,2.944952
2020-12-11 10:00:00,2.944952
2020-12-11 11:00:00,2.944952
2020-12-11 12:00:00,2.916635
2020-12-11 13:00:00,2.916635
2020-12-11 14:00:00,2.916635
2020-12-11 15:00:00,2.916635
2020-12-11 16:00:00,2.916635
2020-12-11 17:00:00,2.916635
2020-12-11 18:00:00,2.944952
2020-12-11 19:00:00,2.944952
2020-12-11 20:00:00,2.944952
2020-12-11 21:00:00,3.0015857
2020-12-11 22:00:00,3.0015857
2020-12-11 23:00:00,3.0299025
2020-12-12 00:00:00,3.0299025
2020-12-12 01:00:00,3.0299025
2020-12-12 02:00:00,3.0299025
2020-12-12 03:00:00,3.0299025
2020-12-12 04:00:00,3.0299025
2020-12-12 05:00:00,3.0299025
2020-12-12 06:00:00,3.0299025
2020-12-12 07:00:00,3.0299025
2020-12-12 08:00:00,3.0299025
2020-12-12 09:00:00,3.0299025
2020-12-12 10:00:00,3.0299025
2020-12-12 11:00:00,3.0299025
2020-12-12 12:00:00,3.0299025
2020-12-12 13:00:00,3.0299025
2020-12-12 14:00:00,3.0299025
2020-12-12 15:00:00,3.0299025
2020-12-12 16:00:00,3.0299025
2020-12-12 17:00:00,3.0299025
2020-12-12 18:00:00,3.0015857
2020-12-12 19:00:00,3.0015857
2020-12-12 20:00:00,3.0015857
2020-12-12 21:00:00,2.9732687
2020-12-12 22:00:00,2.9732687
2020-12-12 23:00:00,2.944952
2020-12-13 00:00:00,2.8600016
2020-12-13 01:00:00,2.8600016
2020-12-13 02:00:00,2.8005362
2020-12-13 03:00:00,2.7750509
2020-12-13 04:00:00,2.7750509
2020-12-13 05:00:00,2.7495656
2020-12-13 06:00:00,2.7269123
2020-12-13 07:00:00,2.7269123
2020-12-13 08:00:00,2.7014272
2020-12-13 09:00:00,2.684437
2020-12-13 10:00:00,2.684437
2020-12-13 11:00:00,2.6646152
2020-12-13 12:00:00,2.6476252
2020-12-13 13:00:00,2.6476252
2020-12-13 14:00:00,2.6391299
2020-12-13 15:00:00,2.6278033
2020-12-13 16:00:00,2.6278033
2020-12-13 17:00:00,2.6193082
2020-12-13 18:00:00,2.6391299
2020-12-13 19:00:00,2.6391299
2020-12-13 20:00:00,2.7269123
2020-12-13 21:00:00,2.7750509
2020-12-13 22:00:00,2.7750509
2020-12-13 23:00:00,2.7892094
2020-12-14 00:00:00,2.7948725
2020-12-14 01:00:00,2.7948725
2020-12-14 02:00:00,2.8005362
2020-12-14 03:00:00,2.8061993
2020-12-14 04:00:00,2.8061993
2020-12-14 05:00:00,2.8061993
2020-12-14 06:00:00,2.8033679
2020-12-14 07:00:00,2.8033679
2020-12-14 08:00:00,2.8005362
2020-12-14 09:00:00,2.8005362
2020-12-14 10:00:00,2.8005362
2020-12-14 11:00:00,2.7977045
2020-12-14 12:00:00,2.8005362
2020-12-14 13:00:00,2.8005362
2020-12-14 14:00:00,2.809031
2020-12-14 15:00:00,2.8231895
2020-12-14 16:00:00,2.8231895
2020-12-14 17:00:00,2.8316846
2020-12-14 18:00:00,2.8883183
2020-12-14 19:00:00,2.8883183
2020-12-14 20:00:00,3.0582194
2020-12-14 21:00:00,3.1998036
2020-12-14 22:00:00,3.1998036
2020-12-14 23:00:00,3.284754
2020-12-15 00:00:00,3.313071
2020-12-15 01:00:00,3.313071
2020-12-15 02:00:00,3.3413877
2020-12-15 03:00:00,3.284754
2020-12-15 04:00:00,3.3413877
2020-12-15 05:00:00,3.3413877
2020-12-15 06:00:00,3.3413877
2020-12-15 07:00:00,3.4829721
2020-12-15 08:00:00,3.4829721
2020-12-15 09:00:00,3.4829721
2020-12-15 10:00:00,3.4829721
2020-12-15 11:00:00,3.4829721
2020-12-15 12:00:00,3.3980215
2020-12-15 13:00:00,3.3980215
2020-12-15 14:00:00,3.3980215
2020-12-15 15:00:00,3.3980215
2020-12-15 16:00:00,3.3980215
2020-12-15 17:00:00,3.3980215
2020-12-15 18:00:00,3.3980215
2020-12-15 19:00:00,3.3980215
2020-12-15 20:00:00,3.3980215
2020-12-15 21:00:00,3.3980215
2020-12-15 22:00:00,3.3980215
2020-12-15 23:00:00,3.4829721
2020-12-16 00:00:00,3.3980215
2020-12-16 01:00:00,3.3413877
2020-12-16 02:00:00,3.3413877
2020-12-16 03:00:00,3.3413877
2020-12-16 04:00:00,3.3413877
2020-12-16 05:00:00,3.2281206
2020-12-16 06:00:00,3.3413877
2020-12-16 07:00:00,3.3413877
2020-12-16 08:00:00,3.284754
2020-12-16 09:00:00,3.3413877
2020-12-16 10:00:00,3.284754
2020-12-16 11:00:00,3.284754
2020-12-16 12:00:00,3.284754
2020-12-16 13:00:00,3.284754
2020-12-16 14:00:00,3.3413877
2020-12-16 15:00:00,3.284754
2020-12-16 16:00:00,3.3413877
2020-12-16 17:00:00,3.284754
2020-12-16 18:00:00,3.3413877
2020-12-16 19:00:00,3.3413877
2020-12-16 20:00:00,3.3413877
2020-12-16 21:00:00,3.3413877
2020-12-16 22:00:00,3.3413877
2020-12-16 23:00:00,3.3413877
2020-12-17 00:00:00,3.3413877
2020-12-17 01:00:00,3.3413877
2020-12-17 02:00:00,3.3413877
2020-12-17 03:00:00,3.3413877
2020-12-17 04:00:00,3.3413877
2020-12-17 05:00:00,3.3413877
2020-12-17 06:00:00,3.3980215
2020-12-17 07:00:00,3.3413877
2020-12-17 08:00:00,3.3413877
2020-12-17 09:00:00,3.3413877
2020-12-17 10:00:00,3.4829721
2020-12-17 11:00:00,3.3980215
2020-12-17 12:00:00,3.3980215
2020-12-17 13:00:00,3.3980215
2020-12-17 14:00:00,3.4829721
2020-12-17 15:00:00,3.3980215
2020-12-17 16:00:00,3.3980215
2020-12-17 17:00:00,3.3980215
2020-12-17 18:00:00,3.4829721
2020-12-17 19:00:00,3.3980215
2020-12-17 20:00:00,3.3980215
2020-12-17 21:00:00,3.3980215
2020-12-17 22:00:00,3.3980215
2020-12-17 23:00:00,3.3980215
2020-12-18 00:00:00,3.3413877
2020-12-18 01:00:00,3.3980215
2020-12-18 02:00:00,3.4829721
2020-12-18 03:00:00,3.3980215
2020-12-18 04:00:00,3.3980215
2020-12-18 05:00:00,3.3980215
2020-12-18 06:00:00,3.3980215
2020-12-18 07:00:00,3.3413877
2020-12-18 08:00:00,3.3980215
2020-12-18 09:00:00,3.3980215
2020-12-18 10:00:00,3.3413877
2020-12-18 11:00:00,3.3413877
2020-12-18 12:00:00,3.284754
2020-12-18 13:00:00,3.3413877
2020-12-18 14:00:00,3.3980215
2020-12-18 15:00:00,3.3980215
2020-12-18 16:00:00,3.3980215
2020-12-18 17:00:00,3.3980215
2020-12-18 18:00:00,3.3980215
2020-12-18 19:00:00,3.3413877
2020-12-18 20:00:00,3.3413877
2020-12-18 21:00:00,3.3980215
2020-12-18 22:00:00,3.4829721
2020-12-18 23:00:00,3.4829721
2020-12-19 00:00:00,3.3980215
2020-12-19 01:00:00,3.3980215
2020-12-19 02:00:00,3.3413877
2020-12-19 03:00:00,3.3980215
2020-12-19 04:00:00,3.3413877
2020-12-19 05:00:00,3.284754
2020-12-19 06:00:00,3.3413877
2020-12-19 07:00:00,3.284754
2020-12-19 08:00:00,3.284754
2020-12-19 09:00:00,3.284754
2020-12-19 10:00:00,3.2281206
2020-12-19 11:00:00,3.284754
2020-12-19 12:00:00,3.2281206
2020-12-19 13:00:00,3.2281206
2020-12-19 14:00:00,3.2281206
2020-12-19 15:00:00,3.2281206
2020-12-19 16:00:00,3.2281206
2020-12-19 17:00:00,3.2281206
2020-12-19 18:00:00,3.1714869
2020-12-19 19:00:00,3.2281206
2020-12-19 20:00:00,3.2281206
2020-12-19 21:00:00,3.2281206
2020-12-19 22:00:00,3.2281206
2020-12-19 23:00:00,3.2281206
2020-12-20 00:00:00,3.284754
2020-12-20 01:00:00,3.2281206
2020-12-20 02:00:00,3.2281206
2020-12-20 03:00:00,3.2281206
2020-12-20 04:00:00,3.2281206
2020-12-20 05:00:00,3.2281206
2020-12-20 06:00:00,3.1714869
2020-12-20 07:00:00,3.2281206
2020-12-20 08:00:00,3.2281206
2020-12-20 09:00:00,3.1714869
2020-12-20 10:00:00,3.1714869
2020-12-20 11:00:00,3.2281206
2020-12-20 12:00:00,3.2281206
2020-12-20 13:00:00,3.2281206
2020-12-20 14:00:00,3.2281206
2020-12-20 15:00:00,3.1714869
2020-12-20 16:00:00,3.2281206
2020-12-20 17:00:00,3.2281206
2020-12-20 18:00:00,3.2281206
2020-12-20 19:00:00,3.2281206
2020-12-20 20:00:00,3.284754
2020-12-20 21:00:00,3.2281206
2020-12-20 22:00:00,3.284754
2020-12-20 23:00:00,3.3413877
2020-12-21 00:00:00,3.3980215
2020-12-21 01:00:00,3.4829721
2020-12-21 02:00:00,3.5396059
2020-12-21 03:00:00,3.652873
2020-12-21 04:00:00,3.652873
2020-12-21 05:00:00,3.7378237
2020-12-21 06:00:00,3.7378237
2020-12-21 07:00:00,3.9360416
2020-12-21 08:00:00,3.9926753
2020-12-21 09:00:00,3.9926753
2020-12-21 10:00:00,3.9360416
2020-12-21 11:00:00,4.0776258
2020-12-21 12:00:00,3.9926753
2020-12-21 13:00:00,4.0776258
2020-12-21 14:00:00,4.1342597
2020-12-21 15:00:00,4.67228
2020-12-21 16:00:00,4.2758436
2020-12-21 17:00:00,4.2758436
2020-12-21 18:00:00,4.360794
2020-12-21 19:00:00,4.5023785
2020-12-21 20:00:00,4.360794
2020-12-21 21:00:00,4.5023785
2020-12-21 22:00:00,4.5023785
2020-12-21 23:00:00,4.67228
2020-12-22 00:00:00,4.898814
2020-12-22 01:00:00,4.7572303
2020-12-22 02:00:00,4.7572303
2020-12-22 03:00:00,5.0687156
2020-12-22 04:00:00,5.153666
2020-12-22 05:00:00,5.408518
2020-12-22 06:00:00,5.4934683
2020-12-22 07:00:00,5.408518
2020-12-22 08:00:00,5.408518
2020-12-22 09:00:00,5.323567
2020-12-22 10:00:00,5.408518
2020-12-22 11:00:00,5.323567
2020-12-22 12:00:00,5.323567
2020-12-22 13:00:00,5.4934683
2020-12-22 14:00:00,5.861587
2020-12-22 15:00:00,5.7766366
2020-12-22 16:00:00,6.3429737
2020-12-22 17:00:00,6.456241
2020-12-22 18:00:00,6.258023
2020-12-22 19:00:00,6.7394094
2020-12-22 20:00:00,6.3429737
2020-12-22 21:00:00,6.3429737
2020-12-22 22:00:00,6.059805
2020-12-22 23:00:00,6.258023
2020-12-23 00:00:00,5.9465375
2020-12-23 01:00:00,5.861587
2020-12-23 02:00:00,5.5784187
2020-12-23 03:00:00,5.408518
2020-12-23 04:00:00,5.408518
2020-12-23 05:00:00,5.2386165
2020-12-23 06:00:00,5.2386165
2020-12-23 07:00:00,5.0687156
2020-12-23 08:00:00,5.153666
2020-12-23 09:00:00,4.983765
2020-12-23 10:00:00,5.0687156
2020-12-23 11:00:00,5.153666
2020-12-23 12:00:00,5.0687156
2020-12-23 13:00:00,5.0687156
2020-12-23 14:00:00,4.983765
2020-12-23 15:00:00,5.0687156
2020-12-23 16:00:00,4.898814
2020-12-23 17:00:00,4.8138638
2020-12-23 18:00:00,4.8138638
2020-12-23 19:00:00,4.8138638
2020-12-23 20:00:00,4.8138638
2020-12-23 21:00:00,4.7572303
2020-12-23 22:00:00,4.5023785
2020-12-23 23:00:00,4.21921
2020-12-24 00:00:00,3.7944574
2020-12-24 01:00:00,3.5396059
2020-12-24 02:00:00,3.3413877
2020-12-24 03:00:00,3.2281206
2020-12-24 04:00:00,3.1148531
2020-12-24 05:00:00,3.0582194
2020-12-24 06:00:00,2.944952
2020-12-24 07:00:00,3.0015857
2020-12-24 08:00:00,3.0015857
2020-12-24 09:00:00,3.0015857
2020-12-24 10:00:00,3.0015857
2020-12-24 11:00:00,2.8883183
2020-12-24 12:00:00,2.8316846
2020-12-24 13:00:00,2.7778826
2020-12-24 14:00:00,2.7778826
2020-12-24 15:00:00,2.8316846
2020-12-24 16:00:00,2.7778826
2020-12-24 17:00:00,2.8316846
2020-12-24 18:00:00,2.8883183
2020-12-24 19:00:00,3.3980215
2020-12-24 20:00:00,3.4829721
2020-12-24 21:00:00,3.879408
2020-12-24 22:00:00,4.0776258
2020-12-24 23:00:00,3.5962396
2020-12-25 00:00:00,3.2281206
2020-12-25 01:00:00,3.0015857
2020-12-25 02:00:00,2.8883183
2020-12-25 03:00:00,2.6731102
2020-12-25 04:00:00,2.5711696
2020-12-25 05:00:00,2.5201993
2020-12-25 06:00:00,2.4720607
2020-12-25 07:00:00,2.5201993
2020-12-25 08:00:00,2.62214
2020-12-25 09:00:00,2.7269123
2020-12-25 10:00:00,2.8316846
2020-12-25 11:00:00,2.8316846
2020-12-25 12:00:00,2.8316846
2020-12-25 13:00:00,2.7778826
2020-12-25 14:00:00,2.7778826
2020-12-25 15:00:00,2.7269123
2020-12-25 16:00:00,2.7269123
2020-12-25 17:00:00,2.7269123
2020-12-25 18:00:00,2.7778826
2020-12-25 19:00:00,3.2281206
2020-12-25 20:00:00,3.2281206
2020-12-25 21:00:00,3.4829721
2020-12-25 22:00:00,3.9360416
2020-12-25 23:00:00,3.9926753
2020-12-26 00:00:00,3.5962396
2020-12-26 01:00:00,3.3413877
2020-12-26 02:00:00,3.3413877
2020-12-26 03:00:00,3.284754
2020-12-26 04:00:00,3.3413877
2020-12-26 05:00:00,3.4829721
2020-12-26 06:00:00,3.5962396
2020-12-26 07:00:00,3.652873
2020-12-26 08:00:00,3.7378237
2020-12-26 09:00:00,3.7944574
2020-12-26 10:00:00,3.7944574
2020-12-26 11:00:00,3.879408
2020-12-26 12:00:00,3.7944574
2020-12-26 13:00:00,3.7944574
2020-12-26 14:00:00,3.7378237
2020-12-26 15:00:00,3.7944574
2020-12-26 16:00:00,3.7378237
2020-12-26 17:00:00,3.9360416
2020-12-26 18:00:00,3.9360416
2020-12-26 19:00:00,3.9926753
2020-12-26 20:00:00,4.0776258
2020-12-26 21:00:00,4.21921
2020-12-26 22:00:00,4.21921
2020-12-26 23:00:00,4.1342597
2020-12-27 00:00:00,3.9926753
2020-12-27 01:00:00,4.0776258
2020-12-27 02:00:00,4.0776258
2020-12-27 03:00:00,3.9926753
2020-12-27 04:00:00,4.0776258
2020-12-27 05:00:00,4.0776258
2020-12-27 06:00:00,3.9360416
2020-12-27 07:00:00,4.1342597
2020-12-27 08:00:00,4.1342597
2020-12-27 09:00:00,4.1342597
2020-12-27 10:00:00,4.1342597
2020-12-27 11:00:00,4.0776258
2020-12-27 12:00:00,4.1342597
2020-12-27 13:00:00,3.9926753
2020-12-27 14:00:00,4.0776258
2020-12-27 15:00:00,3.9926753
2020-12-27 16:00:00,4.0776258
2020-12-27 17:00:00,3.9926753
2020-12-27 18:00:00,4.0776258
2020-12-27 19:00:00,3.9926753
2020-12-27 20:00:00,3.9360416
2020-12-27 21:00:00,3.9926753
2020-12-27 22:00:00,3.9926753
2020-12-27 23:00:00,3.9360416
2020-12-28 00:00:00,3.9360416
2020-12-28 01:00:00,3.879408
2020-12-28 02:00:00,3.9360416
2020-12-28 03:00:00,3.879408
2020-12-28 04:00:00,3.879408
2020-12-28 05:00:00,3.7378237
2020-12-28 06:00:00,3.7944574
2020-12-28 07:00:00,3.7944574
2020-12-28 08:00:00,3.7378237
2020-12-28 09:00:00,3.7378237
2020-12-28 10:00:00,3.652873
2020-12-28 11:00:00,3.652873
2020-12-28 12:00:00,3.652873
2020-12-28 13:00:00,3.5962396
2020-12-28 14:00:00,3.5396059
2020-12-28 15:00:00,3.3980215
2020-12-28 16:00:00,3.3980215
2020-12-28 17:00:00,3.3980215
2020-12-28 18:00:00,3.3413877
2020-12-28 19:00:00,3.3413877
2020-12-28 20:00:00,3.3980215
2020-12-28 21:00:00,3.2281206
2020-12-28 22:00:00,3.2281206
2020-12-28 23:00:00,3.1714869
2020-12-29 00:00:00,3.1148531
2020-12-29 01:00:00,3.0582194
2020-12-29 02:00:00,3.0015857
2020-12-29 03:00:00,2.8883183
2020-12-29 04:00:00,2.8883183
2020-12-29 05:00:00,2.8316846
2020-12-29 06:00:00,2.8883183
2020-12-29 07:00:00,2.944952
2020-12-29 08:00:00,3.1148531
2020-12-29 09:00:00,3.1714869
2020-12-29 10:00:00,3.1714869
2020-12-29 11:00:00,3.0582194
2020-12-29 12:00:00,3.0015857
2020-12-29 13:00:00,2.8883183
2020-12-29 14:00:00,2.8316846
2020-12-29 15:00:00,2.8316846
2020-12-29 16:00:00,2.8316846
2020-12-29 17:00:00,2.8316846
2020-12-29 18:00:00,2.8883183
2020-12-29 19:00:00,2.8883183
2020-12-29 20:00:00,3.0582194
2020-12-29 21:00:00,3.4829721
2020-12-29 22:00:00,3.5396059
2020-12-29 23:00:00,3.1714869
2020-12-30 00:00:00,3.0015857
2020-12-30 01:00:00,2.8316846
2020-12-30 02:00:00,2.7269123
2020-12-30 03:00:00,2.5711696
2020-12-30 04:00:00,2.5201993
2020-12-30 05:00:00,2.4720607
2020-12-30 06:00:00,2.423922
2020-12-30 07:00:00,2.423922
2020-12-30 08:00:00,2.4720607
2020-12-30 09:00:00,2.5711696
2020-12-30 10:00:00,2.7269123
2020-12-30 11:00:00,2.8883183
2020-12-30 12:00:00,2.944952
2020-12-30 13:00:00,3.0015857
2020-12-30 14:00:00,3.0582194
2020-12-30 15:00:00,3.0015857
2020-12-30 16:00:00,3.0015857
2020-12-30 17:00:00,3.0582194
2020-12-30 18:00:00,3.1714869
2020-12-30 19:00:00,3.284754
2020-12-30 20:00:00,3.3413877
2020-12-30 21:00:00,3.4829721
2020-12-30 22:00:00,3.652873
2020-12-30 23:00:00,3.7944574
2020-12-31 00:00:00,3.5962396
2020-12-31 01:00:00,3.5396059
2020-12-31 02:00:00,3.5962396
2020-12-31 03:00:00,3.5962396
2020-12-31 04:00:00,3.5962396
2020-12-31 05:00:00,3.5396059
2020-12-31 06:00:00,3.5396059
2020-12-31 07:00:00,3.5396059
2020-12-31 08:00:00,3.4829721
2020-12-31 09:00:00,3.4829721
2020-12-31 10:00:00,3.4829721
2020-12-31 11:00:00,3.5962396
2020-12-31 12:00:00,3.5396059
2020-12-31 13:00:00,3.652873
2020-12-31 14:00:00,3.5962396
2020-12-31 15:00:00,3.5962396
2020-12-31 16:00:00,3.5962396
2020-12-31 17:00:00,3.7378237
2020-12-31 18:00:00,3.5962396
2020-12-31 19:00:00,3.5962396
2020-12-31 20:00:00,3.652873
2020-12-31 21:00:00,3.5962396
2020-12-31 22:00:00,3.7378237
2020-12-31 23:00:00,3.652873
