"gage_id","nws_id","agency","station_name","domain","domain_id","nwm_v3_calibration","headwater_calibration","latitude","longitude"
"01021480","WSLM1","USGS","Old Stream near Wesley, Maine","CONUS","3","true","true","44.9369444","-67.7361111"
"01029200","SBSM1","USGS","Seboeis River near Shin Pond, Maine","CONUS","3","true","true","46.14305556","-68.6336111"
"01029500","GRNM1","USGS","East Branch Penobscot River at Grindstone, Maine","CONUS","3","true","true","45.73027778","-68.5894444"
"01011000","ALLM1","USGS","Allagash River near Allagash, Maine","CONUS","3","true","true","47.0697222","-69.0794444"
"01013500","FIHM1","USGS","Fish River near Fort Kent, Maine","CONUS","3","true","true","47.2375","-68.58277778"
"01015800","MASM1","USGS","Aroostook River near Masardis, Maine","CONUS","3","true","true","46.52305556","-68.3716667"
"01037380","LINM1","USGS","Ducktrap River near Lincolnville, Maine","CONUS","3","true","true","44.32916667","-69.0608333"
"01038000","NWFM1","USGS","Sheepscot River at North Whitefield, Maine","CONUS","3","true","true","44.22277778","-69.59388889"
"01044550","SPEM1","USGS","Spencer Stream near Grand Falls, Maine","CONUS","3","true","true","45.3136111","-70.2416667"
"01046000","AUSM1","USGS","Austin Stream at Bingham, Maine","CONUS","3","true","true","45.0644444","-69.8805556"
"01047200","MDIM1","USGS","Sandy River near Madrid, Maine","CONUS","3","true","true","44.85777778","-70.48527778"
"01048000","MERM1","USGS","Sandy River near Mercer, Maine","CONUS","3","true","true","44.70805556","-69.9375"
"01048220","ATHM1","USGS","East Branch Wesserunsett Stream near Athens, Maine","CONUS","3","true","true","44.9475","-69.6569444"
"01054200","GILM1","USGS","Wild River at Gilead, Maine","CONUS","3","true","true","44.39055556","-70.9797222"
"01030500","MATM1","USGS","Mattawamkeag River near Mattawamkeag, Maine","CONUS","3","true","true","45.5011111","-68.3058333"
"01031300","BLAM1","USGS","Piscataquis River at Blanchard, Maine","CONUS","3","true","true","45.2672222","-69.58388889"
"01031500","DOVM1","USGS","Piscataquis River near Dover-Foxcroft, Maine","CONUS","3","true","true","45.175","-69.3147222"
"01031510","BSTM1","USGS","Black Stream near Dover-Foxcroft, Maine","CONUS","3","true","true","45.15027778","-69.23638889"
"01064500","CNWN3","USGS","Saco River near Conway, NH","CONUS","3","true","true","43.9908333","-71.0905556"
"01064801","BCPN3","USGS","BEARCAMP RIVER AT SOUTH TAMWORTH, NH","CONUS","3","true","true","43.83007396","-71.2878488"
"01067950","KNKM1","USGS","Kennebunk River near Kennebunk, Maine","CONUS","3","true","true","43.4322222","-70.5533333"
"01069700","KBKM1","USGS","Branch Brook near Kennebunk, Maine","CONUS","3","true","true","43.37916667","-70.5833333"
"01073000","OYSN3","USGS","OYSTER RIVER NEAR DURHAM, NH","CONUS","3","true","true","43.1486955","-70.9650603"
"01074520","LINN3","USGS","EAST BRANCH PEMIGEWASSET RIVER AT LINCOLN, NH","CONUS","3","true","true","44.0475669","-71.6598029"
"01075000","WOON3","USGS","PEMIGEWASSET RIVER AT WOODSTOCK, NH","CONUS","3","true","true","43.9761792","-71.6795244"
"01078000","BRSN3","USGS","SMITH RIVER NEAR BRISTOL, NH","CONUS","3","true","true","43.56646307","-71.747857"
"JBR","","CADWR","","CONUS","3","false","true","39.2934799194336","-121.100044250488"
"01055000","ROXM1","USGS","Swift River near Roxbury, Maine","CONUS","3","true","true","44.64277778","-70.58888889"
"01057000","SPSM1","USGS","Little Androscoggin River near South Paris, Maine","CONUS","3","true","true","44.30388889","-70.5397222"
"01093852","MFDN3","USGS","SOUHEGAN RIVER (SITE WLR-1) NEAR MILFORD, NH","CONUS","3","true","true","42.8425858","-71.7067399"
"01095220","STEM3","USGS","STILLWATER RIVER NEAR STERLING, MA","CONUS","3","true","true","42.41092507","-71.7911829"
"01096000","WGTM3","USGS","SQUANNACOOK RIVER NEAR WEST GROTON, MA","CONUS","3","true","true","42.63425619","-71.6578479"
"010965852","NPEN3","USGS","BEAVER BROOK AT NORTH PELHAM, NH","CONUS","3","true","true","42.78286636","-71.35367448"
"01082000","PTRN3","USGS","CONTOOCOOK RIVER AT PETERBOROUGH, NH","CONUS","3","true","true","42.8625837","-71.95924609"
"01086000","DAVN3","USGS","WARNER RIVER AT DAVISVILLE, NH","CONUS","3","true","true","43.25091159","-71.7322996"
"01089100","SOUN3","USGS","SOUCOOK RIVER, AT PEMBROKE ROAD, NEAR CONCORD, NH","CONUS","3","true","true","43.21369248","-71.4803481"
"01101000","BYFM3","USGS","PARKER RIVER AT BYFIELD, MA","CONUS","3","true","true","42.75286948","-70.9456096"
"EVA","","CADWR","","CONUS","3","false","true","39.389835357666","-123.114944458008"
"01100600","WLMM3","USGS","SHAWSHEEN RIVER NEAR WILMINGTON, MA","CONUS","3","true","true","42.5681488","-71.2147792"
"01108000","BDGM3","USGS","TAUNTON RIVER NEAR BRIDGEWATER, MA","CONUS","3","true","true","41.9339903","-70.9564307"
"01105000","NRWM3","USGS","NEPONSET RIVER AT NORWOOD, MA","CONUS","3","true","true","42.1775987","-71.2008863"
"01115187","","USGS","PONAGANSET RIVER AT SOUTH FOSTER, RI","CONUS","3","true","true","41.8187102","-71.7050677"
"01115630","","USGS","NOOSENECK RIVER AT NOOSENECK, RI","CONUS","3","true","true","41.6267667","-71.6325646"
"MFP","","CADWR","","CONUS","3","false","true","39.8147354125977","-120.452323913574"
"01105933","SDMM3","USGS","PASKAMANSET RIVER NEAR SOUTH DARTMOUTH, MA","CONUS","3","true","true","41.58538185","-70.9903171"
"01117370","","USGS","QUEEN R AT LIBERTY RD AT LIBERTY RI","CONUS","3","true","true","41.53898957","-71.568673"
"01117468","BEAR1","USGS","BEAVER RIVER NEAR USQUEPAUG, RI","CONUS","3","true","true","41.49260037","-71.6281194"
"01118000","","USGS","WOOD RIVER AT HOPE VALLEY, RI","CONUS","3","true","true","41.49815516","-71.7164561"
"01117800","ARCR1","USGS","WOOD RIVER NEAR ARCADIA, RI","CONUS","3","true","true","41.5739884","-71.72062318"
"01162500","WINM3","USGS","PRIEST BROOK NEAR WINCHENDON, MA","CONUS","3","true","true","42.6825859","-72.1150812"
"01171500","NMIM3","USGS","MILL RIVER AT NORTHAMPTON, MA","CONUS","3","true","true","42.31897839","-72.6650907"
"01181000","HNTM3","USGS","WEST BRANCH WESTFIELD RIVER AT HUNTINGTON, MA","CONUS","3","true","true","42.23731169","-72.895654"
"01187300","WHTC3","USGS","HUBBARD RIVER NEAR WEST HARTLAND, CT","CONUS","3","true","true","42.0375","-72.93932778"
"CDR","","CADWR","","CONUS","3","false","true","39.1980895996094","-122.063095092773"
"01169000","SHVM3","USGS","NORTH RIVER AT SHATTUCKVILLE, MA","CONUS","3","true","true","42.63841775","-72.7250922"
"01170100","CRNM3","USGS","GREEN RIVER NEAR COLRAIN, MA","CONUS","3","true","true","42.70341695","-72.67064738"
"01193500","EHMC3","USGS","SALMON RIVER NEAR EAST HAMPTON, CT","CONUS","3","true","true","41.55232124","-72.44925287"
"01194000","","USGS","EIGHTMILE RIVER AT NORTH PLAIN, CT","CONUS","3","true","true","41.44166944","-72.33267778"
"01194500","","USGS","EAST BRANCH EIGHTMILE RIVER NEAR NORTH LYME, CT","CONUS","3","true","true","41.42751667","-72.33477778"
"01197500","GTBM3","USGS","HOUSATONIC RIVER NEAR GREAT BARRINGTON, MA","CONUS","3","true","true","42.23191667","-73.3546667"
"01198000","GBGM3","USGS","GREEN RIVER NEAR GREAT BARRINGTON, MA","CONUS","3","true","true","42.1929083","-73.3912306"
"01201487","BKFC3","USGS","STILL RIVER AT ROUTE 7 AT BROOKFIELD CENTER, CT","CONUS","3","true","true","41.4658222","-73.40320278"
"012035055","","USGS","POOTATUCK RIVER AT BERKSHIRE","CONUS","3","true","true","41.4065472","-73.2731833"
"01203805","HKVC3","USGS","WEEKEEPEEMEE RIVER AT HOTCHKISSVILLE, CT","CONUS","3","true","true","41.5577083","-73.21535278"
"01208990","","USGS","SAUGATUCK RIVER NEAR REDDING, CT","CONUS","3","true","true","41.29454","-73.39512029"
"RCS","","CADWR","","CONUS","3","false","true","38.7986679077148","-121.72566986084"
"01330000","GLWN6","USGS","GLOWEGEE CREEK AT WEST MILTON NY","CONUS","3","true","true","43.03080556","-73.9275833"
"01333000","GRWM3","USGS","GREEN RIVER AT WILLIAMSTOWN, MA","CONUS","3","true","true","42.70886815","-73.1967511"
"01343060","WMRN6","USGS","WEST CANADA CREEK NEAR WILMURT NY","CONUS","3","true","true","43.3661111","-74.95777778"
"02DC012","","ENVCA","","CONUS","3","false","true","46.97139","-80.46333"
"01321000","HOPN6","USGS","SACANDAGA RIVER NEAR HOPE NY","CONUS","3","true","true","43.3534722","-74.2684722"
"01350000","PTVN6","USGS","SCHOHARIE CREEK AT PRATTSVILLE NY","CONUS","3","true","true","42.31944444","-74.4366667"
"01350035","BEAN6","USGS","BEAR KILL NEAR PRATTSVILLE NY","CONUS","3","true","true","42.33805556","-74.4516667"
"01350080","MNRN6","USGS","MANOR KILL AT WEST CONESVILLE NEAR GILBOA NY","CONUS","3","true","true","42.37694444","-74.4130556"
"01350140","MKLN6","USGS","MINE KILL NEAR NORTH BLENHEIM NY","CONUS","3","true","true","42.42888889","-74.4730556"
"01362200","ALAN6","USGS","ESOPUS CREEK AT ALLABEN NY","CONUS","3","true","true","42.11694444","-74.38027778"
"0136230002","WDLN6","USGS","WOODLAND CREEK ABOVE MOUTH AT PHOENICIA NY","CONUS","3","true","true","42.0797222","-74.3345833"
"01372500","WAPN6","USGS","WAPPINGER CREEK NEAR WAPPINGERS FALLS NY","CONUS","3","true","true","41.65305556","-73.8725"
"0137449480","PUTN6","USGS","EAST BRANCH CROTON RIVER NEAR PUTNAM LAKE NY","CONUS","3","true","true","41.44725","-73.5560833"
"01374559","RVLN6","USGS","WEST BRANCH CROTON RIVER AT RICHARDSVILLE NY","CONUS","3","true","true","41.4704722","-73.7595833"
"01374781","SLCN6","USGS","TITICUS RIVER BELOW JUNE ROAD AT SALEM CENTER NY","CONUS","3","true","true","41.3273611","-73.5914722"
"01374890","XRVN6","USGS","CROSS RIVER NEAR CROSS RIVER NY","CONUS","3","true","true","41.2602222","-73.6018611"
"01362497","BCFN6","USGS","LITTLE BEAVER KILL AT BEECHFORD NEAR MT TREMPER NY","CONUS","3","true","true","42.01944444","-74.26638889"
"01363382","BKWN6","USGS","BUSH KILL BLW MALTBY HOLLOW BK AT WEST SHOKAN NY","CONUS","3","true","true","41.96555556","-74.2930556"
"01365000","LWSN6","USGS","RONDOUT CREEK NEAR LOWES CORNERS NY","CONUS","3","true","true","41.86638889","-74.4872222"
"01379000","MILN4","USGS","Passaic River near Millington NJ","CONUS","3","true","true","40.68","-74.52888889"
"01381400","WHPN4","USGS","Whippany River near Morristown NJ","CONUS","3","true","true","40.8122222","-74.5119444"
"01384500","RWCN4","USGS","Ringwood Creek near Wanaque NJ","CONUS","3","true","true","41.1272222","-74.2658333"
"01390450","SADN4","USGS","Saddle River at Upper Saddle River NJ","CONUS","3","true","true","41.0586111","-74.0955556"
"01387450","SUFN6","USGS","Mahwah River near Suffern NY","CONUS","3","true","true","41.1411111","-74.1161111"
"01387500","MAWN4","USGS","Ramapo River near Mahwah NJ","CONUS","3","true","true","41.09805556","-74.16277778"
"01400000","RRTN4","USGS","North Branch Raritan River near Raritan NJ","CONUS","3","true","true","40.57055556","-74.6791667"
"01397000","STTN4","USGS","South Branch Raritan River at Stanton NJ","CONUS","3","true","true","40.5722222","-74.8680556"
"01409810","JENN4","USGS","West Branch Wading River near Jenkins NJ","CONUS","3","true","true","39.68805556","-74.5480556"
"01403900","MDSN4","USGS","Bound Brook at Middlesex NJ","CONUS","3","true","true","40.585","-74.50777778"
"01413408","DRYN6","USGS","DRY BROOK AT ARKVILLE","CONUS","3","true","true","42.14666667","-74.6233333"
"01414000","PLTN6","USGS","PLATTE KILL AT DUNRAVEN NY","CONUS","3","true","true","42.13305556","-74.6955556"
"01414500","DUNN6","USGS","MILL BROOK NEAR DUNRAVEN NY","CONUS","3","true","true","42.1061111","-74.7305556"
"01415000","TPKN6","USGS","TREMPER KILL NEAR ANDES NY","CONUS","3","true","true","42.12","-74.8186111"
"01421618","HTBN6","USGS","TOWN BROOK SOUTHEAST OF HOBART NY","CONUS","3","true","true","42.3611111","-74.6622222"
"01421900","DELN6","USGS","WEST BRANCH DELAWARE RIVER UPSTREAM FROM DELHI NY","CONUS","3","true","true","42.28027778","-74.9072222"
"01422500","LDWN6","USGS","LITTLE DELAWARE RIVER NEAR DELHI NY","CONUS","3","true","true","42.25238889","-74.9010556"
"01423000","WALN6","USGS","WEST BRANCH DELAWARE RIVER AT WALTON NY","CONUS","3","true","true","42.1661111","-75.14002778"
"0142400103","TRCN6","USGS","TROUT CREEK NEAR TROUT CREEK NY","CONUS","3","true","true","42.1735833","-75.2794444"
"02CF011","","ENVCA","","CONUS","3","false","true","46.68544","-81.00925"
"01411300","TUKN4","USGS","Tuckahoe River at Head of River NJ","CONUS","3","true","true","39.30694444","-74.8205556"
"01434017","EBNN6","USGS","EAST BRANCH NEVERSINK RIVER NEAR CLARYVILLE NY","CONUS","3","true","true","41.92527778","-74.54027778"
"02AD010","","ENVCA","","CONUS","3","false","true","49.60278","-87.96389"
"01439500","SHOP1","USGS","Bush Kill at Shoemakers, PA","CONUS","3","true","true","41.08815078","-75.03767469"
"01440400","ALKP1","USGS","Brodhead Creek near Analomink, PA","CONUS","3","true","true","41.0848148","-75.2146251"
"01447720","TBYP1","USGS","Tobyhanna Creek near Blakeslee, PA","CONUS","3","true","true","41.08472426","-75.6054522"
"01451800","SNVP1","USGS","Jordan Creek near Schnecksville, PA","CONUS","3","true","true","40.66176219","-75.626854"
"01464000","TACN4","USGS","Assunpink Creek at Trenton NJ","CONUS","3","true","true","40.22416667","-74.7491667"
"01465500","LNGP1","USGS","Neshaminy Creek near Langhorne, PA","CONUS","3","true","true","40.1739982","-74.9568342"
"01471875","SPGP1","USGS","Manatawny Creek near Spangsville, PA","CONUS","3","true","true","40.339538","-75.7421359"
"01473000","GRAP1","USGS","Perkiomen Creek at Graterford, PA","CONUS","3","true","true","40.22954725","-75.451567"
"01470500","BREP1","USGS","Schuylkill River at Berne, PA","CONUS","3","true","true","40.5225932","-75.99826819"
"01478245","SKVP1","USGS","White Clay Creek near Strickersville, PA","CONUS","3","true","true","39.7475","-75.7708333"
"01481000","CDFP1","USGS","Brandywine Creek at Chadds Ford, PA","CONUS","3","true","true","39.8698328","-75.5932623"
"01487000","BGLD1","USGS","NANTICOKE RIVER NEAR BRIDGEVILLE, DE","CONUS","3","true","true","38.7283333","-75.5618611"
"01490000","CMCM2","USGS","CHICAMACOMICO RIVER NEAR SALEM, MD","CONUS","3","true","true","38.51166667","-75.8799167"
"01491000","GNBM2","USGS","CHOPTANK RIVER NEAR GREENSBORO, MD","CONUS","3","true","true","38.99719444","-75.7858056"
"01492500","","USGS","SALLIE HARRIS CREEK NEAR CARMICHAEL, MD","CONUS","3","true","true","38.96488889","-76.1088333"
"01493500","KENM2","USGS","MORGAN CREEK NEAR KENNEDYVILLE, MD","CONUS","3","true","true","39.28002778","-76.0145556"
"01502500","RCKN6","USGS","UNADILLA RIVER AT ROCKDALE NY","CONUS","3","true","true","42.37777778","-75.4061111"
"01485500","NSWM2","USGS","NASSAWANGO CREEK NEAR SNOW HILL, MD","CONUS","3","true","true","38.22891667","-75.4714444"
"01516500","MBGP1","USGS","Corey Creek near Mainesburg, PA","CONUS","3","true","true","41.79090746","-77.0146877"
"01518862","WFDP1","USGS","Cowanesque River at Westfield, PA","CONUS","3","true","true","41.92312576","-77.5319298"
"01525981","ADNN6","USGS","TUSCARORA CREEK ABOVE SOUTH ADDISON NY","CONUS","3","true","true","42.0722222","-77.29888889"
"01527500","AVCN6","USGS","COHOCTON RIVER AT AVOCA NY","CONUS","3","true","true","42.41105556","-77.4263611"
"01532000","MONP1","USGS","Towanda Creek near Monroeton, PA","CONUS","3","true","true","41.70757505","-76.4849432"
"01505000","SHBN6","USGS","CHENANGO RIVER AT SHERBURNE NY","CONUS","3","true","true","42.6786111","-75.5105556"
"01509000","CRTN6","USGS","TIOUGHNIOGA RIVER AT CORTLAND NY","CONUS","3","false","true","42.60266667","-76.15938889"
"01539000","FCKP1","USGS","Fishing Creek near Bloomsburg, PA","CONUS","3","true","true","41.07814118","-76.4313333"
"01543000","SRRP1","USGS","Driftwood Br Sinnemahoning Cr at Sterling Run, PA","CONUS","3","true","true","41.4133959","-78.1969524"
"01544500","CRFP1","USGS","Kettle Creek at Cross Fork, PA","CONUS","3","true","true","41.47583829","-77.82580078"
"01545600","RNOP1","USGS","Young Womans Creek near Renovo, PA","CONUS","3","true","true","41.38951168","-77.6908191"
"01547700","BNDP1","USGS","Marsh Creek at Blanchard, PA","CONUS","3","true","true","41.05950916","-77.6058264"
"02EA018","","ENVCA","","CONUS","3","false","true","45.55472","-79.28778"
"01534000","TNKP1","USGS","Tunkhannock Creek near Tunkhannock, PA","CONUS","3","true","true","41.55841008","-75.89464168"
"01552500","SONP1","USGS","Muncy Creek near Sonestown, PA","CONUS","3","true","true","41.35702418","-76.5346708"
"01555000","PNCP1","USGS","Penns Creek at Penns Creek, PA","CONUS","3","true","true","40.86674917","-77.0483088"
"01556000","WIBP1","USGS","Frankstown Br Juniata River at Williamsburg, PA","CONUS","3","true","true","40.4631283","-78.199732"
"01557500","BLDP1","USGS","Bald Eagle Creek at Tyrone, PA","CONUS","3","true","true","40.6836733","-78.23362439"
"01558000","SPKP1","USGS","Little Juniata River at Spruce Creek, PA","CONUS","3","true","true","40.61256655","-78.1405645"
"01564500","AUGP1","USGS","Aughwick Creek near Three Springs, PA","CONUS","3","true","true","40.21258144","-77.9252764"
"01567500","LYVP1","USGS","Bixler Run near Loysville, PA","CONUS","3","true","true","40.37091615","-77.402209"
"01548500","CEDP1","USGS","Pine Creek at Cedar Run, PA","CONUS","3","true","true","41.52167017","-77.4474547"
"01549500","ENGP1","USGS","Blockhouse Creek near English Center, PA","CONUS","3","true","true","41.47368336","-77.230809"
"01550000","TRLP1","USGS","Lycoming Creek near Trout Run, PA","CONUS","3","true","true","41.41813179","-77.0330238"
"01552000","LOYP1","USGS","Loyalsock Creek at Loyalsockville, PA","CONUS","3","true","true","41.32507836","-76.91246379"
"01580000","RSPM2","USGS","DEER CREEK AT ROCKS, MD","CONUS","3","true","true","39.6299722","-76.4033056"
"01581810","GFHM2","USGS","GUNPOWDER FALLS AT HOFFMANVILLE, MD","CONUS","3","true","true","39.68980556","-76.7814722"
"01586610","MRLM2","USGS","MORGAN RUN NEAR LOUISVILLE, MD","CONUS","3","true","true","39.45188889","-76.9553056"
"01581870","BCKM2","USGS","GEORGES RUN NEAR BECKLEYSVILLE, MD","CONUS","3","true","true","39.62569444","-76.7726111"
"01583500","WRWM2","USGS","WESTERN RUN AT WESTERN RUN, MD","CONUS","3","true","true","39.51077778","-76.6765"
"01591400","GLNM2","USGS","CATTAIL CREEK NEAR GLENWOOD, MD","CONUS","3","true","true","39.2559722","-77.0510556"
"01594526","UPRM2","USGS","WESTERN BRANCH AT UPPER MARLBORO, MD","CONUS","3","true","true","38.8142222","-76.7487222"
"02EB014","","ENVCA","","CONUS","3","false","true","45.31194","-78.98944"
"01601000","HYDP1","USGS","Wills Creek below Hyndman, PA","CONUS","3","true","true","39.81202897","-78.7164072"
"01605500","FKLW2","USGS","SOUTH BRANCH POTOMAC RIVER AT FRANKLIN, WV","CONUS","3","true","true","38.63567247","-79.3378199"
"01606000","CABW2","USGS","N F SOUTH BRANCH POTOMAC RIVER AT CABINS, WV","CONUS","3","true","true","38.9845546","-79.2336508"
"01609000","OLTM2","USGS","TOWN CREEK NEAR OLDTOWN, MD","CONUS","3","true","true","39.5532222","-78.555"
"01611500","GCPW2","USGS","CACAPON RIVER NEAR GREAT CACAPON, WV","CONUS","3","true","true","39.5823158","-78.3097312"
"01613095","HANM2","USGS","TONOLOWAY CREEK NEAR HANCOCK, MD","CONUS","3","true","true","39.7063611","-78.15275"
"01613525","PECM2","USGS","LICKING CREEK AT PECTONVILLE, MD","CONUS","3","true","true","39.67627778","-78.0425278"
"01613900","HFDV2","USGS","HOGUE CREEK NEAR HAYFIELD, VA","CONUS","3","true","true","39.2145479","-78.2880592"
"01615000","BYVV2","USGS","OPEQUON CREEK NEAR BERRYVILLE, VA","CONUS","3","true","true","39.1747222","-78.0783333"
"02BF002","","ENVCA","","CONUS","3","false","true","46.86083","-83.97194"
"01596500","BTNM2","USGS","SAVAGE RIVER NEAR BARTON, MD","CONUS","3","true","true","39.57005556","-79.1019444"
"01599000","WSTM2","USGS","GEORGES CREEK AT FRANKLIN, MD","CONUS","3","true","true","39.49391667","-79.0446944"
"01620500","SKVV2","USGS","NORTH RIVER NEAR STOKESVILLE, VA","CONUS","3","true","true","38.335","-79.2391667"
"01616500","MBGW2","USGS","OPEQUON CREEK NEAR MARTINSBURG, WV","CONUS","3","true","true","39.42371047","-77.9386084"
"01634500","WCCV2","USGS","CEDAR CREEK NEAR WINCHESTER, VA","CONUS","3","true","true","39.0812176","-78.3294486"
"01636690","LVTV2","USGS","PINEY RUN NEAR LOVETTSVILLE, VA","CONUS","3","true","true","39.3108333","-77.7185"
"01638480","TAYV2","USGS","CATOCTIN CREEK AT TAYLORSTOWN, VA","CONUS","3","true","true","39.25510206","-77.5763778"
"01639500","BRUM2","USGS","BIG PIPE CREEK AT BRUCEVILLE, MD","CONUS","3","true","true","39.6123611","-77.2374444"
"01632000","COOV2","USGS","N F SHENANDOAH RIVER AT COOTES STORE, VA","CONUS","3","true","true","38.63706254","-78.852803"
"01632900","NWMV2","USGS","SMITH CREEK NEAR NEW MARKET, VA","CONUS","3","true","true","38.69345016","-78.6427935"
"01643700","MDLV2","USGS","GOOSE CREEK NEAR MIDDLEBURG, VA","CONUS","3","true","true","38.98649818","-77.7966614"
"01644000","LEEV2","USGS","GOOSE CREEK NEAR LEESBURG, VA","CONUS","3","true","true","39.01955309","-77.5774918"
"01645000","DAWM2","USGS","SENECA CREEK AT DAWSONVILLE, MD","CONUS","3","true","true","39.1280833","-77.33577778"
"01649500","","USGS","NORTHEAST BRANCH ANACOSTIA RIVER AT RIVERDALE, MD","CONUS","3","true","true","38.96025","-76.9259722"
"02BC006","","ENVCA","","CONUS","3","false","true","48.16028","-85.730528"
"01653600","PSCM2","USGS","PISCATAWAY CREEK AT PISCATAWAY, MD","CONUS","3","true","true","38.70577778","-76.9661944"
"02BB003","","ENVCA","","CONUS","3","false","true","48.77389","-86.29694"
"02FE008","","ENVCA","","CONUS","3","false","true","43.81278","-81.30695"
"01669000","TPPV2","USGS","PISCATAWAY CREEK NEAR TAPPAHANNOCK, VA","CONUS","3","true","true","37.8770819","-76.900521"
"01669520","DGSV2","USGS","DRAGON SWAMP AT MASCOT, VA","CONUS","3","true","true","37.6337529","-76.6963468"
"01673800","SPTV2","USGS","PO RIVER NEAR SPOTSYLVANIA, VA","CONUS","3","true","true","38.1715215","-77.5947095"
"02011400","BCVV2","USGS","JACKSON RIVER NEAR BACOVA, VA","CONUS","3","true","true","38.04234707","-79.8814439"
"02011460","BKSV2","USGS","BACK CREEK NEAR SUNRISE, VA","CONUS","3","true","true","38.24540129","-79.76866328"
"01662800","LRLV2","USGS","BATTLE RUN NEAR LAUREL MILLS, VA","CONUS","3","true","true","38.65567564","-78.0738869"
"01664000","RENV2","USGS","RAPPAHANNOCK RIVER AT REMINGTON, VA","CONUS","3","true","true","38.53067996","-77.8136045"
"01666500","LOCV2","USGS","ROBINSON RIVER NEAR LOCUST DALE, VA","CONUS","3","true","true","38.32513047","-78.0955557"
"02017500","JCRV2","USGS","JOHNS CREEK AT NEW CASTLE, VA","CONUS","3","true","true","37.5062397","-80.106715"
"02024915","PLRV2","USGS","PEDLAR RIVER AT FOREST ROAD NEAR BUENA VISTA, VA","CONUS","3","true","true","37.6975","-79.2783333"
"02027000","TYLV2","USGS","TYE RIVER NEAR LOVINGSTON, VA","CONUS","3","true","true","37.71541868","-78.981691"
"02027500","PIRV2","USGS","PINEY RIVER AT PINEY RIVER, VA","CONUS","3","true","true","37.7023625","-79.0275254"
"02028500","RKRV2","USGS","ROCKFISH RIVER NEAR GREENFIELD, VA","CONUS","3","true","true","37.86958499","-78.8233543"
"02013000","DLPV2","USGS","DUNLAP CREEK NEAR COVINGTON, VA","CONUS","3","true","true","37.8029022","-80.0470043"
"02014000","PTCV2","USGS","POTTS CREEK NEAR COVINGTON, VA","CONUS","3","true","true","37.72901408","-80.0422802"
"02015700","BPRV2","USGS","BULLPASTURE RIVER AT WILLIAMSVILLE, VA","CONUS","3","true","true","38.19540308","-79.57032338"
"02032640","NFRV2","USGS","N F RIVANNA RIVER NEAR EARLYSVILLE, VA","CONUS","3","true","true","38.1634674","-78.4247323"
"02046000","SNKV2","USGS","STONY CREEK NEAR DINWIDDIE, VA","CONUS","3","true","true","37.0670942","-77.602489"
"02051000","LNBV2","USGS","NORTH MEHERRIN RIVER NEAR LUNENBURG, VA","CONUS","3","true","true","36.9973738","-78.3497182"
"02051500","LAWV2","USGS","MEHERRIN RIVER NEAR LAWRENCEVILLE, VA","CONUS","3","true","true","36.71681395","-77.8316582"
"02053200","POTN7","USGS","POTECASI CREEK NEAR UNION, NC","CONUS","3","true","true","36.3708333","-77.0255556"
"02053800","SHAV2","USGS","S F ROANOKE RIVER NEAR SHAWSVILLE, VA","CONUS","3","true","true","37.1401323","-80.2664328"
"02056900","BLAV2","USGS","BLACKWATER RIVER NEAR ROCKY MOUNT, VA","CONUS","3","true","true","37.0451406","-79.8441993"
"02065500","CUBV2","USGS","CUB CREEK AT PHENIX, VA","CONUS","3","true","true","37.0793112","-78.7636178"
"02069700","NTLV2","USGS","SOUTH MAYO RIVER NEAR NETTLERIDGE, VA","CONUS","3","true","true","36.570971","-80.1294928"
"02070000","NMRV2","USGS","NORTH MAYO RIVER NEAR SPENCER, VA","CONUS","3","true","true","36.56819358","-79.98726539"
"02070500","PRIN7","USGS","MAYO RIVER NEAR PRICE, NC","CONUS","3","true","true","36.53388889","-79.99138889"
"02074500","SDRV2","USGS","SANDY RIVER NEAR DANVILLE, VA","CONUS","3","true","true","36.6195825","-79.5041932"
"02055100","DAEV2","USGS","TINKER CREEK NEAR DALEVILLE, VA","CONUS","3","true","true","37.41763318","-79.9353193"
"0208111310","WNDN7","USGS","CASHIE RIVER AT SR1257 NEAR WINDSOR, NC","CONUS","3","true","true","36.04777778","-76.9841667"
"02081500","TRVN7","USGS","TAR RIVER NEAR TAR RIVER, NC","CONUS","3","true","true","36.19416667","-78.5830556"
"02082770","SWIN7","USGS","SWIFT CREEK AT HILLIARDSTON, NC","CONUS","3","true","true","36.1122222","-77.92"
"02084160","SIMN7","USGS","CHICOD CR AT SR1760 NEAR SIMPSON, NC","CONUS","3","true","true","35.56166667","-77.2308333"
"02077200","LSBN7","USGS","HYCO CREEK NEAR LEASBURG, NC","CONUS","3","true","true","36.39777778","-79.1966667"
"02079640","ALKV2","USGS","ALLEN CREEK NEAR BOYDTON, VA","CONUS","3","true","true","36.67958589","-78.326664"
"02091000","NAHN7","USGS","NAHUNTA SWAMP NEAR SHINE, NC","CONUS","3","true","true","35.48888889","-77.8061111"
"02AB021","","ENVCA","","CONUS","3","false","true","48.5625","-89.24084"
"02087359","WALN7","USGS","WALNUT CREEK AT SUNNYBROOK DRIVE NR RALEIGH, NC","CONUS","3","true","true","35.7583333","-78.5830556"
"0209399200","HPNN7","USGS","HORSEPEN CREEK AT US 220 NR GREENSBORO, NC","CONUS","3","true","true","36.13777778","-79.86"
"02095000","SBCN7","USGS","SOUTH BUFFALO CR NEAR GREENSBORO, NC","CONUS","3","true","true","36.06","-79.7258333"
"02092500","TNTN7","USGS","TRENT RIVER NEAR TRENTON, NC","CONUS","3","true","true","35.06416667","-77.46138889"
"02111180","EKVN7","USGS","ELK CREEK AT ELKVILLE, NC","CONUS","3","true","true","36.07138889","-81.4030556"
"02111500","REDN7","USGS","REDDIES RIVER AT NORTH WILKESBORO, NC","CONUS","3","true","true","36.175","-81.16888889"
"02118500","HUNN7","USGS","HUNTING CREEK NEAR HARMONY, NC","CONUS","3","true","true","36.00055556","-80.7455556"
"02110500","LNGS1","USGS","WACCAMAW RIVER NEAR LONGS, SC","CONUS","3","true","true","33.9126719","-78.7150175"
"0212467595","INDN7","USGS","GOOSE CREEK AT SR1525 NR INDIAN TRAIL, NC","CONUS","3","true","true","35.125","-80.6027778"
"02128000","","USGS","LITTLE RIVER NEAR STAR, NC","CONUS","3","true","true","35.3872222","-79.83138889"
"02BA003","","ENVCA","","CONUS","3","false","true","48.84917","-86.60722"
"02140991","JOHN7","USGS","JOHNS RIVER AT ARNEYS STORE, NC","CONUS","3","true","true","35.8336111","-81.7119444"
"02142000","ELLN7","USGS","LOWER LITTLE RIVER NR ALL HEALING SPRINGS, NC","CONUS","3","true","true","35.94555556","-81.2369444"
"0214269560","KILN7","USGS","KILLIAN CREEK NEAR MARIPOSA, NC","CONUS","3","true","true","35.43416667","-81.03"
"02143000","HNRN7","USGS","HENRY FORK NEAR HENRY RIVER, NC","CONUS","3","true","true","35.68444444","-81.4033333"
"02143040","JFON7","USGS","JACOB FORK AT RAMSEY, NC","CONUS","3","true","true","35.59055556","-81.5669444"
"02137727","PLGN7","USGS","CATAWBA R NR PLEASANT GARDENS, NC","CONUS","3","true","true","35.6858333","-82.0602778"
"02ED003","","ENVCA","","CONUS","3","false","true","44.24972","-79.82139"
"021459367","BDMS1","USGS","BIG DUTCHMAN CREEK AT ROCK HILL, SC","CONUS","3","true","true","34.9868083","-81.00833889"
"02147500","RKYS1","USGS","ROCKY CREEK AT GREAT FALLS, SC","CONUS","3","true","true","34.5654221","-80.9198025"
"02149000","COVN7","USGS","COVE CREEK NEAR LAKE LURE, NC","CONUS","3","true","true","35.4233333","-82.1116667"
"02152100","CSRN7","USGS","FIRST BROAD RIVER NEAR CASAR, NC","CONUS","3","true","true","35.49305556","-81.6822222"
"02157470","","USGS","MIDDLE TYGER RIVER NEAR GRAMLING, SC","CONUS","3","true","true","35.03888889","-82.2186111"
"02160381","DURS1","USGS","DURBIN CREEK ABOVE FOUNTAIN INN, SC","CONUS","3","true","true","34.71678818","-82.1737222"
"02AC001","","ENVCA","","CONUS","3","false","true","48.82195","-88.53528"
"021652801","NRBS1","USGS","NORTH RABON CREEK NEAR HICKORY TAVERN, SC","CONUS","3","true","true","34.525","-82.1383333"
"02167450","SILS1","USGS","LITTLE RIVER NR SILVERSTREET, SC","CONUS","3","true","true","34.20957949","-81.7631659"
"02FA004","","ENVCA","","CONUS","3","false","true","44.53556","-81.17778"
"02177000","CYNG1","USGS","CHATTOOGA RIVER NEAR CLAYTON, GA","CONUS","3","true","true","34.81377778","-83.3063611"
"02178400","TRTG1","USGS","TALLULAH RIVER NEAR CLAYTON, GA","CONUS","3","true","true","34.8899722","-83.53063889"
"02FF007","","ENVCA","","CONUS","3","false","true","43.55139","-81.58945"
"02193340","KETG1","USGS","KETTLE CREEK NEAR WASHINGTON, GA","CONUS","3","true","true","33.68266667","-82.8585"
"02196000","MODS1","USGS","STEVENS CREEK NEAR MODOC, SC","CONUS","3","true","true","33.72929717","-82.1817873"
"02198100","SARG1","USGS","BEAVERDAM CREEK NEAR SARDIS, GA","CONUS","3","true","true","32.9375","-81.8153333"
"02198690","EBZG1","USGS","EBENEZER CREEK AT SPRINGFIELD, GA","CONUS","3","true","true","32.36577778","-81.2970833"
"02FB007","","ENVCA","","CONUS","3","false","true","44.52222","-80.93027"
"02202600","BLIG1","USGS","BLACK CREEK NEAR BLITCHTON, GA","CONUS","3","true","true","32.16755556","-81.48775"
"02204130","HONG1","USGS","HONEY CREEK AT GA 212, NEAR CONYERS, GA","CONUS","3","true","true","33.57975","-84.06425"
"02207385","BIGG1","USGS","BIG HAYNES CREEK AT LENORA ROAD, NR SNELLVILLE, GA","CONUS","3","true","true","33.81527778","-83.99013889"
"02208150","ALCG1","USGS","ALCOVY RIVER AT NEW HOPE ROAD, NEAR GRAYSON, GA","CONUS","3","true","true","33.91694444","-83.8880556"
"02FD001","","ENVCA","","CONUS","3","false","true","44.09472","-81.72583"
"02215100","TSCG1","USGS","TUCSAWHATCHEE CREEK NEAR HAWKINSVILLE, GA","CONUS","3","true","true","32.2401111","-83.5018333"
"02216180","MCRG1","USGS","TURNPIKE CREEK NEAR MCRAE, GA","CONUS","3","true","true","31.99138889","-82.9219444"
"02217475","ACDG1","USGS","MIDDLE OCONEE RIVER NEAR ARCADE, GA","CONUS","3","true","true","34.03180556","-83.5630833"
"02219000","BWKG1","USGS","APALACHEE RIVER NEAR BOSTWICK, GA","CONUS","3","true","true","33.7878611","-83.47425"
"02212600","FALG1","USGS","FALLING CREEK NEAR JULIETTE, GA","CONUS","3","true","true","33.10030556","-83.7231667"
"02228500","MNIG1","USGS","NORTH PRONG ST. MARYS RIVER AT MONIAC, GA","CONUS","3","true","true","30.51773125","-82.2303954"
"02231342","FTCF1","USGS","FT DRUM CREEK AT SUNSHINE ST PKY NEAR FT DRUM, FL","CONUS","3","true","true","27.5686473","-80.7961709"
"02235200","CASF1","USGS","BLACKWATER CREEK NEAR CASSIA, FL","CONUS","3","true","true","28.87444444","-81.4897222"
"02247510","THHF1","USGS","TOMOKA RIVER NEAR HOLLY HILL, FL","CONUS","3","true","true","29.21748099","-81.1086687"
"02GB007","","ENVCA","","CONUS","3","false","true","43.1474","-80.1546"
"02266480","DACF1","USGS","DAVENPORT CREEK NEAR LOUGHMAN, FL","CONUS","3","true","true","28.271123","-81.5909074"
"02GG003","","ENVCA","","CONUS","3","false","true","42.65055","-82.00833"
"02298123","FOGF1","USGS","PRAIRIE CREEK NEAR FORT OGDEN FL","CONUS","3","true","true","27.05199986","-81.7845267"
"02298488","MYKF1","USGS","MYAKKA RIVER UPST FROM YOUNGS CK NR MYAKKA CITY FL","CONUS","3","true","true","27.4292084","-82.1386997"
"02299472","BNPF1","USGS","BIG SLOUGH AT WEST PRICE BLVD NEAR NORTH PORT FL","CONUS","3","true","true","27.06933333","-82.2203333"
"02296500","GDRF1","USGS","CHARLIE CREEK NEAR GARDNER FL","CONUS","3","true","true","27.37504297","-81.7964708"
"02297155","HORF1","USGS","HORSE CREEK NEAR MYAKKA HEAD FL","CONUS","3","true","true","27.4872613","-82.0234197"
"02299950","MKHF1","USGS","MANATEE RIVER AT SR 64 NEAR MYAKKA HEAD, FL","CONUS","3","true","true","27.47365137","-82.211201"
"02300700","WMMF1","USGS","BULLFROG CREEK NEAR WIMAUMA FL","CONUS","3","true","true","27.79197208","-82.3520369"
"02303350","TCKF1","USGS","TROUT CREEK NEAR SULPHUR SPRINGS FL","CONUS","3","true","true","28.1347222","-82.3619444"
"02303420","WRGF1","USGS","CYPRESS CREEK AT SR 54 AT WORTHINGTON GARDENS, FL","CONUS","3","true","true","28.1872222","-82.4022222"
"02GH002","","ENVCA","","CONUS","3","false","true","42.21139","-82.62917"
"02307359","TSGF1","USGS","BROOKER CREEK NEAR TARPON SPRINGS FL","CONUS","3","true","true","28.09643229","-82.6871441"
"02310525","","USGS","WEEKI WACHEE RIVER NEAR BROOKSVILLE FL","CONUS","3","true","true","28.51888454","-82.5823215"
"02310947","CUMF1","USGS","WITHLACOOCHEE RIVER NEAR CUMPRESSCO, FL","CONUS","3","true","true","28.31195156","-82.05591468"
"02312200","RERF1","USGS","LITTLE WITHLACOOCHEE RIVER AT RERDELL, FL","CONUS","3","true","true","28.57277286","-82.155363"
"023177483","VDSG1","USGS","WITHLACOOCHEE R AT SKIPPER BRIDGE RD,NR BEMISS, GA","CONUS","3","false","true","30.94908333","-83.2718333"
"02324000","STEF1","USGS","STEINHATCHEE RIVER NEAR CROSS CITY, FLA.","CONUS","3","true","true","29.78661294","-83.3215262"
"02324400","FOLF1","USGS","FENHOLLOWAY RIVER NEAR FOLEY, FLA.","CONUS","3","true","true","30.09827057","-83.4718112"
"02326000","ECOF1","USGS","ECONFINA RIVER NEAR PERRY, FLA.","CONUS","3","true","true","30.17076448","-83.8237679"
"02320700","GRMF1","USGS","SANTA FE RIVER NEAR GRAHAM, FLA.","CONUS","3","true","true","29.84635394","-82.2195493"
"02321000","NRBF1","USGS","NEW RIVER NR LAKE BUTLER FLA","CONUS","3","true","true","29.9982954","-82.2739992"
"02327100","SOPF1","USGS","SOPCHOPPY RIVER NR SOPCHOPPY, FLA.","CONUS","3","true","true","30.12936856","-84.4943482"
"02330400","SNWF1","USGS","NEW RIVER NEAR SUMATRA, FLA","CONUS","3","true","true","30.03624444","-84.8433"
"02330450","HDCG1","USGS","CHATTAHOOCHEE RIVER AT HELEN, GA","CONUS","3","true","true","34.7009722","-83.72925"
"02331000","CTHG1","USGS","CHATTAHOOCHEE RIVER NEAR LEAF, GA","CONUS","3","true","true","34.5770833","-83.6360278"
"02335580","CMGG1","USGS","BIG CREEK AT GA 9, NEAR CUMMING, GA","CONUS","3","true","true","34.15591667","-84.2187222"
"02335870","MARG1","USGS","SOPE CREEK NEAR MARIETTA, GA","CONUS","3","true","true","33.95388889","-84.4433333"
"02336120","NPBG1","USGS","N.F. PEACHTREE CREEK, BUFORD HWY, NEAR ATLANTA, GA","CONUS","3","true","true","33.83155556","-84.3427778"
"02336152","SFPG1","USGS","SOUTH FORK PEACHTREE AT CASA DR, NR CLARKSTON, GA","CONUS","3","true","true","33.81044444","-84.2479722"
"02GC002","","ENVCA","","CONUS","3","false","true","42.77778","-81.21416"
"02336910","NATG1","USGS","SWEETWATER CR 0.05 MI US RR BRIDGE AT AUSTELL, GA","CONUS","3","true","true","33.81777778","-84.65"
"02336968","NOSG1","USGS","NOSES CREEK AT POWDER SPRINGS RD,POWDER SPRINGS,GA","CONUS","3","true","true","33.85925","-84.65275"
"02338523","HILG1","USGS","HILLABAHATCHEE CREEK AT THAXTON RD, NR FRANKLIN,GA","CONUS","3","true","true","33.3407222","-85.2267222"
"02339495","LANA1","USGS","OSELIGEE CREEK NEAR LANETT AL","CONUS","3","true","true","32.9015159","-85.1963308"
"02336526","PRCG1","USGS","PROCTOR CREEK AT JACKSON PARKWAY, AT ATLANTA, GA","CONUS","3","true","true","33.7944722","-84.4741944"
"02343940","CEDG1","USGS","SAWHATCHEE CREEK AT CEDAR SPRINGS, GA","CONUS","3","true","true","31.18083333","-85.0436111"
"02344620","SHPG1","USGS","SHOAL CREEK AT GA54, NEAR SHARPSBURG, GA","CONUS","3","true","true","33.38916667","-84.6247222"
"02349900","BVLG1","USGS","TURKEY CREEK AT BYROMVILLE, GA","CONUS","3","true","true","32.19555556","-83.9022222"
"02350600","PRSG1","USGS","KINCHAFOONEE CREEK AT PRESTON, GA","CONUS","3","true","true","32.0525","-84.5483333"
"02HL005","","ENVCA","","CONUS","3","false","true","44.49972","-77.61833"
"02342850","UNIG1","USGS","HANNAHATCHEE CREEK AT UNION ROAD, AT UNION, GA","CONUS","3","true","true","32.1527222","-84.9059167"
"02361000","NEWA1","USGS","CHOCTAWHATCHEE RIVER NEAR NEWTON, AL.","CONUS","3","true","true","31.3429492","-85.6104912"
"02362240","LDBA1","USGS","LITTLE DOUBLE BRIDGES CREEK NR ENTERPRISE, AL.","CONUS","3","true","true","31.27239318","-85.9582737"
"02363000","ARTA1","USGS","PEA RIVER NEAR ARITON AL","CONUS","3","true","true","31.59488716","-85.7829975"
"02365470","WRTF1","USGS","WRIGHTS CREEK AT SH 177-A NR BONIFAY,FL","CONUS","3","true","true","30.8571301","-85.7621545"
"02369800","BRDA1","USGS","BLACKWATER RIVER NEAR BRADLEY AL","CONUS","3","true","true","31.02767985","-86.7099567"
"02370500","MLNF1","USGS","BIG COLDWATER CREEK NR MILTON, FLA.","CONUS","3","true","true","30.70852375","-86.972186"
"02371500","BRNA1","USGS","CONECUH RIVER AT BRANTLEY AL","CONUS","3","true","true","31.57349458","-86.2516226"
"02373000","UPBA1","USGS","SEPULGA RIVER NEAR MCKENZIE AL","CONUS","3","true","true","31.4537758","-86.7869139"
"02374500","EVMA1","USGS","MURDER CREEK NEAR EVERGREEN AL","CONUS","3","true","true","31.41850006","-86.9866403"
"02374745","BCNA1","USGS","BURNT CORN CREEK AT STATE HWY 41 NEAR BREWTON, AL.","CONUS","3","true","true","31.1298991","-87.0871928"
"02374950","STNA1","USGS","BIG ESCAMBIA CR AT SARDINE BR NR STANLEY CROSSROAD","CONUS","3","true","true","31.12962115","-87.3705353"
"02378170","WLFA1","USGS","WOLF CREEK BELOW FOLEY, ALA","CONUS","3","true","true","30.3882541","-87.652763"
"02365769","BREF1","USGS","BRUCE CREEK AT SH 81 NR REDBAY, FL","CONUS","3","true","true","30.6246363","-85.9424358"
"02366000","VRNF1","USGS","HOLMES CREEK AT VERNON, FLA.","CONUS","3","true","true","30.62685899","-85.7121531"
"02366996","ALQF1","USGS","ALAQUA CREEK NEAR PLEASANT RIDGE, FL","CONUS","3","true","true","30.66908","-86.1866092"
"02387600","OTKG1","USGS","OOTHKALOOGA CREEK AT GA 53 SPUR, AT CALHOUN, GA","CONUS","3","true","true","34.4948611","-84.9654167"
"02390000","DONG1","USGS","AMICALOLA CREEK NEAR DAWSONVILLE, GA.","CONUS","3","true","true","34.42627778","-84.2125278"
"02390140","FREG1","USGS","SETTINGDOWN CREEK NEAR BALL GROUND, GA","CONUS","3","true","true","34.29316667","-84.2635556"
"02HM010","","ENVCA","","CONUS","3","false","true","44.48611","-76.99306"
"02395120","KTRG1","USGS","TWO RUN CREEK NEAR KINGSTON, GA","CONUS","3","true","true","34.24277778","-84.8897222"
"02400680","BGWA1","USGS","BIG WILLS CREEK AT STATE HWY 35 NR FORT PAYNE, AL","CONUS","3","true","true","34.43814386","-85.7671907"
"02392975","NOOG1","USGS","NOONDAY CREEK AT SHALLOWFORD ROAD, NR WOODSTOCK,GA","CONUS","3","true","true","34.0683333","-84.5355556"
"02415000","HILA1","USGS","HILLABEE CREEK NEAR HACKNEYVILLE AL","CONUS","3","true","true","33.06539786","-85.8780186"
"02418760","CHWA1","USGS","CHEWACLA CREEK AT CHEWACLA STATE PARK NR AUBURN","CONUS","3","true","true","32.5481918","-85.4805044"
"02421000","CATA1","USGS","CATOMA CREEK NEAR MONTGOMERY AL","CONUS","3","false","true","32.30736239","-86.2994126"
"02422500","JONA1","USGS","MULBERRY CREEK AT JONES AL","CONUS","3","true","true","32.5829103","-86.9035991"
"02423130","TRSA1","USGS","CAHABA RIVER AT TRUSSVILLE, AL.","CONUS","3","true","true","33.62232504","-86.599431"
"02408540","ROCA1","USGS","HATCHET CREEK BELOW ROCKFORD AL","CONUS","3","true","true","32.9168292","-86.2702519"
"02427250","SNOA1","USGS","PINE BARREN CREEK NEAR SNOW HILL, AL.","CONUS","3","true","true","31.99629727","-87.0683313"
"02430085","MORM6","USGS","RED BUD CREEK NR MOORES MILL, MS","CONUS","3","true","true","34.46666667","-88.2836111"
"02430880","CUMM6","USGS","CUMMINGS CREEK NR FULTON, MS","CONUS","3","true","true","34.30444444","-88.3711111"
"02423400","JPKA1","USGS","LITTLE CAHABA RIVER NR JEFFERSON PARK, AL.","CONUS","3","true","true","33.4998273","-86.6141521"
"02448900","BDKA1","USGS","BODKA CREEK NEAR GEIGER, AL.","CONUS","3","true","true","32.80707585","-88.3119761"
"02450250","GRAA1","USGS","SIPSEY FORK NEAR GRAYSON AL","CONUS","3","true","true","34.28537757","-87.3989084"
"02453000","MCHA1","USGS","BLACKWATER CREEK NEAR MANCHESTER AL","CONUS","3","true","true","33.90843985","-87.2569514"
"02455980","TKYA1","USGS","TURKEY CREEK AT SEWAGE PLANT NEAR PINSON AL","CONUS","3","true","true","33.71121273","-86.6961013"
"02457595","REPA1","USGS","FIVEMILE CREEK NEAR REPUBLIC, AL","CONUS","3","true","true","33.5970492","-86.8680483"
"02438000","HMTA1","USGS","BUTTAHATCHEE RIVER BELOW HAMILTON AL","CONUS","3","true","true","34.10621294","-87.9894765"
"02465493","ELLA1","USGS","ELLIOTTS CREEK AT MOUNDVILLE AL","CONUS","3","true","true","32.99734636","-87.6222295"
"02467500","LVNA1","USGS","SUCARNOOCHEE RIVER AT LIVINGSTON AL","CONUS","3","true","true","32.57374714","-88.1933589"
"02469800","SATA1","USGS","SATILPA CREEK NEAR COFFEEVILLE AL","CONUS","3","true","true","31.7443247","-88.0225066"
"02470072","BASA1","USGS","BASSETT CREEK AT US HIGHWAY 43 NR THOMASVILLE, AL.","CONUS","3","true","true","31.8640785","-87.7472402"
"02472000","CLSM6","USGS","LEAF RIVER NR COLLINS, MS","CONUS","3","true","true","31.70694444","-89.4069444"
"02472500","HBGM6","USGS","BOUIE CREEK NR HATTIESBURG, MS","CONUS","3","true","true","31.42583333","-89.4147222"
"02472850","OKCM6","USGS","OKATOMA CREEK AT SANFORD, MS","CONUS","3","true","true","31.48916667","-89.4333333"
"02HC025","","ENVCA","","CONUS","3","false","true","43.81139","-79.62778"
"02464000","SAMA1","USGS","NORTH RIVER NEAR SAMANTHA AL","CONUS","3","true","true","33.47928058","-87.5972297"
"02479155","JNCM6","USGS","CYPRESS CREEK NR JANICE, MS","CONUS","3","true","true","31.02527778","-89.0166667"
"02479300","VESM6","USGS","RED CREEK AT VESTRY, MS","CONUS","3","true","true","30.7361111","-88.7811111"
"02479560","","USGS","ESCATAWPA RIVER NEAR AGRICOLA MS","CONUS","3","true","true","30.8118552","-88.4586274"
"02479945","WILA1","USGS","BIG CREEK AT COUNTY RD 63 NEAR WILMER, AL.","CONUS","3","true","true","30.85601968","-88.3338988"
"02481000","BLWM6","USGS","BILOXI RIVER AT WORTHAM, MS","CONUS","3","true","true","30.5586111","-89.1219444"
"02481510","LNDM6","USGS","WOLF RIVER NR LANDON, MS","CONUS","3","true","true","30.4836111","-89.2744444"
"02481880","PLAM6","USGS","PEARL RIVER AT BURNSIDE, MS","CONUS","3","true","true","32.84138889","-89.0977778"
"03010820","OLNN6","USGS","ALLEGHENY RIVER AT OLEAN NY","CONUS","3","true","true","42.0723611","-78.4508611"
"03011800","GUFP1","USGS","Kinzua Creek near Guffey, PA","CONUS","3","true","true","41.76645099","-78.71863999"
"03015500","YVLP1","USGS","Brokenstraw Creek at Youngsville, PA","CONUS","3","true","true","41.8525587","-79.3172708"
"03021350","WTTP1","USGS","French Creek near Wattsburg, PA","CONUS","3","true","true","42.015332","-79.7825507"
"03029000","RDYP1","USGS","Clarion River at Ridgway, PA","CONUS","3","true","true","41.4208946","-78.7358612"
"03032500","SNCP1","USGS","Redbank Creek at St. Charles, PA","CONUS","3","true","true","40.9945093","-79.3942088"
"02HB029","","ENVCA","","CONUS","3","false","true","43.58236","-79.70811"
"03028000","WCXP1","USGS","West Branch Clarion River at Wilcox, PA","CONUS","3","true","true","41.57533955","-78.69224919"
"03050000","DLYW2","USGS","TYGART VALLEY RIVER NEAR DAILEY, WV","CONUS","3","true","true","38.809275","-79.8817342"
"03052000","ADRW2","USGS","MIDDLE FORK RIVER AT AUDRA, WV","CONUS","3","true","true","39.03954454","-80.0681352"
"03052500","SNFW2","USGS","SAND RUN NEAR BUCKHANNON, WV","CONUS","3","true","true","38.96398938","-80.1525806"
"03042000","JOSP1","USGS","Blacklick Creek at Josephine, PA","CONUS","3","true","true","40.4770127","-79.1867009"
"03045000","KINP1","USGS","Loyalhanna Creek at Kingston, PA","CONUS","3","true","true","40.29257045","-79.340591"
"03065000","HENW2","USGS","DRY FORK AT HENDRICKS, WV","CONUS","3","true","true","39.07232928","-79.6228373"
"03068800","BOWW2","USGS","SHAVERS FORK BELOW BOWDEN, WV","CONUS","3","true","true","38.91316335","-79.770342"
"03069500","PSNW2","USGS","CHEAT RIVER NEAR PARSONS, WV","CONUS","3","true","true","39.12155556","-79.6755278"
"03070500","ROCW2","USGS","BIG SANDY CREEK AT ROCKVILLE, WV","CONUS","3","true","true","39.62175","-79.7045556"
"03072000","SNPP1","USGS","Dunkard Creek at Shannopin, PA","CONUS","3","true","true","39.7592449","-79.9706152"
"03078000","GNTM2","USGS","CASSELMAN RIVER AT GRANTSVILLE, MD","CONUS","3","true","true","39.70219444","-79.13638889"
"02HD012","","ENVCA","","CONUS","3","false","true","43.99083","-78.32833"
"03075905","CCMM2","USGS","CHERRY CREEK AT STATE PARK ROAD NEAR MCHENRY, MD","CONUS","3","true","true","39.538","-79.3157778"
"03076600","BRCM2","USGS","BEAR CREEK AT FRIENDSVILLE, MD","CONUS","3","true","true","39.65613889","-79.3941111"
"03110830","WIRW2","USGS","KINGS CREEK AT WEIRTON, WV","CONUS","3","true","true","40.4356229","-80.5925723"
"03093000","PHAO1","USGS","Eagle Creek at Phalanx Station OH","CONUS","3","true","true","41.26116735","-80.9542569"
"03114500","LTLW2","USGS","MIDDLE ISLAND CREEK AT LITTLE, WV","CONUS","3","true","true","39.4750762","-80.9970537"
"03115400","LNBO1","USGS","Little Muskingum River at Bloomfield OH","CONUS","3","true","true","39.5631294","-81.2037236"
"02HA006","","ENVCA","","CONUS","3","false","true","43.13361","-79.38333"
"03145483","GRNO1","USGS","Raccoon Creek near Granville OH","CONUS","3","true","true","40.06888889","-82.5516667"
"03149500","CLLO1","USGS","Salt Creek near Chandlersville OH","CONUS","3","true","true","39.9086814","-81.8604105"
"03151400","WLDW2","USGS","LITTLE KANAWHA RIVER NR WILDCAT, WV","CONUS","3","true","true","38.7434337","-80.5253667"
"03154000","RCKW2","USGS","WEST FORK LITTLE KANAWHA RIVER AT ROCKSDALE, WV","CONUS","3","true","true","38.84455556","-81.22338889"
"03141870","LWCO1","USGS","Leatherwood Creek near Kipling OH","CONUS","3","true","true","39.99007179","-81.4956758"
"03144000","FRAO1","USGS","Wakatomika Creek near Frazeysburg OH","CONUS","3","true","true","40.1197222","-82.13638889"
"03161000","JFRN7","USGS","SOUTH FORK NEW RIVER NEAR JEFFERSON, NC","CONUS","3","true","true","36.3933333","-81.4069444"
"03164000","GAXV2","USGS","NEW RIVER NEAR GALAX, VA","CONUS","3","true","true","36.6473497","-80.978969"
"03165000","CCKV2","USGS","CHESTNUT CREEK AT GALAX, VA","CONUS","3","true","true","36.6459613","-80.9192444"
"03173000","BANV2","USGS","WALKER CREEK AT BANE, VA","CONUS","3","true","true","37.26817845","-80.7095125"
"03175500","WOLV2","USGS","WOLF CREEK NEAR NARROWS, VA","CONUS","3","true","true","37.30567654","-80.8497993"
"03177710","BRVV2","USGS","BLUESTONE RIVER AT FALLS MILLS, VA","CONUS","3","true","true","37.27150554","-81.3048227"
"03180500","DRBW2","USGS","GREENBRIER RIVER AT DURBIN, WV","CONUS","3","true","true","38.54372659","-79.833115"
"03159540","SRCO1","USGS","Shade River near Chester OH","CONUS","3","true","true","39.06368935","-81.8818024"
"03183500","ALDW2","USGS","GREENBRIER RIVER AT ALDERSON, WV","CONUS","3","true","true","37.7242874","-80.641468"
"03186500","DYRW2","USGS","WILLIAMS RIVER AT DYER, WV","CONUS","3","true","true","38.37899915","-80.4839737"
"03206600","DUNW2","USGS","EAST FORK TWELVEPOLE CREEK NEAR DUNLOW, WV","CONUS","3","true","true","38.0118333","-82.3059722"
"03207800","BIGV2","USGS","LEVISA FORK AT BIG ROCK, VA","CONUS","3","true","true","37.35371995","-82.1956935"
"03208950","CNRV2","USGS","CRANES NEST RIVER NEAR CLINTWOOD, VA","CONUS","3","true","true","37.1239952","-82.4387614"
"03210000","MTGK2","USGS","JOHNS CREEK NEAR META, KY","CONUS","3","true","true","37.5670444","-82.45792659"
"03201405","HURW2","USGS","HURRICANE CREEK AT HURRICANE, WV","CONUS","3","true","true","38.4453673","-82.0068032"
"03201902","","USGS","Raccoon Creek near Bolins Mills OH","CONUS","3","true","true","39.23055556","-82.2858333"
"03228750","KLBO1","USGS","Alum Creek near Kilbourne OH","CONUS","3","true","true","40.35672806","-82.9215704"
"03212980","BRSW2","USGS","DRY FORK AT BEARTOWN, WV","CONUS","3","true","true","37.39538968","-81.8026142"
"03213500","PANW2","USGS","PANTHER CREEK NEAR PANTHER, WV","CONUS","3","true","true","37.44555556","-81.8711111"
"03237280","","USGS","Upper Twin Creek at McGaw OH","CONUS","3","true","true","38.64368745","-83.21573648"
"03237500","WUNO1","USGS","Ohio Brush Creek near West Union OH","CONUS","3","true","true","38.8036838","-83.4210226"
"03241500","WLFO1","USGS","Massies Creek at Wilberforce OH","CONUS","3","true","true","39.72238889","-83.8823056"
"03230500","DBVO1","USGS","Big Darby Creek at Darbyville OH","CONUS","3","true","true","39.7006176","-83.110187"
"03252300","CREK2","USGS","HINKSTON CREEK NEAR CARLISLE, KY","CONUS","3","true","true","38.2474368","-84.05514979"
"03254550","EDGK2","USGS","BANKLICK CREEK @ HIGHWAY 1829 NR ERLANGER, KY","CONUS","3","true","true","38.98055556","-84.5416667"
"50039995","LCSP4","USGS","","Puerto Rico","4","false","true","18.0783805847168","-66.1074523925781"
"03251200","MTOK2","USGS","NORTH FORK LICKING RIVER NEAR MT OLIVET, KY","CONUS","3","true","true","38.5947955","-84.0202056"
"03271300","KETO1","USGS","Holes Creek near Kettering OH","CONUS","3","true","true","39.6542259","-84.1957722"
"03272700","CMDO1","USGS","Sevenmile Creek at Camden OH","CONUS","3","true","true","39.6292196","-84.6443964"
"03275000","ALPI3","USGS","WHITEWATER RIVER NEAR ALPINE, IN","CONUS","3","true","true","39.5743333","-85.15588889"
"03281100","MCHK2","USGS","GOOSE CREEK AT MANCHESTER, KY","CONUS","3","true","true","37.15203405","-83.7601974"
"03281500","BOOK2","USGS","SOUTH FORK KENTUCKY RIVER AT BOONEVILLE, KY","CONUS","3","true","true","37.47981018","-83.6751923"
"03282040","CRMK2","USGS","STURGEON CREEK AT CRESSMONT, KY","CONUS","3","true","true","37.5006422","-83.8101979"
"03282500","HGRK2","USGS","RED RIVER NEAR HAZEL GREEN, KY","CONUS","3","true","true","37.80925288","-83.45768398"
"03285000","DNVK2","USGS","DIX RIVER NEAR DANVILLE, KY","CONUS","3","true","true","37.6420234","-84.6607768"
"03277130","BVLK2","USGS","MUD LICK CR AT HWY 42 NR BEAVERLICK, KY","CONUS","3","true","true","38.8450635","-84.72077969"
"03277300","WHTK2","USGS","NORTH FORK KENTUCKY RIVER AT WHITESBURG, KY","CONUS","3","true","true","37.11759849","-82.82460429"
"03280700","WTNK2","USGS","CUTSHIN CREEK AT WOOTON, KY","CONUS","3","true","true","37.1650931","-83.3079564"
"03291500","GNCK2","USGS","EAGLE CREEK AT GLENCOE, KY","CONUS","3","true","true","38.7064538","-84.8248089"
"03292474","LYDK2","USGS","GOOSE CREEK AT OLD WESTPORT RD NR ST MATTHEWS, KY","CONUS","3","true","true","38.2759036","-85.606072"
"03300400","MUDK2","USGS","BEECH FORK AT MAUD, KY","CONUS","3","true","true","37.83283985","-85.2960686"
"03302680","SEMI3","USGS","WEST FORK BLUE RIVER AT SALEM, IN","CONUS","3","true","true","38.60533536","-86.0944222"
"03314000","ALVK2","USGS","DRAKES CREEK NEAR ALVATON, KY","CONUS","3","true","true","36.89531974","-86.380546"
"03318800","HSBK2","USGS","CANEY CREEK NEAR HORSE BRANCH, KY","CONUS","3","true","true","37.4639398","-86.6555419"
"03307000","CLBK2","USGS","RUSSELL CREEK NEAR COLUMBIA, KY","CONUS","3","true","true","37.12547797","-85.4040748"
"03328000","NMCI3","USGS","EEL RIVER AT NORTH MANCHESTER, IN","CONUS","3","true","true","40.99455556","-85.7825833"
"03339500","CRWI3","USGS","SUGAR CREEK AT CRAWFORDSVILLE, IN","CONUS","3","true","true","40.05030556","-86.90725"
"03340800","FINI3","USGS","BIG RACCOON CREEK NEAR FINCASTLE, IN","CONUS","3","true","true","39.8125446","-86.9538988"
"03351072","WCRI3","USGS","WILLIAMS CREEK AT 96TH STREET, INDIANAPOLIS, IN","CONUS","3","true","true","39.926984","-86.1722114"
"03346000","OBLI2","USGS","NORTH FORK EMBARRAS RIVER NEAR OBLONG, IL","CONUS","3","true","true","39.01027778","-87.9455556"
"03357330","RCHI3","USGS","BIG WALNUT CREEK NEAR ROACHDALE, IN","CONUS","3","true","true","39.8162678","-86.7539873"
"03364500","CCHI3","USGS","CLIFTY CREEK AT HARTSVILLE, IN","CONUS","3","true","true","39.2747732","-85.7016469"
"03366500","DEPI3","USGS","MUSCATATUCK RIVER NEAR DEPUTY, IN","CONUS","3","true","true","38.80422346","-85.673855"
"03368000","NEBI3","USGS","BRUSH CREEK NEAR NEBRASKA, IN","CONUS","3","true","true","39.07033129","-85.4860766"
"03379500","CLAI2","USGS","LITTLE WABASH RIVER BELOW CLAY CITY, IL","CONUS","3","true","true","38.6347222","-88.2972222"
"03384450","EDDI2","USGS","LUSK CREEK NEAR EDDYVILLE, IL","CONUS","3","true","true","37.4725833","-88.5476944"
"03373508","BCSI3","USGS","BEAVER CREEK NEAR SHOALS, IN","CONUS","3","true","true","38.67310707","-86.7449971"
"03408500","NRVT1","USGS","NEW RIVER AT NEW RIVER, TN","CONUS","3","true","true","36.3855255","-84.5546973"
"03413200","MTCK2","USGS","BEAVER CREEK NEAR MONTICELLO, KY","CONUS","3","true","true","36.79757036","-84.89605849"
"03415000","ALPT1","USGS","WEST FORK OBEY RIVER NEAR ALPINE, TN","CONUS","3","true","true","36.3973873","-85.1744486"
"03424730","GVST1","USGS","SMITH FORK AT TEMPERANCE HALL, TN","CONUS","3","true","true","36.08731209","-85.9074506"
"03431599","BORT1","USGS","WHITES CREEK NEAR BORDEAUX, TN","CONUS","3","true","true","36.2176545","-86.8202207"
"03431800","ACST1","USGS","SYCAMORE CREEK NEAR ASHLAND CITY, TN","CONUS","3","true","true","36.3200218","-87.0511943"
"03436690","EMGT1","USGS","YELLOW CREEK AT ELLIS MILLS, TN","CONUS","3","true","true","36.3106833","-87.5539407"
"03439000","ROSN7","USGS","FRENCH BROAD RIVER AT ROSMAN, NC","CONUS","3","true","true","35.1433333","-82.8247222"
"03441000","DAVN7","USGS","DAVIDSON RIVER NEAR BREVARD, NC","CONUS","3","true","true","35.27305556","-82.7058333"
"03433500","BELT1","USGS","HARPETH RIVER AT BELLEVUE, TN","CONUS","3","true","true","36.0545965","-86.9285018"
"03455500","LLGN7","USGS","W F PIGEON R ABOVE LAKE LOGAN NR HAZELWOOD, NC","CONUS","3","true","true","35.3961111","-82.9375"
"03456500","","USGS","EAST FORK PIGEON RIVER NEAR CANTON, NC","CONUS","3","true","true","35.46166667","-82.8697222"
"03460000","CCNN7","USGS","CATALOOCHEE CREEK NEAR CATALOOCHEE, NC","CONUS","3","true","true","35.6672222","-83.0727778"
"03463300","STRN7","USGS","SOUTH TOE RIVER NEAR CELO, NC","CONUS","3","true","true","35.83138889","-82.1841667"
"03471500","SHLV2","USGS","S F HOLSTON RIVER AT RIVERSIDE, NEAR CHILHOWIE, VA","CONUS","3","true","true","36.7603931","-81.63122929"
"03479000","","USGS","WATAUGA RIVER NEAR SUGAR GROVE, NC","CONUS","3","true","true","36.23916667","-81.8222222"
"15493000","UCHA2","USGS","","Alaska","1","false","true","64.902","-146.361"
"03500000","PRTN7","USGS","LITTLE TENNESSEE RIVER NEAR PRENTISS, NC","CONUS","3","true","true","35.15","-83.3797222"
"03500240","","USGS","CARTOOGECHAYE CREEK NEAR FRANKLIN, NC","CONUS","3","true","true","35.15888889","-83.3941667"
"03504000","RAIN7","USGS","NANTAHALA RIVER NEAR RAINBOW SPRINGS, NC","CONUS","3","true","true","35.1275","-83.6186111"
"03518500","TLRT1","USGS","TELLICO RIVER AT TELLICO PLAINS, TN","CONUS","3","true","true","35.3620163","-84.2790141"
"03527220","LGPT1","USGS","CLINCH RIVER NEAR LOONEYS GAP, TN","CONUS","3","true","true","36.57280708","-82.938754"
"03488000","SALV2","USGS","N F HOLSTON RIVER NEAR SALTVILLE, VA","CONUS","3","true","true","36.89678115","-81.7462293"
"03491000","RVLT1","USGS","BIG CREEK NEAR ROGERSVILLE, TN","CONUS","3","true","true","36.42620656","-82.9518304"
"03497300","TWNT1","USGS","LITTLE RIVER ABOVE TOWNSEND, TN","CONUS","3","true","true","35.66453328","-83.7112821"
"03539778","CLCT1","USGS","CLEAR CREEK AT LILLY BRIDGE NEAR LANCING, TN","CONUS","3","true","true","36.1031293","-84.7182771"
"03535400","SOLT1","USGS","BEAVER CREEK AT SOLWAY, TN","CONUS","3","true","true","35.96503044","-84.1786528"
"03574500","WDVA1","USGS","PAINT ROCK RIVER NEAR WOODVILLE AL","CONUS","3","true","true","34.6242547","-86.3063737"
"03588500","IRCT1","USGS","SHOAL CREEK AT IRON CITY, TN","CONUS","3","true","true","35.02415329","-87.5790219"
"15056210","TYAA2","USGS","","Alaska","1","false","true","59.5119","-135.344"
"03578000","PELT1","USGS","ELK RIVER NEAR PELHAM, TN","CONUS","3","true","true","35.296828","-85.869736"
"03578500","PPLT1","USGS","BRADLEY CREEK NR PRAIRIE PLAINS, TN","CONUS","3","true","true","35.35633238","-85.9790227"
"03604000","FLTT1","USGS","BUFFALO RIVER NEAR FLAT WOODS, TN","CONUS","3","true","true","35.49590598","-87.8328037"
"03605078","CMTT1","USGS","CYPRESS CREEK AT CAMDEN, TN","CONUS","3","true","true","36.0470043","-88.07586979"
"05316992","COBM5","USGS","SLEEPY EYE CREEK AT CO. RD. 8 NEAR LEAVENWORTH MN","CONUS","3","false","true","",""
"03599450","FNHT1","USGS","FOUNTAIN CREEK NEAR FOUNTAIN HEIGHTS, TN","CONUS","3","true","true","35.5182709","-86.9420606"
"04027000","ODAW3","USGS","BAD RIVER NEAR ODANAH, WI","CONUS","3","true","true","46.4866144","-90.696297"
"04031000","BESM4","USGS","BLACK RIVER NEAR BESSEMER, MI","CONUS","3","true","true","46.5113361","-90.0746179"
"04033000","PAUM4","USGS","MIDDLE BRANCH ONTONAGON RIVER NEAR PAULDING, MI","CONUS","3","true","true","46.3568916","-89.0765285"
"04024430","","USGS","NEMADJI RIVER NEAR SOUTH SUPERIOR, WI","CONUS","3","true","true","46.6333333","-92.0938889"
"04045500","TAPM4","USGS","TAHQUAMENON RIVER NEAR PARADISE, MI","CONUS","3","true","true","46.5745833","-85.26963889"
"04046000","BGTM4","USGS","BLACK RIVER NEAR GARNET, MI","CONUS","3","true","true","46.11780556","-85.3660556"
"04056500","MSQM4","USGS","MANISTIQUE RIVER NEAR MANISTIQUE, MI","CONUS","3","true","true","46.03052857","-86.161249"
"04057800","HUMM4","USGS","MIDDLE BRANCH ESCANABA RIVER AT HUMBOLDT, MI","CONUS","3","true","true","46.49910267","-87.8865238"
"04060993","FLRW3","USGS","BRULE RIVER AT US HIGHWAY 2 NEAR FLORENCE, WI","CONUS","3","true","true","45.96078737","-88.3159663"
"04043050","TRRM4","USGS","TRAP ROCK RIVER NEAR LAKE LINDEN, MI","CONUS","3","true","true","47.22853637","-88.3853928"
"04043150","SLVM4","USGS","SILVER RIVER NEAR L'ANSE, MI","CONUS","3","true","true","46.80409698","-88.3170724"
"04066500","","USGS","PIKE RIVER AT AMBERG, WI","CONUS","3","true","true","45.5","-88"
"04067958","","USGS","PESHTIGO RIVER NEAR WABENO, WI","CONUS","3","true","true","45.38774406","-88.3051099"
"04073365","","USGS","FOX RIVER AT PRINCETON, WI","CONUS","3","true","true","43.8511111","-89.1333333"
"05316970","LVNM5","USGS","COTTONWOOD RIVER AT LEAVENWORTH MN","CONUS","3","false","true","",""
"04063700","","USGS","POPPLE RIVER NEAR FENCE, WI","CONUS","3","true","true","45.7636111","-88.4636111"
"04080000","ROYW3","USGS","LITTLE WOLF RIVER AT ROYALTON, WI","CONUS","3","true","true","44.4124806","-88.8653842"
"04085200","","USGS","KEWAUNEE RIVER NEAR KEWAUNEE, WI","CONUS","3","true","true","44.45833125","-87.5564746"
"04074950","","USGS","WOLF RIVER AT LANGLADE, WI","CONUS","3","true","true","45.18997026","-88.7334398"
"04086500","","USGS","CEDAR CREEK NEAR CEDARBURG, WI","CONUS","3","true","true","43.32305556","-87.9786111"
"04085427","","USGS","MANITOWOC RIVER AT MANITOWOC, WI","CONUS","3","true","true","44.10616667","-87.7160278"
"04100500","GSHI3","USGS","ELKHART RIVER AT GOSHEN, IN","CONUS","3","true","true","41.5933827","-85.8486057"
"04101370","JCRI3","USGS","JUDY CREEK NEAR SOUTH BEND, IN","CONUS","3","true","true","41.728659","-86.2627852"
"04104945","WANM4","USGS","WANADOGA CREEK NEAR BATTLE CREEK, MI","CONUS","3","true","true","42.3964281","-85.13166"
"04105700","AUGM4","USGS","AUGUSTA CREEK NEAR AUGUSTA, MI","CONUS","3","true","true","42.3533734","-85.3538894"
"04112850","HHTM4","USGS","SYCAMORE CREEK AT HOLT ROAD NEAR HOLT, MI","CONUS","3","false","true","42.6403134","-84.4827533"
"04114498","EAGM4","USGS","LOOKING GLASS RIVER NEAR EAGLE, MI","CONUS","3","true","true","42.82809018","-84.7594339"
"04115265","FCRM4","USGS","FISH CREEK NEAR CRYSTAL, MI","CONUS","3","true","true","43.2497545","-84.9811245"
"04117500","HSTM4","USGS","THORNAPPLE RIVER NEAR HASTINGS, MI","CONUS","3","true","true","42.6158688","-85.2363933"
"04122200","WHTM4","USGS","WHITE RIVER NEAR WHITEHALL, MI","CONUS","3","true","true","43.46417856","-86.2325668"
"04124000","SHRM4","USGS","MANISTEE RIVER NEAR SHERMAN, MI","CONUS","3","true","true","44.43639239","-85.6986792"
"04124500","TSTM4","USGS","EAST BRANCH PINE RIVER NEAR TUSTIN, MI","CONUS","3","true","true","44.102511","-85.5172766"
"04126970","MYFM4","USGS","BOARDMAN R ABOVE BROWN BRIDGE ROAD NR MAYFIELD, MI","CONUS","3","true","true","44.65667","-85.436731"
"04127800","","USGS","JORDAN RIVER NEAR EAST JORDAN, MI","CONUS","3","true","true","45.10111787","-85.0972788"
"04127997","WOLM4","USGS","STURGEON RIVER AT WOLVERINE, MI","CONUS","3","true","true","45.27445746","-84.6000315"
"04142000","STRM4","USGS","RIFLE RIVER NEAR STERLING, MI","CONUS","3","true","true","44.0725203","-84.0199939"
"04144500","OWOM4","USGS","SHIAWASSEE RIVER AT OWOSSO, MI","CONUS","3","true","true","43.01502685","-84.17997"
"04146063","COLM4","USGS","SOUTH BRANCH FLINT RIVER NEAR COLUMBIAVILLE,MI","CONUS","3","true","true","43.1594706","-83.3507814"
"04148140","DAVM4","USGS","KEARSLEY CREEK NEAR DAVISON, MI","CONUS","3","true","true","43.0336381","-83.5813417"
"04136000","RDOM4","USGS","AU SABLE RIVER NEAR RED OAK, MI","CONUS","3","true","true","44.6769593","-84.2925146"
"04159492","FGOM4","USGS","BLACK RIVER NEAR JEDDO, MI","CONUS","3","true","true","43.15086","-82.6246474"
"04161540","","USGS","PAINT CREEK AT ROCHESTER, MI","CONUS","3","true","true","42.68836558","-83.1429886"
"04163400","","USGS","PLUM BROOK AT UTICA, MI","CONUS","3","true","true","42.60142277","-83.0713165"
"04185000","STRO1","USGS","Tiffin River at Stryker OH","CONUS","3","true","true","41.50449567","-84.4296719"
"04180988","RFDO1","USGS","St. Marys River at Rockford OH","CONUS","3","true","true","40.69476968","-84.6466254"
"04196800","CWFO1","USGS","Tymochtee Creek at Crawford OH","CONUS","3","true","true","40.9228332","-83.3488116"
"04197100","MLMO1","USGS","Honey Creek at Melmore OH","CONUS","3","true","true","41.022278","-83.1096382"
"04197170","ROCO1","USGS","Rock Creek at Tiffin OH","CONUS","3","true","true","41.1136659","-83.1682521"
"04199155","OWHO1","USGS","Old Woman Creek at Berlin Rd near Huron OH","CONUS","3","true","true","41.34838289","-82.51378249"
"04189000","FDYO1","USGS","Blanchard River near Findlay OH","CONUS","3","true","true","41.05588646","-83.6879889"
"04207200","BFDO1","USGS","Tinkers Creek at Bedford OH","CONUS","3","true","true","41.38449868","-81.5273419"
"04208000","INDO1","USGS","Cuyahoga River at Independence OH","CONUS","3","true","true","41.39533087","-81.6298478"
"04213000","CCKO1","USGS","Conneaut Creek at Conneaut OH","CONUS","3","true","true","41.92699898","-80.6039659"
"04213500","GOWN6","USGS","CATTARAUGUS CREEK AT GOWANDA NY","CONUS","3","true","true","42.46344444","-78.9345278"
"04214500","GDVN6","USGS","BUFFALO CREEK AT GARDENVILLE NY","CONUS","3","true","true","42.8546111","-78.7564167"
"04215000","LCSN6","USGS","CAYUGA CREEK NEAR LANCASTER NY","CONUS","3","true","true","42.8900833","-78.6449444"
"04215500","EBZN6","USGS","CAZENOVIA CREEK AT EBENEZER NY","CONUS","3","true","true","42.82952778","-78.7750278"
"04216418","ATTN6","USGS","TONAWANDA CREEK AT ATTICA NY","CONUS","3","true","true","42.86469444","-78.2834167"
"04217000","BTVN6","USGS","TONAWANDA CREEK AT BATAVIA NY","CONUS","3","true","true","42.99713889","-78.1881667"
"04218000","RAPN6","USGS","TONAWANDA CREEK AT RAPIDS NY","CONUS","3","true","true","43.0935","-78.6361667"
"04209000","WBYO1","USGS","Chagrin River at Willoughby OH","CONUS","3","true","true","41.630881","-81.40344549"
"04221000","WLLN6","USGS","GENESEE RIVER AT WELLSVILLE NY","CONUS","3","true","true","42.1222222","-77.9572222"
"04224775","DSVN6","USGS","CANASERAGA CREEK ABOVE DANSVILLE NY","CONUS","3","true","true","42.5358611","-77.7039444"
"04229500","HNYN6","USGS","HONEOYE CREEK AT HONEOYE FALLS NY","CONUS","3","true","true","42.9572222","-77.58888889"
"04230500","GRBN6","USGS","OATKA CREEK AT GARBUTT NY","CONUS","3","true","true","43.01","-77.79138889"
"04231000","CHRN6","USGS","BLACK CREEK AT CHURCHVILLE NY","CONUS","3","true","true","43.10055556","-77.8822222"
"04233286","SXBN6","USGS","SIXMILE CREEK AT BROOKTONDALE NY","CONUS","3","true","true","42.38138889","-76.3944444"
"04234000","FLLN6","USGS","FALL CREEK NEAR ITHACA NY","CONUS","3","true","true","42.4533333","-76.47277778"
"04252500","BOON6","USGS","BLACK RIVER NEAR BOONVILLE NY","CONUS","3","true","true","43.5116111","-75.30677778"
"04262500","HVLN6","USGS","WEST BRANCH OSWEGATCHIE RIVER NEAR HARRISVILLE NY","CONUS","3","true","true","44.18555556","-75.3308333"
"04265432","CHAN6","USGS","GRASS RIVER AT CHASE MILLS NY","CONUS","3","true","true","44.84652778","-75.0784444"
"04242500","TABN6","USGS","EAST BRANCH FISH CREEK AT TABERG NY","CONUS","3","true","true","43.3011111","-75.6214722"
"04243500","NEIN6","USGS","ONEIDA CREEK AT ONEIDA NY","CONUS","3","true","true","43.09755556","-75.6394167"
"04273800","LPHN6","USGS","LITTLE AUSABLE RIVER NEAR VALCOUR NY","CONUS","3","true","true","44.59427778","-73.4963333"
"04275000","ASFN6","USGS","EAST BRANCH AUSABLE RIVER AT AU SABLE FORKS NY","CONUS","3","true","true","44.43738889","-73.6809722"
"04280450","GVVN6","USGS","METTAWEE RIVER NEAR MIDDLE GRANVILLE NY","CONUS","3","true","true","43.46394444","-73.2845"
"04282000","CENV1","USGS","OTTER CREEK AT CENTER RUTLAND, VT","CONUS","3","true","true","43.6036792","-73.0131628"
"04282500","MDBV1","USGS","OTTER CREEK AT MIDDLEBURY, VT","CONUS","3","true","true","44.01311488","-73.1678954"
"04282525","NHVV1","USGS","NEW HAVEN RIVER @ BROOKSVILLE, NR MIDDLEBURY, VT","CONUS","3","true","true","44.0617249","-73.17067429"
"04268800","PARN6","USGS","WEST BRANCH ST. REGIS RIVER NEAR PARISHVILLE NY","CONUS","3","true","true","44.59875","-74.7372222"
"04273700","SPBN6","USGS","SALMON RIVER AT SOUTH PLATTSBURGH NY","CONUS","3","true","true","44.64016667","-73.49488889"
"04286000","MONV1","USGS","WINOOSKI RIVER AT MONTPELIER, VT","CONUS","3","true","true","44.25672595","-72.59344318"
"04288000","MOOV1","USGS","MAD RIVER NEAR MORETOWN, VT","CONUS","3","true","true","44.2772802","-72.7426163"
"04292000","JONV1","USGS","LAMOILLE RIVER AT JOHNSON, VT","CONUS","3","true","true","44.6228287","-72.6762308"
"04293500","EBKV1","USGS","MISSISQUOI RIVER NEAR EAST BERKSHIRE, VT","CONUS","3","true","true","44.96004599","-72.696521"
"04296000","CVYV1","USGS","BLACK RIVER AT COVENTRY, VT","CONUS","3","true","true","44.8689363","-72.2701041"
"04282650","FERV1","USGS","LITTLE OTTER CREEK AT FERRISBURG, VT","CONUS","3","true","true","44.19810987","-73.2490117"
"04282780","NFBV1","USGS","LEWIS CREEK AT NORTH FERRISBURG, VT","CONUS","3","true","true","44.24922015","-73.22845688"
"05056000","WRWN8","USGS","SHEYENNE RIVER NR WARWICK, ND","CONUS","3","true","true","47.8055534","-98.7162172"
"05056100","MAVN8","USGS","MAUVAIS COULEE NR CANDO, ND","CONUS","3","true","true","48.4480588","-99.1026354"
"05056200","EDEN8","USGS","EDMORE COULEE NR EDMORE, ND","CONUS","3","true","true","48.33667157","-98.6603958"
"05014300","SCLM8","USGS","Swiftcurrent Cr ab Swiftcurrent Lk at Many Glacier","CONUS","3","true","true","48.7954444","-113.6805833"
"05059600","","USGS","MAPLE RIVER NR HOPE, ND","CONUS","3","true","true","47.32498855","-97.7906537"
"05061500","SABM5","USGS","SOUTH BRANCH BUFFALO RIVER AT SABIN, MN","CONUS","3","true","true","46.7755175","-96.6281318"
"05078500","RDLM5","USGS","CLEARWATER RIVER AT RED LAKE FALLS, MN","CONUS","3","true","true","47.88620556","-96.2765806"
"05057000","CPRN8","USGS","SHEYENNE RIVER NR COOPERSTOWN, ND","CONUS","3","true","true","47.43277097","-98.0275954"
"05057200","DBCN8","USGS","BALDHILL CREEK NR DAZEY, ND","CONUS","3","true","true","47.2291562","-98.1248189"
"05087500","","USGS","MIDDLE RIVER AT ARGYLE, MN","CONUS","3","true","true","48.3402552","-96.8164502"
"05120500","KLSN8","USGS","WINTERING RIVER NEAR KARLSRUHE, ND","CONUS","3","true","true","48.1382932","-100.5399409"
"05123400","WLCN8","USGS","WILLOW CREEK NEAR WILLOW CITY, ND","CONUS","3","true","true","48.5877399","-100.4416083"
"05131500","LFKM5","USGS","LITTLE FORK RIVER AT LITTLEFORK, MN","CONUS","3","true","true","48.39577636","-93.5493266"
"05132000","BIFM5","USGS","BIG FORK RIVER AT BIG FALLS, MN","CONUS","3","true","true","48.1957849","-93.8071245"
"05212700","TACM5","USGS","PRAIRIE RIVER NEAR TACONITE, MN","CONUS","3","true","true","47.3888277","-93.380757"
"05245100","LGPM5","USGS","LONG PRAIRIE RIVER AT LONG PRAIRIE, MN","CONUS","3","true","true","45.97496449","-94.8658552"
"05275000","ERVM5","USGS","ELK RIVER NEAR BIG LAKE, MN","CONUS","3","true","true","45.3338537","-93.6669098"
"05127500","WTNM5","USGS","BASSWOOD RIVER NEAR WINTON, MN","CONUS","3","true","true","48.0823937","-91.6526237"
"05129115","CLKM5","USGS","VERMILION RIVER NR CRANE LAKE, MN","CONUS","3","true","true","48.2646282","-92.5659935"
"05290000","PVRS2","USGS","LITTLE MINNESOTA RIVER NEAR PEEVER, SD","CONUS","3","true","true","45.6158333","-96.8755556"
"05291000","BGCS2","USGS","WHETSTONE RIVER NEAR BIG STONE CITY, SD","CONUS","3","true","true","45.2916316","-96.487557"
"05293000","ODSM5","USGS","YELLOW BANK RIVER NEAR ODESSA, MN","CONUS","3","true","true","45.2269094","-96.353665"
"05315000","","USGS","REDWOOD RIVER NEAR MARSHALL, MN","CONUS","3","true","true","44.43016667","-95.8295556"
"05317000","NWUM5","USGS","COTTONWOOD RIVER NEAR NEW ULM, MN","CONUS","3","true","true","44.28939167","-94.4386056"
"05317200","CRTM5","USGS","LITTLE COTTONWOOD RIVER NEAR COURTLAND, MN","CONUS","3","true","true","44.2463534","-94.3388558"
"05319500","GRDM5","USGS","WATONWAN RIVER NEAR GARDEN CITY, MN","CONUS","3","true","true","44.04635215","-94.1955144"
"05336700","SANM5","USGS","KETTLE RIVER BELOW SANDSTONE, MN","CONUS","3","true","true","46.1055048","-92.8640899"
"05327000","HICM5","USGS","HIGH ISLAND CREEK NEAR HENDERSON, MN","CONUS","3","true","true","44.5719079","-93.9219113"
"05362000","","USGS","JUMP RIVER AT SHELDON, WI","CONUS","3","true","true","45.30802638","-90.956525"
"05368000","","USGS","HAY RIVER AT WHEELER, WI","CONUS","3","true","true","45.0477401","-91.9110104"
"05357335","POWW3","USGS","BEAR RIVER NEAR MANITOWISH WATERS, WI","CONUS","3","true","true","46.0488377","-89.9846035"
"05383950","RPMM5","USGS","ROOT RIVER NEAR PILOT MOUND, MN","CONUS","3","true","true","43.7846858","-92.0301573"
"05407470","","USGS","KICKAPOO RIVER AT STATE HIGHWAY 33 AT ONTARIO, WI","CONUS","3","true","true","43.72166667","-90.5875"
"05413500","","USGS","GRANT RIVER AT BURTON, WI","CONUS","3","true","true","42.72027778","-90.8191667"
"05414000","","USGS","PLATTE RIVER NEAR ROCKVILLE, WI","CONUS","3","true","true","42.7311111","-90.6402778"
"05420680","TPLI4","USGS","Wapsipinicon River near Tripoli, IA","CONUS","3","true","true","42.83609167","-92.2574"
"05426000","","USGS","CRAWFISH RIVER AT MILFORD, WI","CONUS","3","true","true","43.1","-88.8494444"
"05426067","","USGS","BARK RIVER AT NAGAWICKA ROAD AT DELAFIELD, WI","CONUS","3","true","true","43.08777778","-88.3761111"
"05454000","IRCI4","USGS","Rapid Creek near Iowa City, IA","CONUS","3","true","true","41.70001667","-91.4876667"
"05451210","NPVI4","USGS","South Fork Iowa River NE of New Providence, IA","CONUS","3","true","true","42.31530556","-93.1521944"
"05464220","DYSI4","USGS","Wolf Creek near Dysart, IA","CONUS","3","true","true","42.25152778","-92.2988889"
"05466500","NWBI2","USGS","EDWARDS RIVER NEAR NEW BOSTON, IL","CONUS","3","true","true","41.18697738","-90.9673663"
"05467000","PCKI2","USGS","POPE CREEK NEAR KEITHSBURG, IL","CONUS","3","true","true","41.1289222","-90.9193083"
"05459500","MCWI4","USGS","Winnebago River at Mason City, IA","CONUS","3","true","true","43.165","-93.1925"
"05473450","MBCI4","USGS","Big Creek North of Mount Pleasant, IA","CONUS","3","true","true","41.0069727","-91.5515497"
"05478265","AGNI4","USGS","East Fork Des Moines River near Algona, IA","CONUS","3","true","true","43.08266667","-94.2305556"
"05480820","GLDI4","USGS","Boone River near Goldfield, IA","CONUS","3","true","true","42.72441389","-93.9466944"
"05481950","GRMI4","USGS","Beaver Creek near Grimes, IA","CONUS","3","true","true","41.6883333","-93.7347222"
"05482300","SCRI4","USGS","North Raccoon River near Sac City, IA","CONUS","3","true","true","42.35455556","-94.9910278"
"05487980","DLLI4","USGS","White Breast Creek near Dallas, IA","CONUS","3","true","true","41.24644444","-93.2901389"
"05488200","KECI4","USGS","English Creek near Knoxville, IA","CONUS","3","true","true","41.30038889","-93.0449167"
"05489000","BSSI4","USGS","Cedar Creek near Bussey, IA","CONUS","3","true","true","41.2191111","-92.9088333"
"05494300","","USGS","Fox River at Bloomfield, IA","CONUS","3","true","true","40.7694656","-92.4187964"
"05498150","EWMM7","USGS","Middle Fabius River near Ewing, MO","CONUS","3","true","true","40.028933","-91.7057179"
"05498700","NWKM7","USGS","South Fabius River above Newark, MO","CONUS","3","true","true","40.0061111","-92.0269444"
"05501000","PALM7","USGS","North River at Palmyra, MO","CONUS","3","true","true","39.817","-91.5460278"
"05483450","BAYI4","USGS","Middle Raccoon River near Bayard, IA","CONUS","3","true","true","41.7790833","-94.493"
"05508805","FKZM7","USGS","Spencer Creek below Plum Creek near Frankford, MO","CONUS","3","true","true","39.5206111","-91.3434444"
"05514500","TRYM7","USGS","Cuivre River near Troy, MO","CONUS","3","true","true","39.01130556","-90.97775"
"05514840","DCWM7","USGS","Dardenne Creek at O'Fallon, MO","CONUS","3","true","true","38.7403611","-90.6950556"
"05516500","PYMI3","USGS","YELLOW RIVER AT PLYMOUTH, IN","CONUS","3","true","true","41.34032218","-86.3044499"
"05525500","MILI2","USGS","SUGAR CREEK AT MILFORD, IL","CONUS","3","true","true","40.62991667","-87.7235278"
"05503800","PCZM7","USGS","Crooked Creek near Paris, MO","CONUS","3","true","true","39.5848333","-91.9935"
"05506100","STFM7","USGS","Long Branch near Santa Fe, MO","CONUS","3","true","true","39.3561111","-91.8341667"
"05507600","PRZM7","USGS","Lick Creek at Perry, MO","CONUS","3","true","true","39.43138889","-91.6766667"
"05556500","PINI2","USGS","BIG BUREAU CREEK AT PRINCETON, IL","CONUS","3","true","true","41.36740278","-89.4979611"
"05567500","CNGI2","USGS","MACKINAW RIVER NEAR CONGERVILLE, IL","CONUS","3","true","true","40.6235","-89.2416667"
"05577500","","USGS","SPRING CREEK AT SPRINGFIELD, IL","CONUS","3","true","true","39.81541667","-89.6994167"
"05569500","LNMI2","USGS","SPOON RIVER AT LONDON MILLS, IL","CONUS","3","true","true","40.7077222","-90.2797778"
"05570000","SEVI2","USGS","SPOON RIVER AT SEVILLE, IL","CONUS","3","true","true","40.49008056","-90.3400944"
"05591550","WHCI2","USGS","WHITLEY CREEK NEAR ALLENVILLE, IL","CONUS","3","true","true","39.5067222","-88.5272778"
"05592050","SRCI2","USGS","ROBINSON CREEK NEAR SHELBYVILLE, IL","CONUS","3","true","true","39.40588889","-88.8968056"
"05592575","HCKI2","USGS","HICKORY CREEK NEAR BROWNSTOWN, IL","CONUS","3","true","true","38.9370833","-88.9528056"
"05593575","LCCI2","USGS","LITTLE CROOKED CREEK NEAR NEW MINDEN, IL","CONUS","3","true","true","38.44166667","-89.4166667"
"05593900","COFI2","USGS","EAST FORK SHOAL CREEK NEAR COFFEEN, IL","CONUS","3","true","true","39.14891667","-89.3524722"
"05587000","MCPI2","USGS","MACOUPIN CREEK NEAR KANE, IL","CONUS","3","true","true","39.23394444","-90.3944444"
"06024450","BGKM8","USGS","Big Hole River bl Big Lake Cr at Wisdom MT","CONUS","3","true","true","45.61796667","-113.4569417"
"06024540","BHDM8","USGS","Big Hole River bl Mudd Cr nr Wisdom MT","CONUS","3","true","true","45.80754167","-113.3132694"
"06025250","MRDM8","USGS","Big Hole River at Maiden Rock nr Divide MT","CONUS","3","true","true","45.7012694","-112.7359694"
"06025500","MLRM8","USGS","Big Hole River near Melrose MT","CONUS","3","true","true","45.52658056","-112.701725"
"06036805","FOFW4","USGS","Firehole River at Old Faithful, YNP","CONUS","3","true","true","44.4593333","-110.8222722"
"05595730","WRCI2","USGS","RAYSE CREEK NEAR WALTONVILLE, IL","CONUS","3","true","true","38.25416667","-89.0405556"
"06061500","PKPM8","USGS","Prickly Pear Creek near Clancy MT","CONUS","3","true","true","46.5190972","-111.946786"
"06073500","DBRM8","USGS","Dearborn River near Craig MT","CONUS","3","true","true","47.199025","-112.0959056"
"06037100","GMJW4","USGS","Gibbon River at Madison Jct, YNP","CONUS","3","true","true","44.6408","-110.8610639"
"06043500","GLGM8","USGS","Gallatin River near Gallatin Gateway, MT","CONUS","3","true","true","45.4973","-111.2707083"
"06091700","TMRM8","USGS","Two Medicine River bl South Fork nr Browning MT","CONUS","3","true","true","48.42695278","-112.9899833"
"06093200","BDCM8","USGS","Badger Cr bl Four Horns Canal nr Browning MT","CONUS","3","true","true","48.36945","-112.8017806"
"06099500","SHLM8","USGS","Marias River near Shelby MT","CONUS","3","true","true","48.4271972","-111.889836"
"06102500","TSFM8","USGS","Teton River bl South Fork nr Choteau MT","CONUS","3","true","true","47.8830833","-112.6119833"
"06108000","DTTM8","USGS","Teton River near Dutton MT","CONUS","3","true","true","47.930325","-111.5529417"
"06119600","MRMM8","USGS","Musselshell River nr Martinsdale, MT","CONUS","3","true","true","46.4769583","-110.2489667"
"06120500","HLWM8","USGS","Musselshell River at Harlowton MT","CONUS","3","true","true","46.4288","-109.8411944"
"06139500","BSMM8","USGS","Big Sandy Creek near Havre MT","CONUS","3","true","true","48.52671389","-109.8415778"
"06151500","BCMM8","USGS","Battle Creek near Chinook MT","CONUS","3","true","true","48.64949167","-109.2316944"
"06187915","SBCM8","USGS","Soda Butte Cr at Park Bndry at Silver Gate","CONUS","3","true","true","45.00283056","-110.0018722"
"06195600","SLDM8","USGS","Shields River nr Livingston MT","CONUS","3","true","true","45.7383611","-110.4794694"
"06218500","DUBW4","USGS","WIND RIVER NEAR DUBOIS, WY","CONUS","3","true","true","43.57856415","-109.7598835"
"06221400","DINW4","USGS","DINWOODY CREEK ABOVE LAKES, NEAR BURRIS, WY","CONUS","3","true","true","43.34616667","-109.4087778"
"06224000","BLCW4","USGS","BULL LAKE CREEK ABOVE BULL LAKE, WY","CONUS","3","true","true","43.1766111","-109.2025556"
"06209500","ROKM8","USGS","Rock Creek near Red Lodge MT","CONUS","3","true","true","45.0861472","-109.3291889"
"06280300","VLYW4","USGS","SOUTH FORK SHOSHONE RIVER NEAR VALLEY, WY","CONUS","3","true","true","44.20788889","-109.55525"
"06289000","LBSM8","USGS","Little Bighorn River at State Line nr Wyola MT","CONUS","3","true","true","45.0071111","-107.6154083"
"06309200","MFBW4","USGS","MIDDLE FORK POWDER RIVER NEAR BARNUM, WY","CONUS","3","true","true","43.57773999","-107.1383995"
"06311000","HAZW4","USGS","NORTH FORK POWDER RIVER NEAR HAZELTON, WY","CONUS","3","true","true","44.02774228","-107.0808955"
"06332515","MREN8","USGS","BEAR DEN CREEK NEAR MANDAREE, ND","CONUS","3","true","true","47.78717057","-102.7686286"
"06336600","TRTN8","USGS","BEAVER CREEK NR TROTTERS, ND","CONUS","3","true","true","47.16307028","-103.9927057"
"06339100","MNGN8","USGS","KNIFE RIVER AT MANNING, ND","CONUS","3","true","true","47.2361259","-102.7699074"
"06344600","HRAN8","USGS","GREEN RIVER NEAR NEW HRADEC, ND","CONUS","3","true","true","47.0277231","-103.0533527"
"06347000","","USGS","ANTELOPE CREEK NR CARSON, ND","CONUS","3","true","true","46.5452839","-101.6454228"
"06347500","","USGS","BIG MUDDY CREEK NEAR ALMONT, ND","CONUS","3","true","true","46.69444606","-101.4673665"
"06351200","RLHN8","USGS","CANNONBALL RIVER NEAR RALEIGH, ND","CONUS","3","true","true","46.12689745","-101.3332835"
"06352000","HCCN8","USGS","CEDAR CREEK NR HAYNES, ND","CONUS","3","true","true","46.15528136","-102.4757133"
"06353000","RLGN8","USGS","CEDAR CREEK NR RALEIGH, ND","CONUS","3","true","true","46.09166988","-101.333742"
"06342450","","USGS","BURNT CREEK NEAR BISMARCK, ND","CONUS","3","true","true","46.91495565","-100.813828"
"06360500","WHIS2","USGS","MOREAU RIVER NEAR WHITEHORSE,SD","CONUS","3","true","true","45.2558171","-100.8429214"
"06400000","HATS2","USGS","HAT CREEK NEAR EDGEMONT,SD","CONUS","3","true","true","43.2399736","-103.5882519"
"06402430","PRNS2","USGS","BEAVER CREEK NEAR PRINGLE, SD","CONUS","3","true","true","43.58137177","-103.4765835"
"06404000","RUSS2","USGS","BATTLE CREEK NEAR KEYSTONE,SD","CONUS","3","true","true","43.87164727","-103.3363029"
"06422500","BNNS2","USGS","BOXELDER CREEK NEAR NEMO,SD","CONUS","3","true","true","44.1443339","-103.4545385"
"06409000","CTCS2","USGS","CASTLE CREEK ABOVE DEERFIELD RES NEAR HILL CITY,SD","CONUS","3","true","true","44.01359238","-103.8304784"
"06429500","","USGS","COLD SPRINGS CREEK AT BUCKHORN, WY","CONUS","3","true","true","44.1538335","-104.0780804"
"06430770","SLNS2","USGS","SPEARFISH CREEK NR LEAD, SD","CONUS","3","true","true","44.29921736","-103.8681641"
"06424000","ROBS2","USGS","ELK CR NEAR ROUBAIX,SD","CONUS","3","true","true","44.2947073","-103.5968592"
"06441500","FTPS2","USGS","BAD RIVER NEAR FORT PIERRE,SD","CONUS","3","true","true","44.32664897","-100.3843003"
"06446500","IRRS2","USGS","WHITE RIVER NEAR INTERIOR,SD","CONUS","3","true","true","43.69388346","-101.9326516"
"06447230","PIPS2","USGS","BLACK PIPE CREEK NEAR BELVIDERE, SD","CONUS","3","true","true","43.75527266","-101.2279205"
"06447500","LITS2","USGS","LITTLE WHITE RIVER NEAR MARTIN,SD","CONUS","3","true","true","43.1669155","-101.6327322"
"06453600","VERN1","USGS","Ponca Creek at Verdel, Nebr.","CONUS","3","true","true","42.8108611","-98.1753972"
"06440200","CTTS2","USGS","SOUTH FORK BAD RIVER NEAR COTTONWOOD,SD","CONUS","3","true","true","43.9690175","-101.767229"
"06466500","NBZN1","USGS","Bazile Creek near Niobrara, Nebr.","CONUS","3","true","true","42.7322222","-97.9225"
"06468170","GCEN8","USGS","JAMES RIVER NR GRACE CITY, ND","CONUS","3","true","true","47.5580525","-98.862885"
"06469400","PGEN8","USGS","PIPESTEM CREEK NEAR PINGREE, ND","CONUS","3","false","true","47.1674635","-98.9690423"
"06470800","BCKN8","USGS","BEAR CREEK NEAR OAKES, ND","CONUS","3","true","true","46.22524359","-98.0717809"
"06471200","MAPS2","USGS","MAPLE RIVER AT ND-SD STATE LINE","CONUS","3","true","true","45.93886156","-98.4526004"
"06464500","WEWS2","USGS","KEYA PAHA RIVER AT WEWELA,SD","CONUS","3","true","true","43.0270872","-99.780921"
"06479215","FLOS2","USGS","BIG SIOUX RIVER NEAR FLORENCE,SD","CONUS","3","true","true","45.18079549","-97.1861904"
"06479438","WTRS2","USGS","BIG SIOUX RIVER NEAR WATERTOWN,SD","CONUS","3","true","true","45.0060753","-97.1650756"
"06477500","MTVS2","USGS","FIRESTEEL CREEK NEAR MOUNT VERNON,SD","CONUS","3","true","true","43.77640219","-98.2456658"
"06601000","HMRN1","USGS","Omaha Creek at Homer, Nebr.","CONUS","3","true","true","42.32166667","-96.4877778"
"06605850","LNNI4","USGS","Little Sioux River at Linn Grove, IA","CONUS","3","true","true","42.89630556","-95.243"
"06607200","MAPI4","USGS","Maple River at Mapleton, IA","CONUS","3","true","true","42.15677778","-95.8102778"
"06608500","PSGI4","USGS","Soldier River at Pisgah, IA","CONUS","3","true","true","41.8305833","-95.93225"
"06609500","LGNI4","USGS","Boyer River at Logan, IA","CONUS","3","true","true","41.64169444","-95.7823333"
"06482610","COSS2","USGS","SPLIT ROCK CREEK AT CORSON,SD","CONUS","3","true","true","43.61636276","-96.5653227"
"06620000","NGTC2","USGS","NORTH PLATTE RIVER NEAR NORTHGATE, CO","CONUS","3","true","true","40.93663889","-106.3391944"
"06622700","NBCW4","USGS","NORTH BRUSH CREEK NEAR SARATOGA, WY","CONUS","3","true","true","41.37022978","-106.520632"
"06623800","HOGW4","USGS","ENCAMPMENT RIVER AB HOG PARK CR, NR ENCAMPMENT, WY","CONUS","3","true","true","41.02356508","-106.8248049"
"06625000","ECRW4","USGS","ENCAMPMENT RIVER AT MOUTH, NEAR ENCAMPMENT, WY","CONUS","3","true","true","41.30328495","-106.7153597"
"06710385","BARC2","USGS","BEAR CREEK ABOVE EVERGREEN, CO","CONUS","3","true","true","39.63316667","-105.3369444"
"06708800","PLMC2","USGS","EAST PLUM CR ABV HASKINS GULCH NR CASTLE ROCK, CO","CONUS","3","true","true","39.423","-104.9046111"
"06709000","LOVC2","USGS","PLUM CREEK NEAR SEDALIA, CO.","CONUS","3","true","true","39.43832246","-104.9830387"
"06710150","BDCC2","USGS","BIG DRY CREEK BELOW C-470 AT HIGHLANDS RANCH, CO","CONUS","3","true","true","39.5633216","-104.927758"
"06775500","DNGN1","USGS","Middle Loup River at Dunning, Nebr.","CONUS","3","true","true","41.83091667","-100.0995278"
"06795500","CLBN1","USGS","Shell Creek near Columbus, Nebr.","CONUS","3","true","true","41.52596389","-97.2815972"
"06799100","PRCN1","USGS","North Fork Elkhorn River near Pierce, Nebr.","CONUS","3","true","true","42.1485","-97.4785278"
"06800000","NKRN1","USGS","Maple Creek near Nickerson, Nebr.","CONUS","3","true","true","41.56116667","-96.5408333"
"06803000","ROCN1","USGS","Salt Creek at Roca, Nebr.","CONUS","3","true","true","40.65777778","-96.6655556"
"06806500","UION1","USGS","Weeping Water Creek at Union, Nebr.","CONUS","3","true","true","40.79416667","-95.9113889"
"06807410","HNKI4","USGS","West Nishnabotna River at Hancock, IA","CONUS","3","true","true","41.3901111","-95.3720556"
"06809210","ATCI4","USGS","East Nishnabotna River near Atlantic, IA","CONUS","3","true","true","41.346","-95.0768611"
"06811500","ABRN1","USGS","Little Nemaha River at Auburn, Nebr.","CONUS","3","true","true","40.39277778","-95.8127778"
"06813000","FFXM7","USGS","Tarkio River at Fairfax, MO","CONUS","3","true","true","40.33941667","-95.4068333"
"06814000","SNCK1","USGS","TURKEY C NR SENECA, KS","CONUS","3","true","true","39.9477773","-96.1086149"
"06815000","FLLN1","USGS","Big Nemaha River at Falls City, Nebr.","CONUS","3","true","true","40.0355577","-95.5960957"
"06803510","LICN1","USGS","Little Salt Creek near Lincoln, Nebr.","CONUS","3","true","true","40.89305556","-96.6816667"
"06803530","CERN1","USGS","Rock Creek near Ceresco, Nebr.","CONUS","3","true","true","41.0158333","-96.5441667"
"06821080","LPPM7","USGS","Little Platte River near Plattsburg, MO","CONUS","3","true","true","39.56777778","-94.407"
"06821500","HAIN1","USGS","Arikaree River nr Haigler, Nebr.","CONUS","3","true","true","40.0178611","-101.9963056"
"06823500","HBCN1","USGS","Buffalo Creek near Haigler, Nebr.","CONUS","3","true","true","40.03944444","-101.8666667"
"06819185","BDFI4","USGS","East Fork 102 River at Bedford, IA","CONUS","3","true","true","40.6609722","-94.7163056"
"06863420","RIGK1","USGS","BIG C NR ELLIS, KS","CONUS","3","true","true","38.9233333","-99.6508333"
"06866900","WAAK1","USGS","SALINE R NR WAKEENEY, KS","CONUS","3","true","true","39.1061861","-99.86955"
"06868850","LINK1","USGS","SALINE R AT LINCOLN, KS","CONUS","3","true","true","39.02831944","-98.1501667"
"06847900","CLNK1","USGS","PRAIRIE DOG C AB KEITH SEBELIUS LAKE, KS","CONUS","3","true","true","39.769727","-100.1006875"
"06876700","ADAK1","USGS","SALT C NR ADA, KS","CONUS","3","true","true","39.13912778","-97.83655"
"06878000","CHPK1","USGS","CHAPMAN C NR CHAPMAN, KS","CONUS","3","true","true","39.031109","-97.0402922"
"06883000","DWEN1","USGS","Little Blue River near Deweese, Nebr.","CONUS","3","true","true","40.3325","-98.0669444"
"06888500","PXCK1","USGS","MILL C NR PAXICO, KS","CONUS","3","true","true","39.06472106","-96.1691605"
"06889200","DELK1","USGS","SOLDIER C NR DELIA, KS","CONUS","3","true","true","39.23833024","-95.8885992"
"06890100","MSCK1","USGS","DELAWARE R NR MUSCOTAH, KS","CONUS","3","true","true","39.5213873","-95.532756"
"06884200","WSHK1","USGS","MILL C AT WASHINGTON, KS","CONUS","3","true","true","39.81361476","-97.0375267"
"06885500","FKFK1","USGS","BLACK VERMILLION R NR FRANKFORT, KS","CONUS","3","true","true","39.68194349","-96.4427888"
"06886500","RDPK1","USGS","FANCY C AT WINKLER, KS","CONUS","3","true","true","39.47222064","-96.8322357"
"06888000","VCWK1","USGS","VERMILLION C NR WAMEGO, KS","CONUS","3","true","true","39.34777386","-96.2174979"
"06893500","KCCM7","USGS","Blue River at Kansas City, MO","CONUS","3","true","true","38.957","-94.5588889"
"06899700","BRYM7","USGS","Shoal Creek near Braymer, MO","CONUS","3","true","true","39.69913889","-93.7958056"
"06903400","CHTI4","USGS","Chariton River near Chariton, IA","CONUS","3","true","true","40.9519722","-93.2598889"
"06903700","PRMI4","USGS","South Fork Chariton River near Promise City, IA","CONUS","3","true","true","40.80044444","-93.1926861"
"06906150","ATLM7","USGS","Long Branch Creek near Atlanta, MO","CONUS","3","true","true","39.89730556","-92.49325"
"06906800","OTTM7","USGS","Lamine River near Otterville, MO","CONUS","3","true","true","38.70225","-92.9788333"
"06907700","VLYM7","USGS","Blackwater River at Valley City, MO","CONUS","3","true","true","38.87001315","-93.6221588"
"06909500","FYTM7","USGS","Moniteau Creek near Fayette, MO","CONUS","3","true","true","39.1208333","-92.5672222"
"06895000","RICM7","USGS","Crooked River near Richmond, MO","CONUS","3","true","true","39.33266389","-93.98"
"06898000","DVSI4","USGS","Thompson River at Davis City, IA","CONUS","3","true","true","40.64027778","-93.8080556"
"06917000","FTNK1","USGS","L OSAGE R AT FULTON, KS","CONUS","3","true","true","38.00892428","-94.7041264"
"06917500","FSKK1","USGS","MARMATON R NR FORT SCOTT, KS","CONUS","3","true","true","37.848929","-94.7027392"
"06918460","GFZM7","USGS","Turnback Creek above Greenfield, MO","CONUS","3","true","true","37.4023611","-93.8020278"
"06919500","PVUM7","USGS","Cedar Creek near Pleasant View, MO","CONUS","3","true","true","37.83405556","-93.8754722"
"06910230","TGRM7","USGS","Hinkson Creek at Columbia, MO","CONUS","3","true","true","38.92775","-92.3399444"
"06910750","JCMM7","USGS","Moreau River near Jefferson City, MO","CONUS","3","true","true","38.52902778","-92.1920278"
"06910800","RDNK1","USGS","MARAIS DES CYGNES R NR READING, KS","CONUS","3","true","true","38.56695524","-95.961657"
"06911490","LNDK1","USGS","SALT C AT LYNDON, KS","CONUS","3","true","true","38.60139907","-95.6847068"
"06923940","NMCM7","USGS","Niangua River ab Lake Niangua nr Macks Creek, MO","CONUS","3","true","true","37.8633333","-92.8980556"
"06927000","WPHM7","USGS","Maries River at Westphalia, MO","CONUS","3","true","true","38.43180556","-91.9886111"
"06928000","HZLM7","USGS","Gasconade River near Hazelgreen, MO","CONUS","3","true","true","37.75913889","-92.4520278"
"06928300","RBUM7","USGS","Roubidoux Creek above Fort Leonard Wood, MO","CONUS","3","true","true","37.6010833","-92.2338056"
"06932000","NEWM7","USGS","Little Piney Creek at Newburg, MO","CONUS","3","true","true","37.90952778","-91.9033333"
"06921070","POKM7","USGS","Pomme de Terre River near Polk, MO","CONUS","3","true","true","37.68266667","-93.3703333"
"06921200","PLKM7","USGS","Lindley Creek near Polk, MO","CONUS","3","true","true","37.7504722","-93.2661944"
"06921590","ARHM7","USGS","South Grand River at Archie, MO","CONUS","3","true","true","38.49158056","-94.3442444"
"06921720","BLRM7","USGS","Big Creek near Blairstown, MO","CONUS","3","true","true","38.55497778","-93.9653528"
"07010350","CSNM7","USGS","Meramec River at Cook Station, MO","CONUS","3","true","true","37.8291472","-91.4374833"
"07014000","HZHM7","USGS","Huzzah Creek near Steelville, MO","CONUS","3","true","true","37.97477778","-91.2040278"
"07021000","ZCRM7","USGS","Castor River at Zalma, MO","CONUS","3","true","true","37.14663889","-90.0755"
"07017200","IRNM7","USGS","Big River at Irondale, MO","CONUS","3","true","true","37.83","-90.6908889"
"07030392","LGRT1","USGS","WOLF RIVER AT LAGRANGE, TN","CONUS","3","true","true","35.03258978","-89.246736"
"07030500","ROST1","USGS","WOLF RIVER AT ROSSVILLE, TN","CONUS","3","true","true","35.05425748","-89.5411896"
"07037500","PAZM7","USGS","St. Francis River near Patterson, MO","CONUS","3","true","true","37.19452778","-90.5033056"
"07049000","HDGA4","USGS","War Eagle Creek near Hindsville, AR","CONUS","3","true","true","36.2","-93.855"
"07050500","BRYA4","USGS","Kings River near Berryville, AR","CONUS","3","true","true","36.4272222","-93.6208333"
"07050690","PEAM7","USGS","Pearson Creek near Springfield, MO","CONUS","3","true","true","37.17794444","-93.1983889"
"07050700","SGFM7","USGS","James River near Springfield, MO","CONUS","3","true","true","37.1499722","-93.2033889"
"07053250","OAKA4","USGS","Yocum Creek near Oak Grove, AR","CONUS","3","true","true","36.45444444","-93.3561111"
"07053810","BBCM7","USGS","Bull Creek near Walnut Shade, MO","CONUS","3","true","true","36.71775","-93.2068056"
"07054080","BRBM7","USGS","Beaver Creek at Bradleyville, MO","CONUS","3","true","true","36.77963889","-92.9072778"
"07048550","FYFA4","USGS","West Fork White River east of Fayetteville, AR","CONUS","3","true","true","36.05388889","-94.0830556"
"07056515","SILA4","USGS","Bear Creek near Silver Hill, AR","CONUS","3","true","true","35.94","-92.7133333"
"07057500","","USGS","North Fork River near Tecumseh, MO","CONUS","3","true","true","36.62302778","-92.2481389"
"07058000","","USGS","Bryant Creek near Tecumseh, MO","CONUS","3","true","true","36.6272222","-92.3060556"
"07060710","FSXA4","USGS","North Sylamore Creek near Fifty Six, AR","CONUS","3","true","true","35.99166667","-92.2138889"
"07061270","JSIM7","USGS","East Fork Black River near Lesterville, MO","CONUS","3","true","true","37.55255556","-90.8424444"
"07055646","BOXA4","USGS","Buffalo River near Boxley, AR","CONUS","3","true","true","35.93888889","-93.405"
"07071500","EPGM7","USGS","Eleven Point River near Bardley, MO","CONUS","3","true","true","36.64869444","-91.2008333"
"07103700","CSNC2","USGS","FOUNTAIN CREEK NEAR COLORADO SPRINGS, CO.","CONUS","3","false","true","38.85471357","-104.8780314"
"07103780","MCNC2","USGS","MONUMENT C AB N.GATE BLVD AT USAF ACADEMY, CO.","CONUS","3","true","true","39.03102778","-104.8466111"
"07065200","JKFM7","USGS","Jacks Fork near Mountain View, MO","CONUS","3","true","true","37.05652778","-91.6680278"
"07105490","EVAC2","USGS","CHEYENNE CREEK AT EVANS AVE AT COLORADO SPRINGS,CO","CONUS","3","true","true","38.79054685","-104.8641404"
"07126200","VBMC2","USGS","VAN BREMER ARROYO NEAR MODEL, CO","CONUS","3","true","true","37.34557255","-103.9580186"
"07126300","THTC2","USGS","PURGATOIRE RIVER NEAR THATCHER, CO.","CONUS","3","true","true","37.3564059","-103.9002383"
"07142300","MACK1","USGS","RATTLESNAKE C NR MACKSVILLE, KS","CONUS","3","true","true","37.8715361","-98.8758056"
"07144780","CASK1","USGS","NF NINNESCAH R AB CHENEY RE, KS","CONUS","3","true","true","37.8621972","-98.0137806"
"07149000","KIOK1","USGS","MEDICINE LODGE R NR KIOWA, KS","CONUS","3","true","true","37.03890556","-98.4701556"
"07151500","CBNK1","USGS","CHIKASKIA R NR CORBIN, KS","CONUS","3","true","true","37.12868889","-97.6015694"
"07157500","ENWK1","USGS","CROOKED C NR ENGLEWOOD, KS","CONUS","3","true","true","37.032528","-100.2112531"
"07160500","LVLO2","USGS","Skeleton Creek near Lovell, OK","CONUS","3","true","true","36.06004045","-97.5850471"
"07145700","WELK1","USGS","SLATE C AT WELLINGTON, KS","CONUS","3","true","true","37.24946707","-97.4036569"
"07164600","TJOO2","USGS","Joe Creek at 61st St at Tulsa, OK","CONUS","3","true","true","36.07565044","-95.9605501"
"07165562","THCO2","USGS","Haikey Creek at 101st St South at Tulsa, OK","CONUS","3","true","true","36.01704297","-95.8488777"
"07167500","CMXK1","USGS","OTTER C AT CLIMAX, KS","CONUS","3","true","true","37.70819167","-96.2232972"
"07184000","MCNK1","USGS","LIGHTNING C NR MCCUNE, KS","CONUS","3","true","true","37.2811711","-95.0327428"
"07185090","CMCO2","USGS","Tar Creek near Commerce, OK","CONUS","3","true","true","36.94367956","-94.8532862"
"07185910","NFSM7","USGS","North Fork Spring River near Purcell, MO","CONUS","3","true","true","37.25888889","-94.435"
"07187000","JOPM7","USGS","Shoal Creek above Joplin, MO","CONUS","3","false","true","37.0205833","-94.51375"
"07180500","CDPK1","USGS","CEDAR C NR CEDAR POINT, KS","CONUS","3","true","true","38.19653056","-96.8243417"
"07191222","JBCO2","USGS","Beaty Creek near Jay, OK","CONUS","3","true","true","36.35535924","-94.7763388"
"07195800","SPRA4","USGS","Flint Creek at Springtown, AR","CONUS","3","true","true","36.2561111","-94.4336111"
"07189100","BCCM7","USGS","Buffalo Creek at Tiff City, MO","CONUS","3","true","true","36.67080556","-94.604"
"07208500","CRCN5","USGS","RAYADO CREEK NEAR CIMARRON, NM","CONUS","3","true","true","36.37234444","-104.9692889"
"07226500","LOGN5","USGS","UTE CREEK NEAR LOGAN, NM","CONUS","3","true","true","35.43852778","-103.5257944"
"07197360","BCCO2","USGS","Caney Creek near Barber, OK","CONUS","3","true","true","35.7850906","-94.8563398"
"07241780","SSQO2","USGS","Squirrel Creek at Shawnee, OK","CONUS","3","true","true","35.30416667","-96.9122222"
"07249800","SHRO2","USGS","Lee Creek at Short, OK","CONUS","3","true","true","35.5658333","-94.5319444"
"07249920","LLCO2","USGS","Little Lee Creek near Nicut, OK","CONUS","3","true","true","35.57305556","-94.5569444"
"07250935","JOCA4","USGS","Jones Creek at Winfrey, AR","CONUS","3","true","true","35.7358333","-94.1030556"
"07250974","JKCA4","USGS","Jack Creek near Winfrey, AR","CONUS","3","true","true","35.70444444","-94.0916667"
"07252000","MLBA4","USGS","Mulberry River near Mulberry, AR","CONUS","3","true","true","35.57694444","-94.0152778"
"07257006","DVRA4","USGS","Big Piney Creek at Highway 164 near Dover, AR","CONUS","3","true","true","35.5058333","-93.1813889"
"07257500","STVA4","USGS","Illinois Bayou near Scottsville, AR","CONUS","3","true","true","35.46638889","-93.0411111"
"07260000","WLTA4","USGS","Dutch Creek at Waltreak, AR","CONUS","3","true","true","34.98694444","-93.6130556"
"07249400","HJFA4","USGS","James Fork near Hackett, AR","CONUS","3","true","true","35.1625","-94.4069444"
"072632962","BCMA4","USGS","Bringle Creek at Martindale, AR","CONUS","3","true","true","34.8811111","-92.6811111"
"072632982","RCIA4","USGS","Reece Creek at Little Italy, AR","CONUS","3","true","true","34.93","-92.5930556"
"07261000","GUYA4","USGS","Cadron Creek near Guy, AR","CONUS","3","true","true","35.2986111","-92.4038889"
"07274000","","USGS","YOCONA RIVER NR OXFORD, MS","CONUS","3","true","true","34.2733333","-89.5213889"
"07283000","","USGS","SKUNA RIVER AT BRUCE, MS","CONUS","3","true","true","33.9736111","-89.3477778"
"07291000","EDDM6","USGS","HOMOCHITTO RIVER AT EDDICETON, MS","CONUS","3","true","true","31.50305556","-90.7775"
"07288280","MRGM6","USGS","BIG SUNFLOWER RIVER NR MERIGOLD, MS","CONUS","3","true","true","33.8325","-90.67"
"07311500","RNDO2","USGS","Deep Red Creek near Randlett, OK","CONUS","3","true","true","34.22092454","-98.4531104"
"07311800","BENT2","USGS","S Wichita Rv nr Benjamin, TX","CONUS","3","true","true","33.644257","-99.8009252"
"07301410","KTNT2","USGS","Sweetwater Ck nr Kelton, TX","CONUS","3","true","true","35.47310419","-100.1209501"
"07303400","CRLO2","USGS","Elm Fork of North Fork Red River nr Carl, OK","CONUS","3","true","true","35.01172","-99.9037143"
"07325860","AWCO2","USGS","Willow Creek near Albert, OK","CONUS","3","true","true","35.23339066","-98.4661702"
"07315200","HTWT2","USGS","E Fk Little Wichita Rv nr Henrietta, TX","CONUS","3","true","true","33.81287833","-98.0850406"
"07315700","CORO2","USGS","Mud Creek near Courtney, OK","CONUS","3","true","true","34.00426516","-97.566968"
"07332390","CNVO2","USGS","Blue River near Connerville, OK","CONUS","3","true","true","34.383426","-96.6005579"
"07335700","BCDO2","USGS","Kiamichi River near Big Cedar, OK","CONUS","3","true","true","34.63843685","-94.6127236"
"07337900","GLOO2","USGS","Glover River near Glover, OK","CONUS","3","true","true","34.09760677","-94.9021667"
"07340300","VVRA4","USGS","Cossatot River near Vandervoort, AR","CONUS","3","true","true","34.38","-94.2363889"
"07331300","RPCO2","USGS","Pennington Creek near Reagan, OK","CONUS","3","true","true","34.3513333","-96.7103889"
"07346045","JEFT2","USGS","Black Cypress Bayou at Jefferson, TX","CONUS","3","true","true","32.7779173","-94.3574153"
"07348700","SPHL1","USGS","Bayou Dorcheat near Springhill, LA","CONUS","3","true","true","32.9945813","-93.39656"
"07342480","MSCT2","USGS","Middle Sulphur Rv at Commerce, TX","CONUS","3","true","true","33.26650079","-95.9155217"
"07342500","COPT2","USGS","S Sulphur Rv nr Cooper, TX","CONUS","3","true","true","33.356499","-95.5949562"
"07351500","KEIL1","USGS","Cypress Bayou near Keithville, LA","CONUS","3","true","true","32.3","-93.8277778"
"07359610","CDDA4","USGS","Caddo River near Caddo Gap, AR","CONUS","3","true","true","34.38277778","-93.6061111"
"07362100","SMKA4","USGS","Smackover Creek near Smackover, AR","CONUS","3","true","true","33.37527778","-92.7766667"
"07362587","RFMA4","USGS","Alum Fork Saline River near Reform, AR","CONUS","3","true","true","34.7975","-92.9338889"
"07372200","RHLL1","USGS","Little River near Rochelle, LA","CONUS","3","true","true","31.7543363","-92.3445833"
"07373000","POLL1","USGS","Big Creek at Pollock, LA","CONUS","3","true","true","31.5362873","-92.4084714"
"07375800","LPOL1","USGS","Tickfaw River at Liverpool, LA","CONUS","3","true","true","30.93073559","-90.6734317"
"07376500","NRBL1","USGS","Natalbany River at Baptist, LA","CONUS","3","true","true","30.50435795","-90.545924"
"07378000","CMTL1","USGS","Comite River near Comite, LA","CONUS","3","true","true","30.512689","-91.0737158"
"08010000","BDCL1","USGS","Bayou Des Cannes near Eunice, LA","CONUS","3","true","true","30.48288889","-92.4906944"
"08013000","GLML1","USGS","Calcasieu River nr Glenmora, LA","CONUS","3","true","true","30.99666667","-92.6736111"
"08014500","MTTL1","USGS","Ouiska Chitto Creek Near Oberlin, LA","CONUS","3","true","true","30.69875","-92.8931944"
"08020700","KLGT2","USGS","Rabbit Ck at Kilgore, TX","CONUS","3","false","true","32.38820599","-94.9032716"
"08023080","SBGL1","USGS","Bayou Grand Cane near Stanley, LA","CONUS","3","true","true","31.9627248","-93.9411723"
"08023400","BNSL1","USGS","Bayou San Patricio near Benson, LA","CONUS","3","true","true","31.8751667","-93.65851499"
"08025500","BTOL1","USGS","Bayou Toro near Toro, LA","CONUS","3","true","true","31.30712737","-93.5157295"
"08029500","NCCT2","USGS","Big Cow Ck nr Newton, TX","CONUS","3","true","true","30.81888889","-93.7855556"
"08017300","QLAT2","USGS","S Fk Sabine Rv nr Quinlan, TX","CONUS","3","true","true","32.89790085","-96.2533118"
"08041500","KOUT2","USGS","Village Ck nr Kountze, TX","CONUS","3","true","true","30.3979862","-94.2635215"
"08041700","SOLT2","USGS","Pine Island Bayou nr Sour Lake, TX","CONUS","3","true","true","30.1060464","-94.3346324"
"08031000","MCVT2","USGS","Cow Bayou nr Mauriceville, TX","CONUS","3","true","true","30.18632045","-93.9085058"
"08049700","MNFT2","USGS","Walnut Ck nr Mansfield, TX","CONUS","3","true","true","32.5809695","-97.1019533"
"08050800","CNVT2","USGS","Timber Ck nr Collinsville, TX","CONUS","3","true","true","33.55455428","-96.9472267"
"08050840","CVET2","USGS","Range Ck nr Collinsville, TX","CONUS","3","true","true","33.52622016","-96.8072191"
"08047500","FWHT2","USGS","Clear Fk Trinity Rv at Ft Worth, TX","CONUS","3","true","true","32.732353","-97.3589063"
"08064100","RCET2","USGS","Chambers Ck nr Rice, TX","CONUS","3","true","true","32.1984823","-96.5202639"
"08053500","DCJT2","USGS","Denton Ck nr Justin, TX","CONUS","3","true","true","33.11901003","-97.2905732"
"08057200","DWRT2","USGS","White Rk Ck at Greenville Ave, Dallas, TX","CONUS","3","true","true","32.88929207","-96.7566664"
"08066200","LIVT2","USGS","Long King Ck at Livingston, TX","CONUS","3","true","true","30.716306","-94.9588237"
"08066300","RYET2","USGS","Menard Ck nr Rye, TX","CONUS","3","true","true","30.48138889","-94.7797222"
"08068325","LWCT2","USGS","Willow Ck nr Tomball, TX","CONUS","3","true","true","30.10549526","-95.5466084"
"08075000","HBMT2","USGS","Brays Bayou at Houston, TX","CONUS","3","true","true","29.69717469","-95.412162"
"08082700","MCMT2","USGS","Millers Ck nr Munday, TX","CONUS","3","true","true","33.32926607","-99.4650825"
"08086212","ABAT2","USGS","Hubbard Ck bl Albany, TX","CONUS","3","true","true","32.73289717","-99.1406299"
"08079600","JTBT2","USGS","DMF Brazos Rv at Justiceburg, TX","CONUS","3","true","true","33.03843236","-101.1976302"
"08095300","MCGT2","USGS","Middle Bosque Rv nr McGregor, TX","CONUS","3","true","true","31.50933179","-97.365845"
"08099300","DSBT2","USGS","Sabana Rv nr De Leon, TX","CONUS","3","true","true","32.11402957","-98.6056067"
"08101000","PICT2","USGS","Cowhouse Ck at Pidcoke, TX","CONUS","3","true","true","31.2848902","-97.8850244"
"08109700","DMYT2","USGS","Middle Yegua Ck nr Dime Box, TX","CONUS","3","true","true","30.33937764","-96.9047037"
"08103900","BSJT2","USGS","S Fk Rocky Ck nr Briggs, TX","CONUS","3","true","true","30.91156805","-98.0369676"
"08104900","GETT2","USGS","S Fk San Gabriel Rv at Georgetown, TX","CONUS","3","true","true","30.6257499","-97.6911204"
"08144500","MNRT2","USGS","San Saba Rv at Menard, TX","CONUS","3","true","true","30.91907405","-99.785643"
"08150800","MBCT2","USGS","Beaver Ck nr Mason, TX","CONUS","3","true","true","30.64351548","-99.0958848"
"08152900","FRBT2","USGS","Pedernales Rv nr Fredericksburg, TX","CONUS","3","true","true","30.22048584","-98.8697812"
"08154700","ABUT2","USGS","Bull Ck at Loop 360 nr Austin, TX","CONUS","3","true","true","30.37214825","-97.7847301"
"08128400","TKST2","USGS","Middle Concho Rv abv Tankersley, TX","CONUS","3","true","true","31.42738264","-100.7112125"
"08130700","SPZT2","USGS","Spring Ck abv Twin Buttes Res nr San Angelo, TX","CONUS","3","true","true","31.3309973","-100.600931"
"08131400","SGOT2","USGS","Pecan Ck nr San Angelo, TX","CONUS","3","true","true","31.30905356","-100.4459254"
"08133250","SLRT2","USGS","N Concho Rv abv Sterling City, TX","CONUS","3","true","true","31.8973574","-101.105113"
"08158700","DRWT2","USGS","Onion Ck nr Driftwood, TX","CONUS","3","true","true","30.08298924","-98.0077859"
"08158860","SLHT2","USGS","Slaughter Ck at FM 2304 nr Austin, TX","CONUS","3","true","true","30.1621554","-97.8322279"
"08159000","ATIT2","USGS","Onion Ck at US Hwy 183, Austin, TX","CONUS","3","false","true","30.17798987","-97.6886138"
"08164000","EDNT2","USGS","Lavaca Rv nr Edna, TX","CONUS","3","true","true","28.95998449","-96.6863668"
"08164300","SBMT2","USGS","Navidad Rv nr Hallettsville, TX","CONUS","3","true","true","29.466908","-96.812756"
"08165300","HNFT2","USGS","N Fk Guadalupe Rv nr Hunt, TX","CONUS","3","true","true","30.06409747","-99.3869916"
"08165500","HNTT2","USGS","Guadalupe Rv at Hunt, TX","CONUS","3","true","true","30.06993074","-99.3217122"
"08166000","JCIT2","USGS","Johnson Ck nr Ingram, TX","CONUS","3","true","true","30.10020707","-99.2831006"
"08171290","HFXT2","USGS","Blanco Rv at Halifax Rch nr Kyle, TX","CONUS","3","true","true","30.00555556","-97.9525"
"08175000","WHOT2","USGS","Sandies Ck nr Westhoff, TX","CONUS","3","true","true","29.2152475","-97.4494353"
"08177300","PEDT2","USGS","Perdido Ck at FM 622 nr Fannin, TX","CONUS","3","true","true","28.7516564","-97.3172142"
"08181480","LKST2","USGS","Leon Ck at IH 35, San Antonio, TX","CONUS","3","true","true","29.32995837","-98.5841856"
"08178880","BDAT2","USGS","Medina Rv at Bandera, TX","CONUS","3","true","true","29.72383537","-99.070035"
"08189300","MIOT2","USGS","Medio Ck nr Beeville, TX","CONUS","3","true","true","28.48305164","-97.656663"
"08190000","UVAT2","USGS","Nueces Rv at Laguna, TX","CONUS","3","true","true","29.42856679","-99.997287"
"08194200","FRRT2","USGS","San Casimiro Ck nr Freer, TX","CONUS","3","true","true","27.96501329","-98.9669678"
"08195000","CNCT2","USGS","Frio Rv at Concan, TX","CONUS","3","true","true","29.48856496","-99.7047756"
"08196000","RWDT2","USGS","Dry Frio Rv nr Reagan Wells, TX","CONUS","3","true","true","29.50467576","-99.7814452"
"08198000","SALT2","USGS","Sabinal Rv nr Sabinal, TX","CONUS","3","true","true","29.4910644","-99.4928241"
"08200000","TPHT2","USGS","Hondo Ck nr Tarpley, TX","CONUS","3","true","true","29.57003056","-99.2476889"
"08200977","VCKT2","USGS","Middle Verde Ck at SH 173 nr Bandera, TX","CONUS","3","true","true","29.56777778","-99.0969444"
"08189200","RCCT2","USGS","Copano Ck nr Refugio, TX","CONUS","3","true","true","28.30361693","-97.1124913"
"08210400","GWLT2","USGS","Lagarto Ck nr George West, TX","CONUS","3","true","true","28.05973533","-98.0969482"
"08202700","SCRT2","USGS","Seco Ck at Rowe Rh nr D'Hanis, TX","CONUS","3","true","true","29.37078917","-99.2878185"
"08277470","RPPN5","USGS","RIO PUEBLO NR PENASCO, NM","CONUS","3","true","true","36.16846667","-105.6027889"
"08302500","TSQN5","USGS","TESUQUE CREEK ABOVE DIVERSIONS NEAR SANTA FE, NM","CONUS","3","true","true","35.73955556","-105.9049528"
"08267500","VADN5","USGS","RIO HONDO NEAR VALDEZ, NM","CONUS","3","true","true","36.5417972","-105.5565222"
"08269000","RPTN5","USGS","RIO PUEBLO DE TAOS NEAR TAOS, NM","CONUS","3","true","true","36.43944444","-105.5036111"
"08324000","JEZN5","USGS","JEMEZ RIVER NEAR JEMEZ, NM","CONUS","3","true","true","35.6619833","-106.7434389"
"08315480","SFAN5","USGS","SANTA FE RIVER ABOVE MCCLURE RES, NR SANTA FE, NM","CONUS","3","true","true","35.68891667","-105.8228333"
"08340500","","USGS","ARROYO CHICO NR GUADALUPE, NM","CONUS","3","true","true","35.59225","-107.1894444"
"08377900","RMON5","USGS","RIO MORA NEAR TERRERO, NM","CONUS","3","true","true","35.77711389","-105.6580278"
"08380500","MTZN5","USGS","GALLINAS CREEK NEAR MONTEZUMA, NM","CONUS","3","true","true","35.65199444","-105.3188306"
"08400000","LKWN5","USGS","FOURMILE DRAW NR LAKEWOOD, NM","CONUS","3","true","true","32.67268889","-104.3689694"
"08401200","SSRN5","USGS","SOUTH SEVEN RIVERS NR LAKEWOOD, NM","CONUS","3","true","true","32.5886111","-104.4213889"
"08405105","DKCN5","USGS","DARK CANYON DRAW NEAR WHITES CITY, NM","CONUS","3","true","true","32.29043056","-104.3491667"
"08386505","RRUN5","USGS","RIO RUIDOSO AT RUIDOSO, NM","CONUS","3","true","true","33.33653056","-105.7263083"
"08447020","SFIT2","USGS","Independence Ck nr Sheffield, TX","CONUS","3","true","true","30.45075","-101.7319167"
"08408500","RDBN5","USGS","DELAWARE RIVER NR RED BLUFF, NM","CONUS","3","true","true","32.02314167","-104.0544556"
"09035900","SWFC2","USGS","SOUTH FORK OF WILLIAMS FORK NEAR LEAL, CO","CONUS","3","true","true","39.79581958","-106.0305734"
"09050100","TCFC2","USGS","TENMILE CREEK BL NORTH TENMILE C, AT FRISCO, CO.","CONUS","3","true","true","39.57526424","-106.1105765"
"09051050","SLAC2","USGS","STRAIGHT CR BLW LASKEY GULCH NR DILLON, CO","CONUS","3","true","true","39.6397087","-106.040296"
"09065500","GOMC2","USGS","GORE CREEK AT UPPER STATION, NEAR MINTURN, CO.","CONUS","3","true","true","39.6258193","-106.2780823"
"09066000","BGKC2","USGS","BLACK GORE CREEK NEAR MINTURN, CO.","CONUS","3","true","true","39.59637495","-106.2650264"
"09107000","TRAC2","USGS","TAYLOR RIVER AT TAYLOR PARK, CO.","CONUS","3","true","true","38.86027127","-106.5666966"
"09112500","ALEC2","USGS","EAST RIVER AT ALMONT, CO","CONUS","3","true","true","38.66443715","-106.848095"
"09081600","RCYC2","USGS","CRYSTAL RIVER ABV AVALANCHE CRK, NEAR REDSTONE, CO","CONUS","3","true","true","39.23263889","-107.2275"
"09146020","UNOC2","USGS","UNCOMPAHGRE RIVER NEAR OURAY, CO","CONUS","3","true","true","38.04332665","-107.6831154"
"09124500","LFGC2","USGS","LAKE FORK AT GATEVIEW, CO.","CONUS","3","true","true","38.2988834","-107.2300557"
"09183600","MCSU1","USGS","MILL CREEK BELOW SHELEY TUNNEL, NEAR MOAB, UT","CONUS","3","true","true","38.48571796","-109.4111044"
"09188500","WBRW4","USGS","GREEN RIVER AT WARREN BRIDGE, NEAR DANIEL, WY","CONUS","3","true","true","43.0190833","-110.1188611"
"09196500","FRAW4","USGS","PINE CREEK ABOVE FREMONT LAKE, WY","CONUS","3","true","true","43.02705556","-109.7735278"
"09210500","FCHW4","USGS","FONTENELLE C NR HERSCHLER RANCH, NR FONTENELLE, WY","CONUS","3","true","true","42.09580556","-110.4160833"
"09238900","FISC2","USGS","FISH CR AT UPPER STA NR STEAMBOAT SPRINGS, CO","CONUS","3","true","true","40.4749775","-106.7869926"
"09217900","BNRU1","USGS","BLACKS FORK NEAR ROBERTSON, WY","CONUS","3","true","true","40.95902778","-110.5797222"
"09258980","MCYW4","USGS","MUDDY CREEK BELOW YOUNG DRAW, NEAR BAGGS, WY","CONUS","3","true","true","41.06814337","-107.6316359"
"09266500","ASHU1","USGS","ASHLEY CREEK NEAR VERNAL, UT","CONUS","3","true","true","40.57745816","-109.6220859"
"09253000","LSRC2","USGS","LITTLE SNAKE RIVER NEAR SLATER, CO","CONUS","3","true","true","40.99941048","-107.143388"
"09306242","COGC2","USGS","CORRAL GULCH NEAR RANGELY, CO","CONUS","3","true","true","39.9202502","-108.4728719"
"09292000","YEZU1","USGS","YELLOWSTONE R @ BRIDGE CMPGRND NR ALTONAH, UT","CONUS","3","true","true","40.5463369","-110.333771"
"09329050","SMCU1","USGS","SEVEN MILE CREEK NEAR FISH LAKE, UT","CONUS","3","true","true","38.62775234","-111.6479647"
"09310700","MCAU1","USGS","MUD CRK BL WINTER QUARTERS CYN @ SCOFIELD, UT","CONUS","3","true","true","39.7219111","-111.1615444"
"09359500","ATTC2","USGS","ANIMAS RIVER AT TALL TIMBER RESORT ABOVE TACOMA,CO","CONUS","3","true","true","37.59741667","-107.7769667"
"09352900","VNBC2","USGS","VALLECITO CREEK NEAR BAYFIELD, CO.","CONUS","3","true","true","37.47750126","-107.5436688"
"09399400","JCCA3","USGS","JACKS CANYON CREEK NEAR WINSLOW, AZ","CONUS","3","true","true","34.92141094","-110.7976357"
"09401110","DINA3","USGS","DINNEBITO WASH NEAR SAND SPRINGS, AZ","CONUS","3","true","true","35.78069444","-110.9304167"
"09404222","SEMA3","USGS","SPENCER CREEK NEAR PEACH SPRINGS, AZ","CONUS","3","true","true","35.7999","-113.65535"
"09404450","EFFU1","USGS","EAST FORK VIRGIN RIVER NEAR GLENDALE, UT","CONUS","3","true","true","37.3394272","-112.6043769"
"09405500","NFVU1","USGS","NORTH FORK VIRGIN RIVER NEAR SPRINGDALE, UT","CONUS","3","true","true","37.2097046","-112.9785512"
"09408000","LEEU1","USGS","LEEDS CREEK NEAR LEEDS, UT","CONUS","3","true","true","37.26748174","-113.3707839"
"09404208","DPSA3","USGS","DIAMOND CREEK NEAR PEACH SPRINGS, AZ","CONUS","3","true","true","35.76498839","-113.3682663"
"09413900","BDWU1","USGS","BEAVER DAM WASH NEAR ENTERPRISE, UT","CONUS","3","true","true","37.46997485","-114.0466458"
"09430500","GILN5","USGS","GILA RIVER NEAR GILA, NM","CONUS","3","true","true","33.06150278","-108.5373861"
"09430600","MCCN5","USGS","MOGOLLON CREEK NEAR CLIFF, NM","CONUS","3","true","true","33.16666667","-108.6497222"
"09470750","RMSA3","USGS","RAMSEY CANYON NEAR SIERRA VISTA, AZ","CONUS","3","true","true","31.44666667","-110.3058333"
"09470800","GFHA3","USGS","GARDEN CANYON NEAR FORT HUACHUCA, AZ","CONUS","3","true","true","31.47287518","-110.3478588"
"09484000","SBCA3","USGS","SABINO CREEK NEAR TUCSON, AZ","CONUS","3","true","true","32.3147222","-110.8109167"
"09484550","CNEA3","USGS","CIENEGA CREEK NEAR SONOITA, AZ.","CONUS","3","true","true","31.86555556","-110.57"
"09484580","BCSA3","USGS","BARREL CANYON NEAR SONOITA, AZ","CONUS","3","true","true","31.86175124","-110.691193"
"09484600","PNTA3","USGS","PANTANO WASH NEAR VAIL, AZ.","CONUS","3","true","true","32.0359141","-110.6775818"
"09485000","RINA3","USGS","RINCON CREEK NEAR TUCSON, AZ.","CONUS","3","true","true","32.12952258","-110.625914"
"09487000","BWTA3","USGS","BRAWLEY WASH NEAR THREE POINTS, AZ.","CONUS","3","true","true","32.07563364","-111.3387156"
"09489500","BPPA3","USGS","BLACK RVR BLW PUMPING PLANT, NR POINT OF PINES, AZ","CONUS","3","true","true","33.47672039","-109.7639775"
"09497800","CBQA3","USGS","CIBECUE CREEK NEAR CHRYSOTILE, AZ","CONUS","3","true","true","33.8431053","-110.5576092"
"09497980","CHRA3","USGS","CHERRY CREEK NEAR GLOBE, AZ","CONUS","3","true","true","33.8278262","-110.8562266"
"09498502","PCMA3","USGS","PINTO CREEK NEAR MIAMI, AZ","CONUS","3","true","true","33.4878297","-110.9953942"
"09499000","TNRA3","USGS","TONTO CREEK ABOVE GUN CREEK, NEAR ROOSEVELT, AZ","CONUS","3","true","true","33.9800413","-111.3034659"
"09504420","OAKA3","USGS","OAK CREEK NEAR SEDONA, AZ","CONUS","3","true","true","34.86168418","-111.7618227"
"09505200","WBVA3","USGS","WET BEAVER CREEK NEAR RIMROCK, AZ","CONUS","3","true","true","34.67474409","-111.672094"
"09505350","DBVA3","USGS","DRY BEAVER CREEK NEAR RIMROCK, AZ","CONUS","3","true","true","34.72863146","-111.775708"
"09492400","EWFA3","USGS","EAST FORK WHITE RIVER NEAR FORT APACHE, AZ.","CONUS","3","true","true","33.8222723","-109.8145413"
"09510200","SYCA3","USGS","SYCAMORE CREEK NEAR FORT MCDOWELL, AZ","CONUS","3","true","true","33.69421054","-111.541802"
"09512280","CAVA3","USGS","CAVE CREEK BLW COTTONWOOD CR NEAR CAVE CREEK, AZ.","CONUS","3","true","true","33.88725977","-111.9540388"
"09513780","NWRA3","USGS","NEW RIVER NEAR ROCK SPRINGS, AZ.","CONUS","3","true","true","33.97420168","-112.0990458"
"09505800","WCLA3","USGS","WEST CLEAR CREEK NEAR CAMP VERDE, AZ","CONUS","3","true","true","34.53863606","-111.6940356"
"09507980","EVDA3","USGS","EAST VERDE RIVER NEAR CHILDS, AZ","CONUS","3","true","true","34.27642068","-111.6387561"
"09508300","WTBA3","USGS","WET BOTTOM CREEK NEAR CHILDS, AZ","CONUS","3","true","true","34.16086787","-111.6929235"
"10023000","BGCU1","USGS","BIG CREEK NEAR RANDOLPH, UT","CONUS","3","true","true","41.60994177","-111.2540876"
"10109000","LGNU1","USGS","LOGAN RIVER ABOVE STATE DAM, NEAR LOGAN, UT","CONUS","3","true","true","41.74355","-111.7839806"
"09537200","LESA3","USGS","LESLIE CREEK NEAR MCNEAL, AZ.","CONUS","3","true","true","31.5900961","-109.5089559"
"10011500","BERU1","USGS","BEAR RIVER NEAR UTAH-WYOMING STATE LINE","CONUS","3","true","true","40.9652254","-110.8535079"
"10146400","CCMU1","USGS","CURRANT CREEK NEAR MONA, UT","CONUS","3","true","true","39.80259167","-111.8668806"
"10149400","DMOU1","USGS","DIAMOND FORK ABV RED HOLLOW NR THISTLE, UT","CONUS","3","true","true","40.07627778","-111.3826389"
"10128500","OAWU1","USGS","WEBER RIVER NEAR OAKLEY, UT","CONUS","3","true","true","40.7371721","-111.2479652"
"10166430","WESU1","USGS","WEST CANYON CREEK NEAR CEDAR FORT, UT","CONUS","3","true","true","40.40522565","-112.1004959"
"10249300","TWRN2","USGS","S TWIN RV NR ROUND MOUNTAIN, NV","CONUS","3","true","true","38.8874302","-117.2453673"
"10243260","LMNN2","USGS","LEHMAN CK NR BAKER, NV","CONUS","3","true","true","39.0116129","-114.2144392"
"10243700","CVCN2","USGS","CLEVE CK NR ELY, NV","CONUS","3","true","true","39.21657778","-114.5296389"
"10257600","MSYC1","USGS","MISSION C NR DESERT HOT SPRINGS CA","CONUS","3","true","true","34.01112284","-116.6280689"
"10258000","TQUC1","USGS","TAHQUITZ C NR PALM SPRINGS CA","CONUS","3","true","true","33.80501929","-116.5591816"
"10258500","PCNC1","USGS","PALM CYN C NR PALM SPRINGS CA","CONUS","3","true","true","33.74502178","-116.5355709"
"10259000","ANRC1","USGS","ANDREAS C NR PALM SPRINGS CA","CONUS","3","true","true","33.7600211","-116.5500155"
"10259200","DEPC1","USGS","DEEP C NR PALM DESERT CA","CONUS","3","true","true","33.63113647","-116.3922342"
"10263500","BRQC1","USGS","BIG ROCK C NR VALYERMO CA","CONUS","3","true","true","34.42083115","-117.8395072"
"10321940","MMCN2","USGS","MAGGIE CK ABV MAGGIE CK CYN NR CARLIN, NV","CONUS","3","true","true","40.8249142","-116.2234155"
"10329500","MARN2","USGS","MARTIN CK NR PARADISE VALLEY, NV","CONUS","3","true","true","41.5346175","-117.4179047"
"10336645","GNRC1","USGS","GENERAL C NR MEEKS BAY CA","CONUS","3","true","true","39.05185197","-120.1185209"
"10336660","BKDC1","USGS","BLACKWOOD C NR TAHOE CITY CA","CONUS","3","true","true","39.10740708","-120.1621352"
"10321590","SUSN2","USGS","SUSIE CK AT CARLIN, NV","CONUS","3","true","true","40.72602928","-116.0778547"
"10347310","DOGN2","USGS","DOG CK AT VERDI, NV","CONUS","3","true","true","39.5243537","-119.9954782"
"10352500","MDCN2","USGS","MCDERMITT CK NR MCDERMITT, NV","CONUS","3","true","true","41.9665572","-117.831812"
"10396000","DONO3","USGS","DONNER UND BLITZEN RIVER NR FRENCHGLEN OR","CONUS","3","true","true","42.7908333","-118.8675"
"11014000","JMLC1","USGS","JAMUL C NR JAMUL CA","CONUS","3","true","true","32.6375566","-116.8841893"
"11015000","SWCC1","USGS","SWEETWATER R NR DESCANSO CA","CONUS","3","true","true","32.8347737","-116.6230747"
"11046300","NMTC1","USGS","SAN MATEO C NR SAN CLEMENTE CA","CONUS","3","true","true","33.47085987","-117.4730986"
"11046360","CRIC1","USGS","CRISTIANITOS C AB SAN MATEO C NR SAN CLEMENTE CA","CONUS","3","true","true","33.42641717","-117.5703242"
"11023000","FSNC1","USGS","SAN DIEGO R A FASHION VALLEY AT SAN DIEGO CA","CONUS","3","true","true","32.76504998","-117.1686449"
"11042400","TEKC1","USGS","TEMECULA C NR AGUANGA CA","CONUS","3","true","true","33.45919759","-116.9236357"
"11063510","CJKC1","USGS","CAJON C BL LONE PINE C NR KEENBROOK CA","CONUS","3","true","true","34.2633392","-117.4669944"
"11055800","CITC1","USGS","CITY C NR HIGHLAND CA","CONUS","3","true","true","34.1438992","-117.1886507"
"11111500","SSWC1","USGS","SESPE CREEK NEAR WHEELER SPRINGS CA","CONUS","3","true","true","34.5777657","-119.2573347"
"11114495","MTGC1","USGS","MATILIJA C NR RES NR MATILIJA HOT SPRINGS CA","CONUS","3","true","true","34.5027693","-119.3573393"
"11118500","VRVC1","USGS","VENTURA R NR VENTURA","CONUS","3","true","true","34.35222038","-119.3084466"
"11120500","SJEC1","USGS","SAN JOSE C NR GOLETA CA","CONUS","3","true","true","34.45916286","-119.8090283"
"11124500","SCCC1","USGS","SANTA CRUZ C NR SANTA YNEZ CA","CONUS","3","true","true","34.5966563","-119.9087519"
"11129800","ZCCC1","USGS","ZACA C NR BUELLTON CA","CONUS","3","true","true","34.64859614","-120.1843172"
"11098000","ASPC1","USGS","ARROYO SECO NR PASADENA CA","CONUS","3","true","true","34.22222629","-118.1775727"
"11138500","SSQC1","USGS","SISQUOC R NR SISQUOC CA","CONUS","3","true","true","34.83995556","-120.1671694"
"11141280","LZCC1","USGS","LOPEZ C NR ARROYO GRANDE CA","CONUS","3","true","true","35.23553035","-120.4723857"
"11143000","BSRC1","USGS","BIG SUR R NR BIG SUR CA","CONUS","3","true","true","36.24579648","-121.7732872"
"11147500","PRBC1","USGS","SALINAS R A PASO ROBLES CA","CONUS","3","true","true","35.6285813","-120.6843373"
"11148900","NBYC1","USGS","NACIMIENTO R BL SAPAQUE C NR BRYSON CA","CONUS","3","true","true","35.78857918","-121.0938048"
"11152000","SOLC1","USGS","ARROYO SECO NR SOLEDAD CA","CONUS","3","true","true","36.28052076","-121.3227063"
"11162500","PECC1","USGS","PESCADERO C NR PESCADERO CA","CONUS","3","true","true","37.26077707","-122.3288602"
"11162570","SXGC1","USGS","SAN GREGORIO C A SAN GREGORIO CA","CONUS","3","true","true","37.3257762","-122.3866404"
"11169800","NRGC1","USGS","COYOTE C NR GILROY CA","CONUS","3","true","true","37.07772286","-121.4943832"
"11172945","MPTC1","USGS","ALAMEDA C AB DIV DAM NR SUNOL CA","CONUS","3","true","true","37.4974356","-121.7735644"
"11173200","AHOC1","USGS","ARROYO HONDO NR SAN JOSE CA","CONUS","3","true","true","37.46160337","-121.769397"
"11180900","KCRC1","USGS","CROW C NR HAYWARD CA","CONUS","3","true","true","37.70493008","-122.0438508"
"11200800","DKCC1","USGS","DEER C NR FOUNTAIN SPRINGS CA","CONUS","3","true","true","35.94161745","-118.8228702"
"11224500","LGCC1","USGS","LOS GATOS C AB NUNEZ CYN NR COALINGA CA","CONUS","3","true","true","36.21467719","-120.4707116"
"11253310","COLC1","USGS","CANTUA C NR CANTUA CREEK CA","CONUS","3","true","true","36.40217399","-120.4334917"
"11264500","HPIC1","USGS","MERCED R A HAPPY ISLES BRIDGE NR YOSEMITE CA","CONUS","3","true","true","37.73131496","-119.5590514"
"11274500","OREC1","USGS","ORESTIMBA C NR NEWMAN CA","CONUS","3","true","true","37.31549247","-121.1252081"
"11176400","YLEC1","USGS","ARROYO VALLE BL LANG CYN NR LIVERMORE CA","CONUS","3","true","true","37.56132196","-121.6838389"
"11180500","DYUC1","USGS","DRY C A UNION CITY CA","CONUS","3","true","true","37.6060452","-122.0238504"
"11299600","BCCC1","USGS","BLACK C NR COPPEROPOLIS CA","CONUS","3","true","true","37.96103615","-120.6152035"
"11335000","MHBC1","USGS","COSUMNES R A MICHIGAN BAR CA","CONUS","3","true","true","38.50018619","-121.0452212"
"11274630","PTTC1","USGS","DEL PUERTO C NR PATTERSON CA","CONUS","3","true","true","37.48659935","-121.2091026"
"11284400","BCWC1","USGS","BIG C AB WHITES GULCH NR GROVELAND CA","CONUS","3","true","true","37.8418714","-120.1849103"
"11374000","CWCC1","USGS","COW C NR MILLVILLE CA","CONUS","3","true","true","40.50487467","-122.2330577"
"11381500","MLMC1","USGS","MILL C NR LOS MOLINOS CA","CONUS","3","true","true","40.0546022","-122.0241541"
"11383500","DCVC1","USGS","DEER C NR VINA CA","CONUS","3","true","true","40.0140214","-121.9482872"
"11402000","SCBC1","USGS","SPANISH C AB BLACKHAWK C AT KEDDIE CA","CONUS","3","true","true","40.002947","-120.9543994"
"11413000","GYRC1","USGS","N YUBA R BL GOODYEARS BAR CA","CONUS","3","true","true","39.5248937","-120.9380068"
"11451100","HOUC1","USGS","NF CACHE C A HOUGH SPRING NR CLEARLAKE OAKS CA","CONUS","3","true","true","39.1654458","-122.6199862"
"11458000","APCC1","USGS","NAPA R NR NAPA CA","CONUS","3","true","true","38.3682457","-122.3033085"
"11461000","UKAC1","USGS","RUSSIAN R NR UKIAH CA","CONUS","3","true","true","39.1954471","-123.1950048"
"11467000","RIOC1","USGS","RUSSIAN R A HACIENDA BRIDGE NR GUERNEVILLE CA","CONUS","3","true","true","38.50852336","-122.9277737"
"11467200","AUSC1","USGS","AUSTIN C NR CAZADERO CA","CONUS","3","true","true","38.5065797","-123.0697239"
"11467510","","USGS","SF GUALALA R NR THE SEA RANCH CA","CONUS","3","true","true","38.70907868","-123.4266753"
"11468000","NVRC1","USGS","NAVARRO R NR NAVARRO CA","CONUS","3","true","true","39.17045608","-123.668069"
"11468500","FTBC1","USGS","NOYO R NR FORT BRAGG CA","CONUS","3","true","true","39.42822378","-123.7377917"
"11468900","ETTC1","USGS","MATTOLE R NR ETTERSBURG CA","CONUS","3","true","true","40.139309","-123.991423"
"11473900","DOSC1","USGS","MF EEL R NR DOS RIOS CA","CONUS","3","true","true","39.70626687","-123.3252913"
"11475800","LEGC1","USGS","SF EEL R A LEGGETT CA","CONUS","3","true","true","39.8745957","-123.7205775"
"11476600","WEOC1","USGS","BULL C NR WEOTT CA","CONUS","3","true","true","40.351528","-124.0050423"
"11480390","MAUC1","USGS","MAD R AB RUTH RES NR FOREST GLEN CA","CONUS","3","true","true","40.28431329","-123.3353034"
"11481000","ARCC1","USGS","MAD R NR ARCATA CA","CONUS","3","true","true","40.9098497","-124.0606183"
"11481200","TRDC1","USGS","LITTLE R NR TRINIDAD CA","CONUS","3","true","true","41.0098479","-124.0814555"
"11481500","BLKC1","USGS","REDWOOD C NR BLUE LAKE CA","CONUS","3","true","true","40.90596479","-123.815335"
"11521500","HAPC1","USGS","INDIAN C NR HAPPY CAMP CA","CONUS","3","true","true","41.83512325","-123.3831113"
"11522500","SBRC1","USGS","SALMON R A SOMES BAR CA","CONUS","3","true","true","41.3765154","-123.4770026"
"11525530","RCLC1","USGS","RUSH C NR LEWISTON CA","CONUS","3","true","true","40.7245899","-122.8347458"
"12010000","NASW1","USGS","NASELLE RIVER NEAR NASELLE, WA","CONUS","3","true","true","46.3739937","-123.743482"
"12013500","WILW1","USGS","WILLAPA RIVER NEAR WILLAPA, WA","CONUS","3","true","true","46.65093418","-123.6526584"
"12020000","DOTW1","USGS","CHEHALIS RIVER NEAR DOTY, WA","CONUS","3","true","true","46.6173236","-123.277644"
"12024000","SFNW1","USGS","SOUTH FORK NEWAUKUM RIVER NEAR ONALASKA, WA","CONUS","3","true","true","46.57566178","-122.6851159"
"12025700","VALW1","USGS","SKOOKUMCHUCK RIVER NEAR VAIL, WA","CONUS","3","true","true","46.77260276","-122.5940086"
"12035000","SATW1","USGS","SATSOP RIVER NEAR SATSOP, WA","CONUS","3","true","true","47.0006512","-123.4948838"
"12039005","HMRW1","USGS","HUMPTULIPS RIVER BELOW HWY 101 NR HUMPTULIPS, WA","CONUS","3","true","true","47.23147599","-123.974063"
"12039500","QLTW1","USGS","QUINAULT RIVER AT QUINAULT LAKE, WA","CONUS","3","true","true","47.4575863","-123.8893446"
"11525670","ICDC1","USGS","INDIAN C NR DOUGLAS CITY CA","CONUS","3","true","true","40.65181225","-122.9144689"
"11528700","HYMC1","USGS","SF TRINITY R BL HYAMPOM CA","CONUS","3","true","true","40.6498627","-123.4942046"
"11532500","CREC1","USGS","SMITH R NR CRESCENT CITY CA","CONUS","3","true","true","41.7915026","-124.0761887"
"12041200","HORW1","USGS","HOH RIVER AT US HIGHWAY 101 NEAR FORKS, WA","CONUS","3","true","true","47.80674726","-124.2510329"
"12043000","CALW1","USGS","CALAWAH RIVER NEAR FORKS, WA","CONUS","3","true","true","47.96007697","-124.3929872"
"12043300","HOKW1","USGS","HOKO RIVER NEAR SEKIU, WA","CONUS","3","true","true","48.24146416","-124.3838328"
"12048000","DRSW1","USGS","DUNGENESS RIVER NEAR SEQUIM, WA","CONUS","3","true","true","48.0142578","-123.1326773"
"12054000","DKBW1","USGS","DUCKABUSH RIVER NEAR BRINNON, WA","CONUS","3","true","true","47.68398059","-123.011551"
"12060500","SSUW1","USGS","SOUTH FORK SKOKOMISH RIVER NEAR UNION, WA","CONUS","3","true","true","47.34036949","-123.2801586"
"12040500","QUEW1","USGS","QUEETS RIVER NEAR CLEARWATER, WA","CONUS","3","true","true","47.5378275","-124.3157227"
"12082500","NISW1","USGS","NISQUALLY RIVER NEAR NATIONAL, WA","CONUS","3","true","true","46.75260766","-122.0837194"
"12092000","ELEW1","USGS","PUYALLUP RIVER NEAR ELECTRON, WA","CONUS","3","true","true","46.9037164","-122.0351092"
"12094000","FFXW1","USGS","CARBON RIVER NEAR FAIRFAX, WA","CONUS","3","true","true","47.02788105","-122.0326105"
"12095000","SPEW1","USGS","SOUTH PRAIRIE CREEK AT SOUTH PRAIRIE, WA","CONUS","3","true","true","47.13954628","-122.0926135"
"12097500","GRNW1","USGS","GREENWATER RIVER AT GREENWATER, WA","CONUS","3","true","true","47.1534409","-121.6356543"
"12079000","DSRW1","USGS","DESCHUTES RIVER NEAR RAINIER, WA","CONUS","3","true","true","46.85204488","-122.6687354"
"12108500","","USGS","NEWAUKUM CREEK NEAR BLACK DIAMOND, WA","CONUS","3","true","true","47.2756564","-122.059559"
"12117000","TAYW1","USGS","TAYLOR CREEK NEAR SELLECK, WA","CONUS","3","true","true","47.38646539","-121.846201"
"12120600","ISQW1","USGS","ISSAQUAH CREEK NEAR HOBART, WA","CONUS","3","true","true","47.45732368","-122.005117"
"12134500","GLBW1","USGS","SKYKOMISH RIVER NEAR GOLD BAR, WA","CONUS","3","true","true","47.83732546","-121.6667809"
"12137290","SULW1","USGS","SOUTH FORK SULTAN RIVER NEAR SULTAN, WA","CONUS","3","true","true","47.94732637","-121.6267826"
"12141300","TANW1","USGS","MIDDLE FORK SNOQUALMIE RIVER NEAR TANNER, WA","CONUS","3","true","true","47.48591189","-121.647864"
"12142000","SNQW1","USGS","NF SNOQUALMIE RIVER NEAR SNOQUALMIE FALLS, WA","CONUS","3","true","true","47.61482536","-121.7134437"
"12143400","GARW1","USGS","SF SNOQUALMIE RIVER AB ALICE CREEK NEAR GARCIA, WA","CONUS","3","true","true","47.4151086","-121.5873213"
"12115500","REXW1","USGS","REX RIVER NEAR CEDAR FALLS, WA","CONUS","3","true","true","47.35066169","-121.6631582"
"12158040","TLCW1","USGS","TULALIP CREEK NEAR TULALIP, WA","CONUS","3","true","true","48.0684294","-122.2879204"
"12167000","ARGW1","USGS","NF STILLAGUAMISH RIVER NEAR ARLINGTON, WA","CONUS","3","true","true","48.26149178","-122.0476407"
"12145500","RAGW1","USGS","RAGING RIVER NEAR FALL CITY, WA","CONUS","3","true","true","47.53982388","-121.9090047"
"12182500","CSCW1","USGS","CASCADE RIVER AT MARBLEMOUNT, WA","CONUS","3","true","true","48.5262307","-121.4154046"
"12186000","WCHW1","USGS","SAUK RIVER AB WHITE CHUCK RIVER NR  DARRINGTON, WA","CONUS","3","true","true","48.16872009","-121.4706723"
"12175500","THNW1","USGS","THUNDER CREEK NEAR NEWHALEM, WA","CONUS","3","true","true","48.6726287","-121.0728964"
"12178100","NEKW1","USGS","NEWHALEM CREEK NEAR NEWHALEM, WA","CONUS","3","true","true","48.66012536","-121.2476233"
"12205000","NFNW1","USGS","NF NOOKSACK RIVER BL CASCADE CREEK NR GLACIER, WA","CONUS","3","true","true","48.90595739","-121.8443104"
"12208000","MFNW1","USGS","MF NOOKSACK RIVER NEAR DEMING, WA","CONUS","3","true","true","48.7792828","-122.1065434"
"12210000","NSSW1","USGS","SF NOOKSACK RIVER AT SAXON BRIDGE, WA","CONUS","3","true","true","48.67761256","-122.1665454"
"12210900","","USGS","ANDERSON CREEK AT SMITH ROAD NEAR GOSHEN, WA","CONUS","3","true","true","48.8326141","-122.3390502"
"12201500","SMRW1","USGS","SAMISH RIVER NEAR BURLINGTON, WA","CONUS","3","true","true","48.54594127","-122.3382169"
"12323670","MCAM8","USGS","Mill Creek nr Anaconda, MT","CONUS","3","true","true","46.0829722","-112.9171889"
"12323710","WCAM8","USGS","Willow Creek nr Anaconda, MT","CONUS","3","true","true","46.0645111","-112.8935306"
"12324590","LBFM8","USGS","Little Blackfoot River near Garrison MT","CONUS","3","true","true","46.5194833","-112.7931722"
"12302055","FISM8","USGS","Fisher River near Libby MT","CONUS","3","true","true","48.35560278","-115.31465"
"12358500","WGCM8","USGS","M F Flathead River near West Glacier MT","CONUS","3","true","true","48.49551667","-114.0102083"
"12359800","TNCM8","USGS","S F Flathead R ab Twin C nr Hungry Horse MT","CONUS","3","true","true","47.9790972","-113.5606833"
"12363000","CFMM8","USGS","Flathead River at Columbia Falls MT","CONUS","3","true","true","48.3618111","-114.18495"
"12330000","BMXM8","USGS","Boulder Creek at Maxville MT","CONUS","3","true","true","46.47165278","-113.2357694"
"12377150","MSNM8","USGS","Mission Creek ab reservoir nr St. Ignatius MT","CONUS","3","true","true","47.3228222","-113.9793806"
"12381400","ARLM8","USGS","South Fork Jocko River near Arlee MT","CONUS","3","true","true","47.19555","-113.850736"
"12390700","PRCM8","USGS","Prospect Creek at Thompson Falls MT","CONUS","3","true","true","47.5860611","-115.3551"
"12392155","LTCI1","USGS","LIGHTNING CREEK AT CLARK FORK ID","CONUS","3","true","true","48.15166667","-116.1816667"
"12395000","PRTI1","USGS","Priest River near Priest River, ID","CONUS","3","true","true","48.20852","-116.9146429"
"12370000","SWRM8","USGS","Swan River near Bigfork, MT","CONUS","3","true","true","48.02423056","-113.9788194"
"12413370","","USGS","EF PINE CREEK ABV NABOB CR NEAR PINEHURST ID","CONUS","3","true","true","47.47666667","-116.2216667"
"12413875","SJII1","USGS","St Joe River at Red Ives Ranger Station, ID","CONUS","3","true","true","47.05602858","-115.3532001"
"12424000","HAGW1","USGS","Hangman Creek at Spokane, WA","CONUS","3","true","true","47.6526688","-117.449658"
"12411000","ZZZI1","USGS","NF COEUR D ALENE R AB SHOSHONE CK NR PRICHARD ID","CONUS","3","true","true","47.7061111","-115.9791667"
"12413125","","USGS","CANYON CREEK AB MOUTH AT WALLACE, ID","CONUS","3","true","true","47.4725","-115.9147222"
"12413130","NMLI1","USGS","NINEMILE CREEK AB MOUTH AT WALLACE, ID","CONUS","3","true","true","47.4749","-115.9227"
"12447383","MZMW1","USGS","METHOW RIVER ABOVE GOAT CREEK NEAR MAZAMA, WA","CONUS","3","true","true","48.57425","-120.385861"
"12447390","ACMW1","USGS","ANDREWS CREEK NEAR MAZAMA, WA","CONUS","3","true","true","48.8228737","-120.1459038"
"12456500","CHIW1","USGS","CHIWAWA RIVER NEAR PLAIN, WA","CONUS","3","true","true","47.8373461","-120.6623161"
"12458000","ICIW1","USGS","ICICLE CREEK ABOVE SNOW CREEK NEAR LEAVENWORTH, WA","CONUS","3","true","true","47.5409539","-120.7200872"
"12451000","STHW1","USGS","STEHEKIN RIVER AT STEHEKIN, WA","CONUS","3","true","true","48.32958017","-120.6917668"
"12452800","ARDW1","USGS","ENTIAT RIVER NEAR ARDENVOIR, WA","CONUS","3","true","true","47.81846178","-120.4231438"
"12452890","MRAW1","USGS","MAD RIVER AT ARDENVOIR, WA","CONUS","3","true","true","47.7367943","-120.3686962"
"13010065","FLGW4","USGS","SNAKE RIVER AB JACKSON LAKE AT FLAGG RANCH WY","CONUS","3","true","true","44.09888889","-110.6675"
"13011500","PACW4","USGS","PACIFIC CREEK AT MORAN, WY","CONUS","3","true","true","43.8510187","-110.5171751"
"13011900","BFKW4","USGS","BUFFALO FORK AB LAVA CREEK, NR MORAN, WY","CONUS","3","true","true","43.83805556","-110.4408333"
"13016305","GCMW4","USGS","GRANITE C AB GRANITE C SUPPLEMENTAL, NR MOOSE, WY","CONUS","3","true","true","43.60316667","-110.8058333"
"13023000","GREW4","USGS","GREYS RIVER ABOVE RESERVOIR, NEAR ALPINE, WY","CONUS","3","true","true","43.14305556","-110.9769444"
"13032500","PALI1","USGS","SNAKE RIVER NR IRWIN ID","CONUS","3","true","true","43.3508333","-111.2188889"
"13037500","HEII1","USGS","SNAKE RIVER NR HEISE ID","CONUS","3","true","true","43.6125","-111.66"
"13083000","TCOI1","USGS","TRAPPER CREEK NR OAKLEY ID","CONUS","3","true","true","42.1658333","-113.983611"
"13139510","","USGS","BIG WOOD RIVER AT HAILEY ID TOTAL FLOW","CONUS","3","true","true","43.5172222","-114.3216667"
"13148500","WODI1","USGS","LITTLE WOOD RIVER NR CAREY ID","CONUS","3","true","true","43.39","-113.9997222"
"13161500","BRON2","USGS","BRUNEAU RV AT ROWLAND, NV","CONUS","3","true","true","41.9332368","-115.6745268"
"13162225","JBGN2","USGS","JARBIDGE RV BLW JARBIDGE, NV","CONUS","3","true","true","41.8904614","-115.4286816"
"13185000","BTSI1","USGS","BOISE RIVER NR TWIN SPRINGS ID","CONUS","3","true","true","43.66805556","-115.7252778"
"13186000","BRFI1","USGS","SF BOISE RIVER NR FEATHERVILLE ID","CONUS","3","true","true","43.4958333","-115.3080556"
"13190500","ARAI1","USGS","SF BOISE RIVER AT ANDERSON RANCH DAM ID","CONUS","3","true","true","43.3436111","-115.4775"
"13247500","HRSI1","USGS","PAYETTE RIVER NR HORSESHOE BEND ID","CONUS","3","true","true","43.9433333","-116.1966667"
"13266000","WSRI1","USGS","WEISER RIVER NR WEISER ID","CONUS","3","true","true","44.27","-116.7722222"
"13297330","TOMI1","USGS","THOMPSON CREEK NR CLAYTON ID","CONUS","3","true","true","44.27027778","-114.5166667"
"13217500","BEUO3","USGS","NORTH FORK MALHEUR RIVER AT BEULAH OR","CONUS","3","true","true","43.9075","-118.1533333"
"13233300","VALO3","USGS","MALHEUR RIVER BELOW NEVADA DAM NEAR VALE OR","CONUS","3","true","true","43.9875","-117.2188889"
"13235000","PRLI1","USGS","SOUTH FORK PAYETTE RIVER AT LOWMAN, ID","CONUS","3","true","true","44.08527778","-115.6222222"
"13237920","MFPI1","USGS","MIDDLE FORK PAYETTE RIVER NR CROUCH ID","CONUS","3","true","true","44.1086111","-115.9822222"
"13239000","PAYI1","USGS","NF PAYETTE RIVER AT MCCALL ID","CONUS","3","true","true","44.9072222","-116.1191667"
"13240000","LFPI1","USGS","LAKE FORK PAYETTE RIVER AB JUMBO CR NR MCCALL ID","CONUS","3","true","true","44.9136111","-115.9972222"
"13309220","MIDI1","USGS","MF SALMON RIVER AT MF LODGE NR YELLOW PINE ID","CONUS","3","true","true","44.7215194","-115.0143472"
"13310700","KRSI1","USGS","SF SALMON RIVER NR KRASSEL RANGER STATION ID","CONUS","3","true","true","44.9869444","-115.725"
"13313000","JOHI1","USGS","JOHNSON CREEK AT YELLOW PINE ID","CONUS","3","true","true","44.96166667","-115.5"
"13334450","","USGS","ASOTIN CREEK BELOW CONFLUENCE NEAR ASOTIN, WA","CONUS","3","true","true","46.2736111","-117.2913889"
"13336500","SELI1","USGS","SELWAY RIVER NR LOWELL ID","CONUS","3","true","true","46.08666667","-115.5138889"
"13338500","STII1","USGS","SF CLEARWATER RIVER AT STITES ID","CONUS","3","true","true","46.08638889","-115.9766667"
"13339500","","USGS","LOLO CREEK NR GREER ID","CONUS","3","true","true","46.37166667","-116.1625"
"13340600","CRSI1","USGS","NF CLEARWATER RIVER NR CANYON RANGER STATION ID","CONUS","3","true","true","46.84055556","-115.621111"
"13331500","MNMO3","USGS","MINAM RIVER AT MINAM, OR","CONUS","3","true","true","45.6198669","-117.7265892"
"13346800","PACI1","USGS","PARADISE CR AT UNIVERSITY OF IDAHO AT MOSCOW ID","CONUS","3","true","true","46.7319444","-117.0241667"
"13348000","PULW1","USGS","SOUTH FORK PALOUSE RIVER AT PULLMAN, WA","CONUS","3","true","true","46.7323856","-117.1810048"
"14096850","BCQO3","USGS","BEAVER CREEK BELOW QUARTZ CREEK, NR SIMNASHO, OR","CONUS","3","true","true","44.9587272","-121.3942286"
"14113200","MSRO3","USGS","MOSIER CREEK NEAR MOSIER, OR","CONUS","3","true","true","45.649008","-121.3772951"
"14137000","SRMO3","USGS","SANDY RIVER NEAR MARMOT, OR","CONUS","3","true","true","45.3995642","-122.1373068"
"14138800","BLZO3","USGS","BLAZED ALDER CREEK NEAR RHODODENDRON, OR","CONUS","3","true","true","45.4526183","-121.8914684"
"14138870","FCBO3","USGS","FIR CREEK NEAR BRIGHTWOOD, OR","CONUS","3","true","true","45.48011889","-122.0256385"
"14138900","NBRO3","USGS","NORTH FORK BULL RUN RIVER NEAR MULTNOMAH FALLS, OR","CONUS","3","true","true","45.4942454","-122.035888"
"14092750","SHIO3","USGS","SHITIKE CRK AT PETERS PASTURE, NR WARM SPRINGS, OR","CONUS","3","true","true","44.75039516","-121.633397"
"14150800","WCLO3","USGS","WINBERRY CREEK NEAR LOWELL,OR","CONUS","3","true","true","43.9142924","-122.6886762"
"14154500","DRRO3","USGS","ROW RIVER ABOVE PITCHER CREEK, NEAR DORENA, OR","CONUS","3","true","true","43.7359565","-122.8734019"
"14158500","MOCO3","USGS","MCKENZIE RIVER AT OUTLET OF CLEAR LAKE, OR","CONUS","3","true","true","44.3609545","-121.9956172"
"14158790","","USGS","SMITH RIVER ABV SMITH R RESV,NR BELKNAP SPRNGS,OR","CONUS","3","true","true","44.3345666","-122.0470074"
"14141500","LSNO3","USGS","LITTLE SANDY RIVER NEAR BULL RUN, OR","CONUS","3","true","true","45.41539777","-122.1714746"
"14166500","NOTO3","USGS","LONG TOM RIVER NEAR NOTI, OR","CONUS","3","true","true","44.04984478","-123.4262097"
"14178000","BCKO3","USGS","NO SANTIAM R BLW BOULDER CRK, NR DETROIT, OR","CONUS","3","true","true","44.7067885","-122.1011859"
"14180300","DEQO3","USGS","BLOWOUT CREEK NEAR DETROIT, OR","CONUS","3","true","true","44.65289999","-122.130908"
"14159200","SFCO3","USGS","SO FK MCKENZIE RIVER ABV COUGAR LAKE NR RAINBOW OR","CONUS","3","true","true","44.047067","-122.2178245"
"14161500","LOCO3","USGS","LOOKOUT CREEK NEAR BLUE RIVER, OR","CONUS","3","true","true","44.2095708","-122.256733"
"14185000","","USGS","SOUTH SANTIAM RIVER BELOW CASCADIA, OR","CONUS","3","true","true","44.39179225","-122.4975817"
"14187000","","USGS","WILEY CREEK NEAR FOSTER, OR","CONUS","3","true","true","44.37234769","-122.6231384"
"14182500","","USGS","LITTLE NORTH SANTIAM RIVER NEAR MEHAMA, OR","CONUS","3","true","true","44.7915108","-122.5789738"
"14211400","GREO3","USGS","JOHNSON CREEK AT REGNER ROAD, AT GRESHAM, OR","CONUS","3","true","true","45.4865092","-122.421757"
"14211500","SYCO3","USGS","JOHNSON CREEK AT SYCAMORE, OR","CONUS","3","true","true","45.47745556","-122.5080194"
"14222500","HSSW1","USGS","EAST FORK LEWIS RIVER NEAR HEISSON, WA","CONUS","3","true","true","45.8367809","-122.4662083"
"14226500","PACW1","USGS","COWLITZ RIVER AT PACKWOOD, WA","CONUS","3","true","true","46.61285685","-121.6792344"
"14236200","TILW1","USGS","TILTON RIVER AB BEAR CANYON CREEK NEAR CINEBAR, WA","CONUS","3","true","true","46.5953843","-122.4595564"
"14242580","TOTW1","USGS","TOUTLE RIVER AT TOWER ROAD NEAR SILVER LAKE, WA","CONUS","3","true","true","46.335","-122.8408333"
"14299800","VENO3","USGS","NEHALEM RIVER NEAR VERNONIA, OR","CONUS","3","true","true","45.80705586","-123.2831722"
"14301000","FSSO3","USGS","NEHALEM RIVER NEAR FOSS, OR","CONUS","3","true","true","45.7039986","-123.755405"
"14301500","TLMO3","USGS","WILSON RIVER NEAR TILLAMOOK, OR","CONUS","3","true","true","45.47593996","-123.7251209"
"14302480","TRAO3","USGS","TRASK RIVER ABOVE CEDAR CREEK, NEAR TILLAMOOK, OR","CONUS","3","true","true","45.4462181","-123.7103974"
"14305500","SILO3","USGS","SILETZ RIVER AT SILETZ, OR","CONUS","3","true","true","44.7151172","-123.8873348"
"14216500","MUDW1","USGS","MUDDY RIVER BELOW CLEAR CREEK NEAR COUGAR, WA","CONUS","3","true","true","46.0756326","-121.9986768"
"14219000","CCAW1","USGS","CANYON CREEK NEAR AMBOY, WA","CONUS","3","true","true","45.9398339","-122.3170398"
"14309500","GLNO3","USGS","WEST FORK COW CREEK NEAR GLENDALE, OR","CONUS","3","true","true","42.80400356","-123.6109071"
"14315950","FHCO3","USGS","FISH CREEK ABV SLIPPER CREEK NR TOKETEE FALLS, OR","CONUS","3","true","true","43.21123347","-122.4275415"
"14316455","SSPO3","USGS","N.UMPQUA R BLW SODA SPGS RESV, NR TOKETEE FALLS,OR","CONUS","3","true","true","43.30373229","-122.4989339"
"14316495","BODO3","USGS","BOULDER CREEK NEAR TOKETEE FALLS, OR","CONUS","3","true","true","43.3034543","-122.5303237"
"14316700","SCRO3","USGS","STEAMBOAT CREEK NEAR GLIDE, OR","CONUS","3","true","true","43.349842","-122.7289415"
"14318000","LRPO3","USGS","LITTLE RIVER AT PEEL, OR","CONUS","3","true","true","43.2526179","-123.0261716"
"14306500","TIDO3","USGS","ALSEA RIVER NEAR TIDEWATER, OR","CONUS","3","true","true","44.3859538","-123.831778"
"14307620","MPLO3","USGS","SIUSLAW RIVER NEAR MAPLETON, OR","CONUS","3","true","true","44.06234317","-123.8831659"
"14308000","TILO3","USGS","SOUTH UMPQUA RIVER AT TILLER, OR","CONUS","3","true","true","42.9303985","-122.9483872"
"14308500","","USGS","ELK CREEK NR DREW, OR","CONUS","3","true","true","42.89012159","-122.9178303"
"14357500","MFDO3","USGS","BEAR CREEK AT MEDFORD, OR","CONUS","3","true","true","42.32401547","-122.8667057"
"14362250","SGRO3","USGS","STAR GULCH NEAR RUCH, OR","CONUS","3","true","true","42.15401355","-123.075323"
"402114105350101","MRPC2","USGS","BIG THOMPSON BL MORAINE PARK NR ESTES PARK, CO","CONUS","3","true","true","40.3538611","-105.5841389"
"15236900","WLCA2","USGS","WOLVERINE C NR LAWING AK","Alaska","1","true","true","60.36999097","-148.8988085"
"15238600","","USGS","SPRUCE C NR SEWARD AK","Alaska","1","true","true","60.0688812","-149.4543636"
"15238978","","USGS","BATTLE C DIV AB BRADLEY LK NR HOMER AK","Alaska","1","true","true","59.7452409","-150.8415645"
"15238986","BATA2","USGS","BATTLE C 1.0 MI AB MOUTH NR HOMER AK","Alaska","1","true","true","59.76173646","-150.955177"
"15239050","BRMA2","USGS","MF BRADLEY R NR HOMER AK","Alaska","1","true","true","59.77774568","-150.7562948"
"15243900","SNOA2","USGS","SNOW R NR SEWARD AK","Alaska","1","true","true","60.2944267","-149.3460349"
"15274600","CCSA2","USGS","CAMPBELL C NR SPENARD AK","Alaska","1","true","true","61.1388788","-149.9255484"
"15275100","CHRA2","USGS","CHESTER C AT ARCTIC BOULEVARD AT ANCHORAGE AK","Alaska","1","true","true","61.204714","-149.8974969"
"15276000","SHIA2","USGS","SHIP C NR ANCHORAGE AK","Alaska","1","true","true","61.22499648","-149.6372152"
"15281000","","USGS","KNIK R NR PALMER AK","Alaska","1","true","true","61.50445678","-149.0327778"
"15283700","MOOA2","USGS","MOOSE C NR PALMER AK","Alaska","1","true","true","61.68438889","-149.0524167"
"15290000","LSUA2","USGS","L SUSITNA R NR PALMER AK","Alaska","1","true","true","61.7097358","-149.2319635"
"15292000","GCSA2","USGS","SUSITNA R AT GOLD CREEK AK","Alaska","1","true","true","62.7672899","-149.6933794"
"15292800","","USGS","MONTANA C NR MONTANA AK","Alaska","1","true","true","62.1047619","-150.0597486"
"15293200","","USGS","KASHWITNA R NR WILLOW AK","Alaska","1","true","true","61.92388889","-150.0713889"
"15293700","","USGS","L WILLOW C NR KASHWITNA AK","Alaska","1","true","true","61.80974586","-150.0972379"
"15294005","WLWA2","USGS","WILLOW C NR WILLOW AK","Alaska","1","true","true","61.78028219","-149.8867047"
"15266110","SKLA2","USGS","KENAI R BL SKILAK LK OUTLET NR STERLING AK","Alaska","1","true","true","60.4660763","-150.6010714"
"15271000","SIXA2","USGS","SIXMILE C NR HOPE AK","Alaska","1","true","true","60.8202692","-149.4274606"
"15272380","","USGS","TWENTYMILE R BL GLACIER R NR PORTAGE AK","Alaska","1","true","true","60.8974833","-148.9241074"
"16010000","KWKH1","USGS","Kawaikoi Stream nr Waimea, Kauai, HI","Hawaii","2","true","true","22.13280556","-159.6199444"
"16019000","WIEH1","USGS","Waialae Str at alt 3,820 ft nr Waimea, Kauai, HI","Hawaii","2","true","true","22.08583333","-159.5690833"
"MSS","","CADWR","","CONUS","3","false","true","40.9551811218262","-122.227745056152"
"16108000","WNIH1","USGS","Wainiha River nr Hanalei, Kauai, HI","Hawaii","2","true","true","22.13588889","-159.557861"
"16200000","KNFH1","USGS","NF Kaukonahua Str abv RB, nr Wahiawa, Oahu, HI","Hawaii","2","true","true","21.51627778","-157.9453056"
"16211600","MKHH1","USGS","Makaha Str nr Makaha, Oahu, HI","Hawaii","2","true","true","21.50158333","-158.1801667"
"16213000","","USGS","Waikele Str at Waipahu, Oahu, HI","Hawaii","2","true","true","21.38347222","-158.0109167"
"16226200","HWSH1","USGS","N. Halawa Str nr Honolulu, Oahu, HI","Hawaii","2","true","true","21.382","-157.9033333"
"16226400","NHSH1","USGS","N. Halawa Str nr Quar. Stn. at Halawa, Oahu, HI","Hawaii","2","true","true","21.37188889","-157.9127222"
"16068000","WEBH1","USGS","EB of NF Wailua River nr Lihue, Kauai, HI","Hawaii","2","true","true","22.06877778","-159.4151667"
"16103000","HLEH1","USGS","Hanalei River nr Hanalei, Kauai, HI","Hawaii","2","true","true","22.17958333","-159.4663889"
"16294100","WHSH1","USGS","Waiahole Stream above Kamehameha Hwy, Oahu, HI","Hawaii","2","false","true","21.48202778","-157.8458889"
"16301050","PNSH1","USGS","Punaluu Str abv Punaluu Ditch Intake, Oahu, HI","Hawaii","2","true","true","21.55638889","-157.8988889"
"16304200","KLSH1","USGS","Kaluanui Stream nr Punaluu, Oahu, HI","Hawaii","2","true","true","21.5861111","-157.9080556"
"16501200","OHGH1","USGS","Oheo Gulch at dam near Kipahulu, Maui, HI","Hawaii","2","true","true","20.6683611","-156.0522222"
"16508000","HNWH1","USGS","Hanawi Stream near Nahiku, Maui, HI","Hawaii","2","true","true","20.8068611","-156.1142222"
"16518000","WWKH1","USGS","West Wailuaiki Stream near Keanae, Maui, HI","Hawaii","2","true","true","20.8143611","-156.1429722"
"16587000","","USGS","Honopou Stream near Huelo, Maui, HI","Hawaii","2","true","true","20.88563889","-156.2525556"
"16604500","","USGS","Wailuku River at Kepaniwai Park, Maui, HI","Hawaii","2","true","true","20.88238889","-156.5392778"
"16614000","","USGS","Waihee Rv abv Waihee Dtch intk nr Waihee, Maui, HI","Hawaii","2","true","true","20.9358611","-156.5468333"
"16618000","KKLH1","USGS","Kahakuloa Stream near Honokohau, Maui, HI","Hawaii","2","true","true","20.97869444","-156.5545"
"16620000","HKSH1","USGS","Honokohau Stream near Honokohau, Maui, HI","Hawaii","2","true","true","20.95969444","-156.5870556"
"16345000","OPAH1","USGS","Opaeula Str nr Wahiawa, Oahu, HI","Hawaii","2","true","true","21.56233333","-158.00025"
"16400000","","USGS","Halawa Stream near Halawa, Molokai, HI","Hawaii","2","true","true","21.1555","-156.7619722"
"16725000","ALKH1","USGS","Alakahi Stream near Kamuela, HI","Hawaii","2","true","true","20.07108333","-155.67075"
"16770500","PAGH1","USGS","Paauau Gulch at Pahala, HI","Hawaii","2","true","true","19.20777778","-155.4770833"
"CLV","","CADWR","","CONUS","3","false","true","38.876277923584","-123.046279907227"
"16704000","WLUH1","USGS","Wailuku River at Piihonua, HI","Hawaii","2","true","true","19.71213889","-155.15075"
"16717000","NLIH1","USGS","Honolii Stream nr Papaikou, HI","Hawaii","2","true","true","19.76433333","-155.1518333"
"50014800","CMAP4","USGS","RIO CAMUY NR BAYANEY, PR","Puerto Rico","4","true","true","18.39443982","-66.8176066"
"50025155","JAYP4","USGS","RIO SALIENTE AT COABEY NR JAYUYA, PR","Puerto Rico","4","true","true","18.2108288","-66.5628032"
"50039500","VGBP4","USGS","RIO CIBUCO AT VEGA BAJA, PR","Puerto Rico","4","true","true","18.4453298","-66.3739892"
"50043800","COMP4","USGS","RIO DE LA PLATA AT COMERIO, PR","Puerto Rico","4","true","true","18.22017012","-66.2242317"
"50049100","RPOP4","USGS","RIO PIEDRAS AT HATO REY, PR","Puerto Rico","4","true","true","18.4075533","-66.06894369"
"50049620","QMAP4","USGS","QDA. MARGARITA AT CAPARRA INTER. NR GUAYNABO, PR","Puerto Rico","4","true","true","18.4135311","-66.1029717"
"50050900","SLLP4","USGS","RIO GRANDE DE LOIZA AT QUEBRADA ARENAS, PR","Puerto Rico","4","true","true","18.1180165","-65.98821947"
"50051310","SLKP4","USGS","RIO CAYAGUAS AT CERRO GORDO, PR","Puerto Rico","4","true","true","18.15187883","-65.9563133"
"50051800","SLNP4","USGS","RIO GRANDE DE LOIZA AT HWY 183 SAN LORENZO, PR","Puerto Rico","4","true","true","18.1837189","-65.9610553"
"50053025","CAKP4","USGS","RIO TURABO ABV BORINQUEN, PR","Puerto Rico","4","true","true","18.16023654","-66.0396094"
"50055000","CAGP4","USGS","RIO GRANDE DE LOIZA AT CAGUAS, PR","Puerto Rico","4","true","true","18.24070482","-66.00919819"
"50028000","UTHP4","USGS","RIO TANAMA NR UTUADO, PR","Puerto Rico","4","true","true","18.29873289","-66.7826336"
"50028400","ARDP4","USGS","RIO TANAMA AT CHARCO HONDO, PR","Puerto Rico","4","true","true","18.4121002","-66.7143277"
"50034000","BAUP4","USGS","RIO BAUTA NR OROCOVIS, PR","Puerto Rico","4","true","true","18.23396665","-66.45444347"
"50035000","CIAP4","USGS","RIO GRANDE DE MANATI AT CIALES, PR","Puerto Rico","4","true","true","18.32243776","-66.4595683"
"50038100","","USGS","RIO GRANDE DE MANATI AT HWY 2 NR MANATI, PR","Puerto Rico","4","true","true","18.428972","-66.5264747"
"50059210","TRJP4","USGS","QUEBRADA GRANDE AT BO. DOS BOCAS, PR","Puerto Rico","4","true","true","18.34844996","-65.99007067"
"50063800","VEDP4","USGS","RIO ESPIRITU SANTO NR RIO GRANDE, PR","Puerto Rico","4","true","true","18.35791434","-65.8136078"
"50064200","VERP4","USGS","RIO GRANDE NR EL VERDE, PR","Puerto Rico","4","true","true","18.34341485","-65.8415914"
"50065500","MSAP4","USGS","RIO MAMEYES NR SABANA, PR","Puerto Rico","4","true","true","18.3268221","-65.75042089"
"50070900","FAEP4","USGS","RIO FAJARDO AT PARAISO NR FAJARDO, PR","Puerto Rico","4","true","true","18.2808247","-65.7006729"
"50075000","NGIP4","USGS","RIO ICACOS NR NAGUABO, PR","Puerto Rico","4","true","true","18.27523254","-65.7854406"
"50075500","NGKP4","USGS","RIO BLANCO AT FLORIDA, PR","Puerto Rico","4","false","true","18.23884539","-65.78460718"
"50076000","","USGS","RIO BLANCO NR FLORIDA, PR","Puerto Rico","4","true","true","18.22717929","-65.78460707"
"50081000","PIEP4","USGS","RIO HUMACAO AT LAS PIEDRAS, PR","Puerto Rico","4","true","true","18.17207287","-65.8690463"
"50083500","YBUP4","USGS","RIO GUAYANES NR YABUCOA, PR","Puerto Rico","4","true","true","18.05690857","-65.90071797"
"50085100","GCRP4","USGS","RIO GUAYANES AT CENTRAL ROIG, PR","Puerto Rico","4","true","true","18.06440843","-65.87377327"
"50090500","MAUP4","USGS","RIO MAUNABO AT LIZAS, PR","Puerto Rico","4","true","true","18.0252431","-65.9396074"
"50092000","PATP4","USGS","RIO GRANDE DE PATILLAS NR PATILLAS, PR","Puerto Rico","4","true","true","18.03218668","-66.0321088"
"50093000","PANP4","USGS","RIO MARIN NR PATILLAS, PR","Puerto Rico","4","true","true","18.03579773","-66.0093306"
"50055750","GUTP4","USGS","RIO GURABO BLW EL MANGO, PR","Puerto Rico","4","true","true","18.23216426","-65.8849385"
"50057000","GURP4","USGS","RIO GURABO AT GURABO, PR","Puerto Rico","4","true","true","18.25649864","-65.9676837"
"50058350","CAPP4","USGS","RIO CANAS AT RIO CANAS, PR","Puerto Rico","4","true","true","18.292508","-66.0446989"
"50110900","TOVP4","USGS","RIO TOA VACA ABV LAGO TOA VACA, PR","Puerto Rico","4","true","true","18.1245157","-66.4573992"
"50113800","PCEP4","USGS","RIO CERRILLOS ABV LAGO CERRILLOS NR PONCE, PR","Puerto Rico","4","true","true","18.11480247","-66.6045061"
"50114900","PRTP4","USGS","RIO PORTUGUES NR TIBES, PR","Puerto Rico","4","true","true","18.09789468","-66.64248707"
"50124200","GYAP4","USGS","RIO GUAYANILLA NEAR GUAYANILLA, PR","Puerto Rico","4","true","true","18.04225808","-66.7977838"
"50136400","MAYP4","USGS","RIO ROSARIO NR HORMIGUEROS, PR","Puerto Rico","4","true","true","18.15809875","-67.085388"
"50138000","HORP4","USGS","RIO GUANAJIBO NR HORMIGUEROS, PR","Puerto Rico","4","true","true","18.1406935","-67.14837407"
"50144000","SEBP4","USGS","RIO GRANDE DE ANASCO NR SAN SEBASTIAN, PR","Puerto Rico","4","true","true","18.28217419","-67.0505845"
"ICR","","CADWR","","CONUS","3","false","true","40.0576934814453","-120.962005615234"
"50100200","SALP4","USGS","RIO LAPA NR RABO DEL BUEY, PR","Puerto Rico","4","true","true","18.05774042","-66.2407232"
"50100450","SAMP4","USGS","RIO MAJADA AT LA PLENA, PR","Puerto Rico","4","true","true","18.04274109","-66.2071116"
"50110650","JLGP4","USGS","RIO JACAGUAS ABV LAGO GUAYABAL","Puerto Rico","4","true","true","18.11460505","-66.5042693"
"10172860","","USGS","","CONUS","3","false","true","39.4599952697754","-114.025726318359"
"MTK","","CADWR","","CONUS","3","false","true","39.3363990783691","-120.117485046387"
"09404343","TWVA3","USGS","","CONUS","3","false","true","35.3928642272949","-113.651206970215"
"09404110","SUPA3","USGS","","CONUS","3","false","true","36.2253341674805","-112.69213104248"
"NFW","","CADWR","","CONUS","3","false","true","37.3897514343262","-119.560882568359"
"MPD","","CADWR","","CONUS","3","false","true","41.4689254760742","-122.454521179199"
"LCB","","CADWR","","CONUS","3","false","true","39.4471206665039","-121.052574157715"
"SFH","","CADWR","","CONUS","3","false","true","39.3644485473633","-121.374038696289"
"STO","","CADWR","","CONUS","3","false","true","37.8212471008301","-120.010696411133"
"CHC","","CADWR","","CONUS","3","false","true","39.4216194152832","-121.773780822754"
"SMW","","CADWR","","CONUS","3","false","true","37.5441703796387","-119.673477172852"
"MCD","","CADWR","","CONUS","3","false","true","41.1860542297363","-122.064521789551"
"MCK","","CADWR","","CONUS","3","false","true","37.3078460693359","-120.461410522461"
"LCV","","CADWR","","CONUS","3","false","true","36.4508438110352","-119.028030395508"
"CMF","","CADWR","","CONUS","3","false","true","38.6201858520508","-120.717483520508"
"RBW","","CADWR","","CONUS","3","false","true","39.3708076477051","-122.604400634766"
"PDR","","CADWR","","CONUS","3","false","true","36.818920135498","-119.345825195312"
"DCM","","CADWR","","CONUS","3","false","true","37.6572456359863","-120.921783447266"
"CNF","","CADWR","","CONUS","3","false","true","38.5912170410156","-120.842178344727"
"TRR","","CADWR","","CONUS","3","false","true","36.4406890869141","-118.905059814453"
"01047000","NANM1","USGS","Carrabassett River near North Anson, Maine","CONUS","3","true","true","44.86916667","-69.955"
"01052500","DIAN3","USGS","Diamond River near Wentworth Location, NH","CONUS","3","true","true","44.8775","-71.0575"
"01073500","LAMN3","USGS","LAMPREY RIVER NEAR NEWMARKET, NH","CONUS","3","true","true","43.10258558","-70.952559"
"50147800","MOCP4","USGS","RIO CULEBRINAS AT HWY 404 NR MOCA, PR","Puerto Rico","4","true","true","18.35974259","-67.0921687"
"01334000","BNTV1","USGS","WALLOOMSAC RIVER NEAR NORTH BENNINGTON, VT","CONUS","3","true","true","42.91285604","-73.2564981"
"01362370","CHIN6","USGS","STONY CLOVE CREEK BLW OX CLOVE AT CHICHESTER NY","CONUS","3","true","true","42.10202778","-74.31088889"
"01396660","CLNN4","USGS","Mulhockaway Creek at Van Syckel NJ","CONUS","3","true","true","40.6475","-74.96888889"
"01440000","FLAN4","USGS","Flat Brook near Flatbrookville NJ","CONUS","3","true","true","41.1061111","-74.9525"
"01116905","","USGS","HUNT R 250 FT DS FRY BRK AT FRENCHTOWN, RI","CONUS","3","true","true","41.63","-71.47888889"
"01174565","SHUM3","USGS","WEST BRANCH SWIFT RIVER NEAR SHUTESBURY, MA","CONUS","3","true","true","42.45508906","-72.3817516"
"01510000","CINN6","USGS","OTSELIC RIVER AT CINCINNATUS NY","CONUS","3","true","true","42.5411111","-75.8997222"
"01566000","PORP1","USGS","Tuscarora Creek near Port Royal, PA","CONUS","3","true","true","40.5153564","-77.41915568"
"01571500","CPHP1","USGS","Yellow Breeches Creek near Camp Hill, PA","CONUS","3","true","true","40.22481237","-76.8980293"
"01573000","HTVP1","USGS","Swatara Creek at Harper Tavern, PA","CONUS","3","true","true","40.4025897","-76.57718829"
"01651000","ACOM2","USGS","NORTHWEST BR ANACOSTIA RIVER NR HYATTSVILLE, MD","CONUS","3","true","true","38.95255556","-76.96513889"
"01665500","RUCV2","USGS","RAPIDAN RIVER NEAR RUCKERSVILLE, VA","CONUS","3","true","true","38.28068606","-78.340007"
"02018500","CTWV2","USGS","CATAWBA CREEK NEAR CATAWBA, VA","CONUS","3","true","true","37.46818624","-80.00532199"
"01467042","","USGS","Pennypack Creek at Pine Road, at Philadelphia, PA","CONUS","3","true","true","40.0897334","-75.0690517"
"01485000","WLRM2","USGS","POCOMOKE RIVER NEAR WILLARDS, MD","CONUS","3","true","true","38.38888889","-75.3244444"
"02132320","BSHN7","USGS","BIG SHOE HEEL CREEK NR LAURINBURG, NC","CONUS","3","true","true","34.75055556","-79.3866667"
"02059500","HDSV2","USGS","GOOSE CREEK NEAR HUDDLESTON, VA","CONUS","3","true","true","37.1731995","-79.5203076"
"02082950","RNGN7","USGS","LITTLE FISHING CREEK NEAR WHITE OAK, NC","CONUS","3","true","true","36.1833333","-77.8761111"
"02221525","MTLG1","USGS","MURDER CREEK BELOW EATONTON, GA","CONUS","3","true","true","33.25275","-83.4826111"
"02236500","BCNF1","USGS","BIG CREEK NEAR CLERMONT, FL","CONUS","3","true","true","28.44778229","-81.74007599"
"02266200","WTCF1","USGS","WHITTENHORSE CREEK NEAR VINELAND, FL","CONUS","3","true","true","28.38500749","-81.6164632"
"02300033","FRUF1","USGS","BRADEN RIV AT LAKEWOOD RANCH NR LORRAINE FL","CONUS","3","true","true","27.42055556","-82.4261111"
"02314500","FGOG1","USGS","SUWANNEE RIVER AT US 441, AT FARGO, GA","CONUS","3","true","true","30.68102778","-82.56013889"
"02201000","DAVG1","USGS","WILLIAMSON SWAMP CREEK AT DAVISBORO, GA","CONUS","3","true","true","32.97566667","-82.6098056"
"02372250","PTSA1","USGS","PATSALIGA CREEK NEAR BRANTLEY AL","CONUS","3","true","true","31.59627177","-86.40551809"
"02380500","ELIG1","USGS","COOSAWATTEE RIVER NEAR ELLIJAY, GA","CONUS","3","true","true","34.6758611","-84.5068333"
"02388975","LANG1","USGS","ETOWAH RIVER AT GA 136, NEAR LANDDRUM, GA","CONUS","3","true","true","34.4090833","-84.0198056"
"03010655","SHNP1","USGS","Oswayo Creek at Shinglehouse, PA","CONUS","3","true","true","41.96173237","-78.1980662"
"02343225","MRSG1","USGS","PATAULA CREEK NEAR GEORGETOWN, GA","CONUS","3","true","true","31.8182222","-84.97388889"
"02349605","MNTG1","USGS","FLINT RIVER AT GA 26, NEAR MONTEZUMA, GA","CONUS","3","true","true","32.29305556","-84.0436111"
"03198350","WCFW2","USGS","CLEAR FORK AT WHITESVILLE, WV","CONUS","3","true","true","37.9662186","-81.524278"
"03202400","BAIW2","USGS","GUYANDOTTE RIVER NEAR BAILEYSVILLE, WV","CONUS","3","true","true","37.60400034","-81.6451096"
"03140000","","USGS","Mill Creek near Coshocton OH","CONUS","3","true","true","40.36284598","-81.8623563"
"03170000","GRYV2","USGS","LITTLE RIVER AT GRAYSONTOWN, VA","CONUS","3","true","true","37.03762635","-80.5567239"
"03187500","RCWW2","USGS","CRANBERRY RIVER NEAR RICHWOOD, WV","CONUS","3","true","true","38.2953903","-80.5264749"
"0344894205","NFSN7","USGS","NORTH FORK SWANNANOA RIVER NEAR WALKERTOWN, NC","CONUS","3","true","true","35.68527778","-82.3327778"
"03535000","BRCT1","USGS","BULLRUN CREEK NEAR HALLS CROSSROADS, TN","CONUS","3","true","true","36.11441319","-83.9881737"
"03544970","HWEG1","USGS","HIWASSEE RIVER AT RIVERSIDE DR, NR HIAWASSEE, GA","CONUS","3","true","true","34.8836111","-83.7223056"
"03567340","WCKG1","USGS","WEST CHICKAMAUGA CR AT GA 146, NEAR LAKEVIEW, GA","CONUS","3","true","true","34.95755556","-85.2052778"
"03597590","WRTT1","USGS","WARTRACE CREEK BELOW COUNTY ROAD AT WARTRACE, TN","CONUS","3","true","true","35.52729537","-86.340271"
"04043244","ESTM4","USGS","EAST BRANCH SALMON TROUT RIVER NEAR DODGE CITY, MI","CONUS","3","true","true","46.7857589","-87.8523522"
"04057510","NJNM4","USGS","STURGEON RIVER NEAR NAHMA JUNCTION, MI","CONUS","3","true","true","45.9430235","-86.7056997"
"04059500","FRDM4","USGS","FORD RIVER NEAR HYDE, MI","CONUS","3","true","true","45.7549674","-87.2020793"
"04122500","SCTM4","USGS","PERE MARQUETTE RIVER AT SCOTTVILLE, MI","CONUS","3","true","true","43.9450063","-86.2786896"
"03378635","EFFI2","USGS","LITTLE WABASH RIVER NEAR EFFINGHAM, IL","CONUS","3","true","true","39.10388889","-88.5944444"
"03403910","SXTK2","USGS","CLEAR FORK AT SAXTON, KY","CONUS","3","true","true","36.63397105","-84.1115969"
"03409500","CFKT1","USGS","CLEAR FORK NEAR ROBBINS, TN","CONUS","3","true","true","36.38829775","-84.6301691"
"0423205010","IRON6","USGS","IRONDEQUOIT CR ABOVE BLOSSOM RD NEAR ROCHESTER NY","CONUS","3","true","true","43.145","-77.5119444"
"04293000","NTYV1","USGS","MISSISQUOI RIVER NEAR NORTH TROY, VT","CONUS","3","true","true","44.97282337","-72.38538628"
"05061000","HWYM5","USGS","BUFFALO RIVER NEAR HAWLEY, MN","CONUS","3","true","true","46.84995979","-96.3295093"
"05062500","TWVM5","USGS","WILD RICE RIVER AT TWIN VALLEY, MN","CONUS","3","true","true","47.26555556","-96.2475"
"04166000","","USGS","RIVER ROUGE AT BIRMINGHAM, MI","CONUS","3","true","true","42.5458678","-83.2235418"
"04199500","VERO1","USGS","Vermilion River near Vermilion OH","CONUS","3","true","true","41.38199","-82.3168273"
"05551675","BBMI2","USGS","BLACKBERRY CREEK NEAR MONTGOMERY, IL","CONUS","3","true","true","41.7408333","-88.3833333"
"05584500","CLMI2","USGS","LA MOINE RIVER AT COLMAR, IL","CONUS","3","true","true","40.33152778","-90.8961944"
"06220800","WRCW4","USGS","WIND RIVER ABOVE RED CREEK, NEAR DUBOIS, WY","CONUS","3","true","true","43.441622","-109.4587584"
"06278300","ASRW4","USGS","SHELL CREEK ABOVE SHELL CREEK RESERVOIR, WY","CONUS","3","true","true","44.5079801","-107.4037496"
"05412400","VLPI4","USGS","Volga River at Littleport, IA","CONUS","3","true","true","42.7538753","-91.3690252"
"05455500","KALI4","USGS","English River at Kalona, IA","CONUS","3","true","true","41.4697387","-91.7146129"
"05458000","IONI4","USGS","Little Cedar River near Ionia, IA","CONUS","3","true","true","43.03327778","-92.5035444"
"06784000","SMIN1","USGS","South Loup River at Saint Michael, Nebr.","CONUS","3","true","true","41.0325","-98.7405556"
"06853800","BURK1","USGS","WHITE ROCK C NR BURR OAK, KS","CONUS","3","true","true","39.89918","-98.2503276"
"06334500","CACS2","USGS","LITTLE MISSOURI RIVER AT CAMP CROOK,SD","CONUS","3","true","true","45.5481343","-103.9712386"
"06430850","LSLS2","USGS","LITTLE SPEARFISH CREEK NEAR LEAD, SD","CONUS","3","true","true","44.3496865","-103.9359118"
"06437020","GLNS2","USGS","BEAR BUTTE CREEK NEAR DEADWOOD, SD","CONUS","3","true","true","44.3355403","-103.6354716"
"07055875","RCKA4","USGS","Richland Creek near Witts Spring, AR","CONUS","3","true","true","35.7972222","-92.9288889"
"07064440","MSPM7","USGS","Current River at Montauk State Park, MO","CONUS","3","true","true","37.44791667","-91.6713611"
"07075000","SRGA4","USGS","Middle Fork of Little Red River at Shirley, AR","CONUS","3","true","true","35.65666667","-92.2927778"
"06911900","BRGK1","USGS","DRAGOON C NR BURLINGAME, KS","CONUS","3","true","true","38.7091737","-95.8383205"
"06921600","URHM7","USGS","South Grand River at Urich, MO","CONUS","3","true","true","38.45223976","-94.0043859"
"07083000","HCMC2","USGS","HALFMOON CREEK NEAR MALTA, CO","CONUS","3","true","true","39.17221259","-106.3891926"
"07299670","QGCT2","USGS","Groesbeck Ck at SH 6 nr Quanah, TX","CONUS","3","true","true","34.35451979","-99.7403719"
"07329780","DVSO2","USGS","Honey Creek below Turner Falls near Davis, OK","CONUS","3","true","true","34.4317552","-97.1472406"
"07377000","DARL1","USGS","Amite River near Darlington, LA","CONUS","3","true","true","30.8890694","-90.8445454"
"07188653","BSGM7","USGS","Big Sugar Creek near Powell, MO","CONUS","3","true","true","36.6158611","-94.1822222"
"0810464660","GNRT2","USGS","N Fk San Gabriel Rv at Reagan Blvd nr Leander, TX","CONUS","3","true","true","30.69775","-97.8492222"
"08164600","NGCT2","USGS","Garcitas Ck nr Inez, TX","CONUS","3","true","true","28.8913759","-96.8191486"
"08212400","FAFT2","USGS","Los Olmos Ck nr Falfurrias, TX","CONUS","3","true","true","27.26448618","-98.1358378"
"08271000","RLAN5","USGS","RIO LUCERO NEAR ARROYO SECO, NM","CONUS","3","true","true","36.50828889","-105.5309639"
"09115500","TMCC2","USGS","TOMICHI CREEK AT SARGENTS, CO","CONUS","3","true","true","38.39502778","-106.422625"
"09223000","HMFW4","USGS","HAMS FORK BELOW POLE CREEK, NEAR FRONTIER, WY","CONUS","3","true","true","42.11088889","-110.7094167"
"09312600","WRSU1","USGS","WHITE R BL TABBYUNE CRK NR SOLDIER SUMMIT, UT","CONUS","3","true","true","39.87601667","-111.0375167"
"09424447","BCBA3","USGS","BURRO CREEK AT OLD US 93 BRIDGE, NEAR BAGDAD, AZ","CONUS","3","true","true","34.5416838","-113.4452053"
"09447800","BNMA3","USGS","BONITA CREEK NEAR MORENCI, AZ.","CONUS","3","true","true","32.95561778","-109.5311876"
"09064600","EAMC2","USGS","EAGLE RIVER NEAR MINTURN, CO","CONUS","3","true","true","39.55387495","-106.402529"
"10242000","COAU1","USGS","COAL CREEK NEAR CEDAR CITY, UT","CONUS","3","true","true","37.67219924","-113.0346702"
"11203580","TLRC1","USGS","SF TULE R NR CHOLOLLO CAMPGROUND NR PORTERVILLE CA","CONUS","3","true","true","36.04828125","-118.6542556"
"11274790","TGCC1","USGS","TUOLUMNE R A GRAND CYN OF TUOLUMNE AB HETCH HETCHY","CONUS","3","true","true","37.9165884","-119.6598938"
"10172700","VCVU1","USGS","VERNON CREEK NEAR VERNON, UT","CONUS","3","true","true","39.97939105","-112.3802297"
"12056500","SKOW1","USGS","NF SKOKOMISH R BL STAIRCASE RPDS NR HOODSPORT, WA","CONUS","3","true","true","47.51425666","-123.3298868"
"12114500","CBCW1","USGS","CEDAR RIVER BELOW BEAR CREEK NEAR CEDAR FALLS, WA","CONUS","3","true","true","47.34205417","-121.5489858"
"12155300","PILW1","USGS","PILCHUCK RIVER NEAR SNOHOMISH, WA","CONUS","3","true","true","47.9348201","-122.0731848"
"12332000","MFRM8","USGS","Middle Fork Rock Cr nr Philipsburg MT","CONUS","3","true","true","46.1845694","-113.5015694"
"12354000","STRM8","USGS","St. Regis River near St. Regis, MT","CONUS","3","true","true","47.2967111","-115.122625"
"11456000","SHEC1","USGS","NAPA R NR ST HELENA CA","CONUS","3","true","true","38.51129745","-122.455813"
"13337000","LOCI1","USGS","LOCHSA RIVER NR LOWELL ID","CONUS","3","true","true","46.1508333","-115.5872222"
"14179000","BRBO3","USGS","BREITENBUSH R ABV FRENCH CR NR DETROIT, OR.","CONUS","3","true","true","44.75262179","-122.1289648"
"14308990","COGO3","USGS","COW CREEK ABV GALESVILLE RES, NR AZALEA, OR.","CONUS","3","true","true","42.82317665","-123.1258922"
"13046995","FAYI1","USGS","FALL RIVER AB YELLOWSTONE CANAL NR SQUIRREL ID","CONUS","3","true","true","44.06194444","-111.1519444"
"14375100","","USGS","SUCKER CREEK BLW LITTLE GRAYBACK CK, NR HOLLAND,OR","CONUS","3","true","true","42.15956105","-123.4789509"
"16071500","OLBH1","USGS","Left Branch Opaekaa Str nr Kapaa, Kauai, HI","Hawaii","2","true","true","22.0756111","-159.3958889"
"50027000","ARHP4","USGS","RIO LIMON ABV LAGO DOS BOCAS, PR","Puerto Rico","4","true","true","18.32410113","-66.6206455"
"50106100","COAP4","USGS","RIO COAMO AT HWY 14 AT COAMO, PR","Puerto Rico","4","true","true","18.08152279","-66.35443338"
"50129254","LOGP4","USGS","RIO LOCO AT LAS LATAS NR LA JOYA NR GUANICA, PR","Puerto Rico","4","true","true","18.0071818","-66.8763204"
"01010000","NINM1","USGS","St. John River at Ninemile Bridge, Maine","CONUS","3","true","true","46.70055556","-69.7155556"
"01027200","SBMM1","USGS","North Branch Penobscot River nr Pittston Farm, ME","CONUS","3","true","true","45.93527778","-69.9936111"
"01054300","SADM1","USGS","Ellis River at South Andover, Maine","CONUS","3","true","true","44.5933333","-70.7330556"
"01077400","GRTN3","USGS","COCKERMOUTH RIVER BELOW HARDY BROOK, AT GROTON, NH","CONUS","3","true","true","43.70388889","-71.8333333"
"15200280","GRSA2","USGS","GULKANA R AT SOURDOUGH AK","Alaska","1","true","true","62.5203918","-145.5330154"
"15226620","LHFA2","USGS","LOWE R AB HORSETAIL FALLS NR VALDEZ AK","Alaska","1","true","true","61.0670833","-145.906111"
"15284000","MATA2","USGS","MATANUSKA R AT PALMER AK","Alaska","1","true","true","61.60862507","-149.0730639"
"01200000","TENN6","USGS","TENMILE RIVER NEAR GAYLORDSVILLE, CT","CONUS","3","true","true","41.65876389","-73.5286833"
"01332500","WILM3","USGS","HOOSIC RIVER NEAR WILLIAMSTOWN, MA","CONUS","3","true","true","42.70025695","-73.1589722"
"01367500","ROSN6","USGS","RONDOUT CREEK AT ROSENDALE NY","CONUS","3","true","true","41.8430833","-74.0861111"
"0137462010","WBCN6","USGS","WEST BRANCH CROTON RIVER NEAR CARMEL NY","CONUS","3","true","true","41.41180556","-73.69375"
"01391500","LODN4","USGS","Saddle River at Lodi NJ","CONUS","3","true","true","40.89027778","-74.0805556"
"01413500","MRGN6","USGS","EAST BRANCH DELAWARE RIVER AT MARGARETVILLE NY","CONUS","3","true","true","42.1447222","-74.6536111"
"01434498","NVWN6","USGS","WEST BRANCH NEVERSINK RIVER AT CLARYVILLE NY","CONUS","3","true","true","41.92041667","-74.57438889"
"01091000","SBPN3","USGS","SOUTH BRANCH PISCATAQUOG RIVER NEAR GOFFSTOWN, NH","CONUS","3","true","true","43.01480519","-71.64146129"
"01097000","MAYM3","USGS","ASSABET RIVER AT MAYNARD, MA","CONUS","3","true","true","42.432038","-71.4497848"
"01547950","MNTP1","USGS","Beech Creek at Monument, PA","CONUS","3","true","true","41.1117307","-77.7022159"
"01568000","SMDP1","USGS","Sherman Creek at Shermans Dale, PA","CONUS","3","true","true","40.3233483","-77.1688404"
"01571184","MTKP1","USGS","Mountain Creek near Pine Grove Furnace, PA","CONUS","3","true","true","40.0309245","-77.3085949"
"01595000","STYM2","USGS","NORTH BRANCH POTOMAC RIVER AT STEYER, MD","CONUS","3","true","true","39.30188889","-79.30688889"
"01610155","BELM2","USGS","SIDELING HILL CREEK NEAR BELLEGROVE, MD","CONUS","3","true","true","39.64952778","-78.34413889"
"01661050","CLMM2","USGS","ST CLEMENTS CREEK NEAR CLEMENTS, MD","CONUS","3","true","true","38.33330556","-76.725"
"02108000","CHIN7","USGS","NORTHEAST CAPE FEAR RIVER NEAR CHINQUAPIN, NC","CONUS","3","true","true","34.82888889","-77.8322222"
"02192500","MTCS1","USGS","LITTLE RIVER NEAR MT. CARMEL, SC","CONUS","3","true","true","34.07244444","-82.5009167"
"02245500","PNYF1","USGS","SOUTH FORK BLACK CREEK NEAR PENNEY FARMS, FL","CONUS","3","true","true","29.9794075","-81.8520426"
"02301990","ZPRF1","USGS","HILLSBOROUGH R AB CRYSTAL SPR NEAR ZEPHYRHILLS FL","CONUS","3","true","true","28.18555556","-82.1841667"
"02326900","NEPF1","USGS","ST. MARKS RIVER NEAR NEWPORT, FLA.","CONUS","3","true","true","30.2714311","-84.1482508"
"02450825","POPA1","USGS","CLEAR C AT NEW HOPE CHURCH NR POPLAR SPRINGS, AL.","CONUS","3","true","true","34.08121506","-87.422793"
"02359500","BENF1","USGS","ECONFINA CREEK NEAR BENNETT, FLA.","CONUS","3","true","true","30.3846406","-85.5565932"
"02384500","ETNG1","USGS","CONASAUGA RIVER AT GA 286, NEAR ETON, GA","CONUS","3","true","true","34.8275","-84.8509722"
"03230310","WEJO1","USGS","Little Darby Creek at West Jefferson OH","CONUS","3","true","true","39.9511729","-83.26936009"
"03248300","SAYK2","USGS","LICKING RIVER BELOW MASON FORK NR SALYERSVILLE, KY","CONUS","3","true","true","37.73064817","-83.0579478"
"03277075","GPCK2","USGS","GUNPOWDER CR AT CAMP ERNST RD NR UNION, KY","CONUS","3","true","true","38.99416667","-84.7161111"
"03291780","CANI3","USGS","INDIAN-KENTUCK CREEK NEAR CANAAN, IN","CONUS","3","true","true","38.8781136","-85.2571788"
"03361650","NPLI3","USGS","SUGAR CREEK AT NEW PALESTINE, IN","CONUS","3","true","true","39.71421068","-85.8855359"
"03432350","FRAT1","USGS","HARPETH RIVER AT FRANKLIN, TN","CONUS","3","true","true","35.92084908","-86.86548879"
"03212750","WLCW2","USGS","TUG FORK DOWNSTREAM OF ELKHORN CREEK AT WELCH, WV","CONUS","3","true","true","37.44122439","-81.5998295"
"03217500","LARO1","USGS","Scioto River at La Rue OH","CONUS","3","false","true","40.57194444","-83.3841667"
"04015330","KNIM5","USGS","KNIFE RIVER NEAR TWO HARBORS, MN","CONUS","3","true","true","46.94688005","-91.7924013"
"04040500","SNWM4","USGS","STURGEON RIVER NEAR SIDNAW, MI","CONUS","3","true","true","46.58410589","-88.5759697"
"04118500","ROCM4","USGS","ROGUE RIVER NEAR ROCKFORD, MI","CONUS","3","true","true","43.0822491","-85.5908648"
"04152238","BEVM4","USGS","SOUTH BRANCH TOBACCO RIVER NEAR BEAVERTON, MI","CONUS","3","true","true","43.8669691","-84.545289"
"04164500","MCLM4","USGS","NORTH BRANCH CLINTON RIVER NEAR MT. CLEMENS, MI","CONUS","3","true","true","42.62920008","-82.8888104"
"05353800","FRBM5","USGS","STRAIGHT RIVER NEAR FARIBAULT, MN","CONUS","3","true","true","44.2580192","-93.2310473"
"05389400","MBRI4","USGS","Bloody Run Creek near Marquette, IA","CONUS","3","true","true","43.04081747","-91.2065192"
"04256000","DNNN6","USGS","INDEPENDENCE RIVER AT DONNATTSBURG NY","CONUS","3","true","true","43.74680556","-75.3334444"
"06036905","FRYW4","USGS","Firehole River near West Yellowstone MT","CONUS","3","true","true","44.6201833","-110.8635028"
"06037500","MDSM8","USGS","Madison River near West Yellowstone, MT","CONUS","3","true","true","44.6570722","-111.0679639"
"06331000","LMCN8","USGS","LITTLE MUDDY RIVER BL COW CREEK NR WILLISTON, ND","CONUS","3","true","true","48.2844683","-103.5729718"
"06350000","REGN8","USGS","CANNONBALL RIVER AT REGENT, ND","CONUS","3","true","true","46.42667116","-102.5518303"
"06392900","","USGS","BEAVER CREEK AT MALLO CAMP, NEAR FOUR CORNERS, WY","CONUS","3","true","true","44.084945","-104.0605792"
"05495500","MBRI2","USGS","BEAR CREEK NEAR MARCELLINE, IL","CONUS","3","true","true","40.1428222","-91.3373694"
"06817000","ICLI4","USGS","Nodaway River at Clarinda, IA","CONUS","3","true","true","40.7432222","-95.0145278"
"06869950","SLNK1","USGS","MULBERRY C NR SALINA, KS","CONUS","3","true","true","38.8444476","-97.6683699"
"06909950","BONM7","USGS","Petite Saline Creek at Hwy U nr Boonville, M0","CONUS","3","true","true","38.9172222","-92.7041667"
"06914000","GRTK1","USGS","POTTAWATOMIE C NR GARNETT, KS","CONUS","3","true","true","38.333631","-95.2488634"
"06930000","PINM7","USGS","Big Piney River near Big Piney, MO","CONUS","3","true","true","37.66563889","-92.0499167"
"06431500","SFHS2","USGS","SPEARFISH CREEK AT SPEARFISH,SD","CONUS","3","true","true","44.48248388","-103.861592"
"07072000","RVSA4","USGS","Eleven Point River near Ravenden Springs, AR","CONUS","3","true","true","36.34638889","-91.1141667"
"07096250","FRCC2","USGS","FOURMILE CREEK BELOW CRIPPLE CREEK NEAR VICTOR, CO","CONUS","3","true","true","38.66388094","-105.228041"
"07148400","AVAO2","USGS","Salt Fork Arkansas River nr Alva, OK","CONUS","3","true","true","36.81503056","-98.6481395"
"07196900","DMLA4","USGS","Baron Fork at Dutch Mills, AR","CONUS","3","true","true","35.88","-94.4863889"
"07233500","SPMT2","USGS","Palo Duro Ck nr Spearman, TX","CONUS","3","true","true","36.20225497","-101.305993"
"07001985","","USGS","Watkins Creek at Bellefontaine Neighbors, MO","CONUS","3","true","true","38.76227778","-90.1969167"
"07025400","NOMT1","USGS","NORTH FORK OBION RIVER NEAR MARTIN, TN (CE)","CONUS","3","true","true","36.40533398","-88.8547618"
"07050152","RRSM7","USGS","Roaring River at Roaring River State Park","CONUS","3","true","true","36.5809722","-93.8336944"
"07360200","LANA4","USGS","Little Missouri River near Langley, AR","CONUS","3","true","true","34.31166667","-93.8997222"
"07366200","LILL1","USGS","Little Corney Bayou near Lillie, LA","CONUS","3","true","true","32.9293064","-92.6329305"
"07375000","FLSL1","USGS","Tchefuncte River near Folsom, LA","CONUS","3","true","true","30.6160223","-90.2486954"
"07312200","ELTT2","USGS","Beaver Ck nr Electra, TX","CONUS","3","true","true","33.90592785","-98.9050666"
"08186500","RUGT2","USGS","Ecleto Ck nr Runge, TX","CONUS","3","true","true","28.92025419","-97.7722221"
"08190500","BTVT2","USGS","W Nueces Rv nr Brackettville, TX","CONUS","3","true","true","29.48108333","-100.2391667"
"08201500","SSMT2","USGS","Seco Ck at Miller Rh nr Utopia, TX","CONUS","3","true","true","29.573284","-99.4030997"
"09059500","PSBC2","USGS","PINEY RIVER NEAR STATE BRIDGE, CO","CONUS","3","true","true","39.7957222","-106.5743472"
"08155200","OHBT2","USGS","Barton Ck at SH 71 nr Oak Hill, TX","CONUS","3","true","true","30.29631587","-97.925565"
"08158810","BCDT2","USGS","Bear Ck bl FM 1826 nr Driftwood, TX","CONUS","3","true","true","30.15548749","-97.9400076"
"08176900","SCDT2","USGS","Coleto Ck at Arnold Rd Crsg nr Schroeder, TX","CONUS","3","true","true","28.86165308","-97.2263791"
"09444200","BLCA3","USGS","BLUE RIVER NEAR CLIFTON, AZ.","CONUS","3","true","true","33.29089456","-109.1961832"
"094985005","PCAA3","USGS","PINTO CREEK ABOVE HAUNTED CANYON NR MIAMI, AZ","CONUS","3","true","true","33.4058333","-110.9986111"
"09386900","RNRN5","USGS","RIO NUTRIA NEAR RAMAH, NM","CONUS","3","true","true","35.28255278","-108.552975"
"11151300","KCYC1","USGS","SAN LORENZO C BL BITTERWATER C NR KING CITY CA","CONUS","3","true","true","36.26802087","-121.066303"
"11449500","KCVC1","USGS","KELSEY C NR KELSEYVILLE CA","CONUS","3","true","true","38.92739984","-122.8436046"
"11478500","BRGC1","USGS","VAN DUZEN R NR BRIDGEVILLE CA","CONUS","3","true","true","40.48041636","-123.890876"
"11523200","TCCC1","USGS","TRINITY R AB COFFEE C NR TRINITY CENTER CA","CONUS","3","true","true","41.1112571","-122.7055788"
"12374250","","USGS","Mill Cr ab Bassoo Cr nr Niarada MT","CONUS","3","true","true","47.82982778","-114.6978333"
"12488500","AMRW1","USGS","AMERICAN RIVER NEAR NILE, WA","CONUS","3","true","true","46.97761606","-121.168696"
"13215000","WARO3","USGS","MALHEUR RIVER BEL WARMSPRINGS RES NR RIVERSIDE OR","CONUS","3","true","true","43.57444444","-118.2097222"
"13296500","SRYI1","USGS","SALMON RIVER BL YANKEE FORK NR CLAYTON ID","CONUS","3","true","true","44.2683333","-114.7327778"
"13306385","","USGS","NAPIAS CREEK BELOW ARNETT CREEK NEAR LEESBURG, ID","CONUS","3","true","true","45.20555556","-114.1338889"
"14033500","UMAO3","USGS","UMATILLA RIVER NEAR UMATILLA, OR","CONUS","3","true","true","45.9029103","-119.3269618"
"12179900","BCNW1","USGS","BACON CREEK BELOW OAKES CREEK NEAR MARBLEMOUNT, WA","CONUS","3","true","true","48.6045268","-121.3995491"
"12304500","TRYM8","USGS","Yaak River near Troy MT","CONUS","3","true","true","48.5617222","-115.9701583"
"14400000","CHTO3","USGS","CHETCO RIVER NEAR BROOKINGS, OR","CONUS","3","true","true","42.12344278","-124.1873107"
"14107000","KLCW1","USGS","KLICKITAT RIVER ABOVE WEST FORK NEAR GLENWOOD, WA","CONUS","3","true","true","46.2648437","-121.245075"
"14139800","SBRO3","USGS","SOUTH FORK BULL RUN RIVER NEAR BULL RUN, OR","CONUS","3","true","true","45.444564","-122.1095292"
"14185900","QCCO3","USGS","QUARTZVILLE CREEK NEAR CASCADIA, OR","CONUS","3","true","true","44.54012357","-122.4359155"
"14216000","LRCW1","USGS","LEWIS RIVER ABOVE MUDDY RIVER NEAR COUGAR, WA","CONUS","3","true","true","46.06039127","-121.984531"
"15209700","MXYA2","USGS","WF KENNICOTT R AT MCCARTHY AK","Alaska","1","true","true","61.433718","-142.9426307"
"15258000","COOA2","USGS","KENAI R AT COOPER LANDING AK","Alaska","1","true","true","60.49220087","-149.8099463"
"15292700","TRTA2","USGS","TALKEETNA R NR TALKEETNA AK","Alaska","1","true","true","62.3464388","-150.019201"
"16060000","WSFH1","USGS","SF Wailua River nr Lihue, Kauai, HI","Hawaii","2","true","true","22.03669444","-159.3801667"
"16414200","KKGH1","USGS","Kaunakakai Gulch at altitude 75 feet, Molokai, HI","Hawaii","2","true","true","21.09652778","-157.017861"
"16720000","KWSH1","USGS","Kawainui Stream nr Kamuela, HI","Hawaii","2","true","true","20.08533333","-155.6811667"
"50043197","USAP4","USGS","RIO USABON AT HWY 162 NR BARRANQUITAS, PR","Puerto Rico","4","true","true","18.15955316","-66.3090357"
"05411850","EDRI4","USGS","Turkey River near Eldorado, IA","CONUS","3","true","true","43.0541879","-91.8090983"
"05551200","SCHI2","USGS","FERSON CREEK NEAR ST. CHARLES, IL","CONUS","3","true","true","41.9332","-88.3411056"
"06186500","YLOW4","USGS","Yellowstone River at Yellowstone Lk Outlet YNP","CONUS","3","true","true","44.56709167","-110.3804056"
"06478690","PKRS2","USGS","WEST FORK VERMILLION RIVER NEAR PARKER,SD","CONUS","3","true","true","43.41562216","-97.2051972"
"01643000","FDKM2","USGS","MONOCACY RIVER AT JUG BRIDGE NEAR FREDERICK, MD","CONUS","3","false","true","39.4028333","-77.3660833"
"02030500","ARVV2","USGS","SLATE RIVER NEAR ARVONIA, VA","CONUS","3","true","true","37.70292198","-78.37750429"
"06632400","KCRW4","USGS","ROCK CREEK AB KING CANYON CANAL, NR ARLINGTON, WY","CONUS","3","true","true","41.58522927","-106.222847"
"08065200","UKOT2","USGS","Upper Keechi Ck nr Oakwood, TX","CONUS","3","true","true","31.56989618","-95.8882938"
"10316500","LCLN2","USGS","LAMOILLE CK NR LAMOILLE, NV","CONUS","3","true","true","40.69076057","-115.477003"
"103366092","UTHC1","USGS","UPPER TRUCKEE RV AT HWY 50 ABV MEYERS, CA","CONUS","3","true","true","38.8485185","-120.0271275"
"07247250","PBFO2","USGS","Black Fork below Big Creek nr Page, OK","CONUS","3","true","true","34.7737148","-94.5121685"
"07263295","WLMA4","USGS","Maumelle River at Williams Junction, AR","CONUS","3","true","true","34.8761111","-92.7744444"
"06846500","CDBK1","USGS","BEAVER C AT CEDAR BLUFFS, KS","CONUS","3","true","true","39.98500557","-100.560148"
"08068780","CYRT2","USGS","Little Cypress Ck nr Cypress, TX","CONUS","3","true","true","30.01605437","-95.6974463"
"08070000","CLDT2","USGS","E Fk San Jacinto Rv nr Cleveland, TX","CONUS","3","true","true","30.33659809","-95.1040999"
"08070500","SDAT2","USGS","Caney Ck nr Splendora, TX","CONUS","3","true","true","30.25965789","-95.3024361"
"50055225","CAMP4","USGS","RIO CAGUITAS AT VILLA BLANCA AT CAGUAS, PR","Puerto Rico","4","true","true","18.24671282","-66.027243"
"14020300","MCGO3","USGS","MEACHAM CREEK AT GIBBON, OR","CONUS","3","true","true","45.689125","-118.3544472"
"14013000","MLKW1","USGS","MILL CREEK NEAR WALLA WALLA, WA","CONUS","3","true","true","46.00791557","-118.1185595"
"14325000","POWO3","USGS","SOUTH FORK COQUILLE RIVER AT POWERS, OR","CONUS","3","true","true","42.89149904","-124.070652"
"14020000","GIBO3","USGS","UMATILLA RIVER ABOVE MEACHAM CREEK, NR GIBBON, OR","CONUS","3","true","true","45.71957668","-118.3232913"
"14046890","PCCO3","USGS","PINE CREEK NEAR CLARNO, OR","CONUS","3","true","true","44.91040697","-120.4408632"
"01121000","WRNC3","USGS","MOUNT HOPE RIVER NEAR WARRENVILLE, CT","CONUS","3","true","true","41.84359288","-72.1689462"
"01123000","HNOC3","USGS","LITTLE RIVER NEAR HANOVER, CT","CONUS","3","true","true","41.6717651","-72.05229807"
"01127500","YTCC3","USGS","YANTIC RIVER AT YANTIC, CT","CONUS","3","true","true","41.55859526","-72.1214469"
"01137500","BETN3","USGS","AMMONOOSUC RIVER AT BETHLEHEM JUNCTION, NH","CONUS","3","true","true","44.2686741","-71.6303617"
"01139000","WLRV1","USGS","WELLS RIVER AT WELLS RIVER, VT","CONUS","3","true","true","44.1503413","-72.0650915"
"01150900","OTQV1","USGS","OTTAUQUECHEE RIVER NEAR WEST BRIDGEWATER, VT","CONUS","3","true","true","43.62229069","-72.7589899"
"01152500","WCLN3","USGS","SUGAR RIVER AT WEST CLAREMONT, NH","CONUS","3","true","true","43.38757327","-72.36203409"
"01154000","SAXV1","USGS","SAXTONS RIVER AT SAXTONS RIVER, VT","CONUS","3","true","true","43.13757777","-72.4881444"
"14036860","JBMO3","USGS","JOHN DAY R AT BLUE MTN HOT SPGS NR PRAIRIE CITY,OR","CONUS","3","true","true","44.35793778","-118.5760531"
"01130000","GRUN3","USGS","UPPER AMMONOOSUC RIVER NEAR GROVETON, NH","CONUS","3","true","true","44.62505316","-71.4689721"
"01134500","VICV1","USGS","MOOSE RIVER AT VICTORY, VT","CONUS","3","true","true","44.5117231","-71.8373143"
"01135300","STJV1","USGS","SLEEPERS RIVER (SITE W-5) NEAR ST. JOHNSBURY, VT","CONUS","3","true","true","44.4353353","-72.03842899"
"01142500","RANV1","USGS","AYERS BROOK AT RANDOLPH, VT","CONUS","3","true","true","43.93450969","-72.6578821"
"01144000","WEHV1","USGS","WHITE RIVER AT WEST HARTFORD, VT","CONUS","3","true","true","43.71423614","-72.418149"
"01135500","PASV1","USGS","PASSUMPSIC RIVER AT PASSUMPSIC, VT","CONUS","3","true","true","44.3656147","-72.0392613"
"10172870","TCCU1","USGS","TROUT CREEK NEAR CALLAO, UT","CONUS","3","true","true","39.74410784","-113.8899945"
"10205030","SAYU1","USGS","SALINA CREEK NEAR EMERY, UT","CONUS","3","true","true","38.9119141","-111.5304654"
"10234500","BEVU1","USGS","BEAVER RIVER NEAR BEAVER, UT","CONUS","3","true","true","38.2798","-112.568286"
"05387440","BLFI4","USGS","Upper Iowa River at Bluffton, IA","CONUS","3","true","true","43.40691316","-91.8990464"
"05389000","YRII4","USGS","Yellow River near Ion, IA","CONUS","3","true","true","43.11191667","-91.2651389"
"05393500","TRIW3","USGS","SPIRIT RIVER AT SPIRIT FALLS, WI","CONUS","3","true","true","45.44916667","-89.9791667"
"05399500","","USGS","BIG EAU PLEINE RIVER AT STRATFORD, WI","CONUS","3","true","true","44.8219098","-90.0795754"
"05431486","","USGS","TURTLE CREEK AT CARVERS ROCK ROAD NEAR CLINTON, WI","CONUS","3","true","true","42.5972222","-88.8291667"
"05444000","PENI2","USGS","ELKHORN CREEK NEAR PENROSE, IL","CONUS","3","true","true","41.90275","-89.6963889"
"05447500","GENI2","USGS","GREEN RIVER NEAR GENESEO, IL","CONUS","3","true","true","41.4889333","-90.1580083"
"10173450","MACU1","USGS","MAMMOTH CREEK ABV WEST HATCH DITCH, NEAR HATCH, UT","CONUS","3","true","true","37.6227572","-112.5168773"
"10308200","CEMC1","USGS","E FK CARSON RV BLW MARKLEEVILLE CK NR MARKLEEVILLE","CONUS","3","true","true","38.7146274","-119.7648985"
"10308794","BBMC1","USGS","BRYANT C BL MOUNTAINEER C NR MARKLEEVILLE CA","CONUS","3","true","true","38.73573925","-119.6454497"
"10310000","WOOC1","USGS","W FK CARSON RV AT WOODFORDS, CA","CONUS","3","true","true","38.76962765","-119.833789"
"10310500","CLRN2","USGS","CLEAR CK NR CARSON CITY, NV","CONUS","3","true","true","39.11324216","-119.7982365"